Keyword,Title,Description,Original Link,Link,Publication Date
이재명,李 정부 2년차 국감 시작...여야 '전방위' 충돌 예고,"이재명 정부 출범 이후 국정 운영 전반이 감사대에 오른다. 여당인 더불어민주당은 이재명 정부의 성과와 전임 정부의 실패를 부각하고, 국민의힘은 부동산 등 국정 전반을 겨냥해 총공세에 나설 것으로 전망된다.... ",https://www.fnnews.com/news/202610040821555585,https://n.news.naver.com/mnews/article/014/0005584620?sid=100,"Sun, 04 Oct 2026 08:48:00 +0900"
이재명,이 대통령을 누구보다 뜨겁게 지지했던 조국혁신당... 그런데 분위기가...,이재명 대통령 국정운영을 바라보는 조국혁신당 지지층의 시선이 올해 들어 눈에 띄게 차가워지고 있다.... 혁신당 내부에서는 민주당이 '뉴이재명'을 내세워 외연 확장에 나서는 과정에서 개혁 성향 지지층과의... ,https://www.wikitree.co.kr/articles/1163823,https://www.wikitree.co.kr/articles/1163823,"Sun, 04 Oct 2026 08:46:00 +0900"
이재명,[N위크] 재경부·기획처·금융위 국정감사…3대 메가·은행 해킹·세제 ...,"이재명 정부의 눈부신 정책 성과를 부각시키겠다는 여당과, 민생·안보 문제 등을 정부 실정으로 몰아가려는 야당이 뜨거운 공방을 벌일 것으로 전망된다. 한국은행의 외환보유액 현황과 경상수지가 흑자 흐름을... ",https://www.tfmedia.co.kr/news/article.html?no=207701,https://www.tfmedia.co.kr/news/article.html?no=207701,"Sun, 04 Oct 2026 08:46:00 +0900"
이재명,반도체 호황의 착시...'AI 고부가' 웃지만 범용·전자 업종은 '그늘',"이재명 대통령(가운데)이 지난 9월 열린 K-제조업 현장 방문에 반도체 부품을 살펴보고 있다. 이재명 대통령 왼쪽은 배경훈 부총리 겸 과기정통부 장관, 오른쪽은 김정관 산업통상부 장관 [사진: 대통령실] 반도체 수출이... ",https://www.digitaltoday.co.kr/news/articleView.html?idxno=704780,https://www.digitaltoday.co.kr/news/articleView.html?idxno=704780,"Sun, 04 Oct 2026 08:34:00 +0900"
이재명,우크라 전쟁영웅 장교 “한국 대통령 젤렌스키 위협할 위치 아냐”,우크라이나 전쟁 영웅으로 꼽히는 전직 장교가 2일(현지시간) 이재명 대통령을 겨냥해 “한국의 대통령은 볼로디미르 젤렌스키 우크라이나 대통령을 위협할 처지가 아니”라고 주장했다. 우크라이나군 특수부대 아조우... ,https://www.donga.com/news/Inter/article/all/20261004/134781059/1,https://n.news.naver.com/mnews/article/020/0003752557?sid=104,"Sun, 04 Oct 2026 08:34:00 +0900"
이재명,"나경원, 이재명 정부 농지 전수조사 비판…&quot;국가가 거대 지주 되는 신소...",국민의힘 나경원 의원/ 페이스북 국민의힘 나경원 의원이 4일 이재명 정부의 농지 전수조사를 강하게... 나 의원은 이날 페이스북을 통해 &quot;전국 농촌을 휩쓸고 있는 이재명 정부의 농지 전수조사는 국가가 거대 지주로... ,http://www.newstown.co.kr/news/articleView.html?idxno=717617,http://www.newstown.co.kr/news/articleView.html?idxno=717617,"Sun, 04 Oct 2026 08:33:00 +0900"
이재명,한동훈 &quot;대한민국 역사상 유례를 찾아볼 수 없는 초유의 일&quot;,"한다&quot;며 &quot;그런데 이재명 정권과 민주당은 '이 사람 우리 편이야, 아니야'만을 공개적으로 떠들고 싸운다&quot;고... 한 의원은 &quot;이재명 정권과 민주당은 국민을, 대한민국을 우습게 본다&quot;며 &quot;보수를 재건해서 바로잡아야 한다.... ",https://www.wikitree.co.kr/articles/1163817,https://www.wikitree.co.kr/articles/1163817,"Sun, 04 Oct 2026 08:30:00 +0900"
이재명,"“정책 방패 든 與, 실정 창 꺼낸 野”...막 오르는 李정부 2년차 국감",이재명 정부 2년 차 국정감사가 6일부터 시작된다. 이달 말까지 진행되는 이번 국감을 통해 더불어민주당은 이재명 정부의 국정과제 성과를 부각하는 동시에 전임 정부의 정책 실패와 후유증을 파고들 계획이다. 반면... ,https://www.sedaily.com/article/20097974?ref=naver,https://n.news.naver.com/mnews/article/011/0004668061?sid=100,"Sun, 04 Oct 2026 08:27:00 +0900"
이재명,"우크라 전쟁영웅 &quot;李, 누구 위협할 처지 아냐… 우리가 韓 진짜 동맹&quot;",우크라이나 전쟁 영웅으로 꼽히는 전직 장교가 2일(현지시간) 이재명 대통령을 겨냥해 볼로디미르 젤렌스키 우크라이나 대통령을 위협할 처지가 아니라고 주장했다. 우크라이나군 특수부대 아조우 여단의 참모장을 지낸... ,https://www.hankookilbo.com/news/article/A2026100408200003810?did=NA,https://n.news.naver.com/mnews/article/469/0000957552?sid=104,"Sun, 04 Oct 2026 08:27:00 +0900"
이재명,美엔 2마리 더·韓은 협의·日은 제로…中판다외교,올해 1월 이재명 대통령이 한중 정상회담에서 시진핑 중국 국가주석에게 판다 한 쌍을 대여해달라고 제안한 뒤 도입 협의가 진행 중입니다. 이런 가운데 에버랜드의 마스코트였던 푸바오 동생인 루이바오와 후이바오가... ,https://biz.sbs.co.kr/article_hub/20000338104?division=NAVER,https://n.news.naver.com/mnews/article/374/0000536210?sid=104,"Sun, 04 Oct 2026 08:10:00 +0900"
이재명,'지뢰폭발 오리발' 김정은 일가 미사일 발사 참관..김주애 동행,김정은 정권은 대화를 제의한 이재명 대통령과 통일부에 대해 조롱과 함께 군사도발을 이어가고 있다. 김정은 북한 노동당 총비서는 지난 3일 진행된 중거리 전략 미사일 발사훈련을 직접 참관했다. 북한 노동당 기관지... ,https://www.fnnews.com/news/202610040753332165,https://n.news.naver.com/mnews/article/014/0005584616?sid=100,"Sun, 04 Oct 2026 08:01:00 +0900"
이재명,수장 ‘공석’에 직무대행 일상화…“흔들리는 정치 중립성”[안현덕의...,이재명 대통령이 김지용 중대범죄수사청장 후보자에 대한 인사청문요청안을 재가하면서 인선 절차가 본격화되고 있습니다. 하지만 인사청문요청안 제출이 늦춰지면서 중대범죄수사청(중수청)은 ‘수장’ 공석 상태에서... ,https://www.sedaily.com/article/20097926?ref=naver,https://n.news.naver.com/mnews/article/011/0004668060?sid=102,"Sun, 04 Oct 2026 08:01:00 +0900"
이재명,"한미, 핵잠 협력·전작권 전환 속도 낸다…11월 APEC 주목받는 이유","뉴욕서 30분간 '깜짝' 정상회담…李, 안보 현안 고위급 협의 제안 트럼프-김정은 회동 가능성도…&quot;만남 이상의 성과 내기 어려울 것&quot; 이재명 대통령과 도널드 트럼프 미국 대통령이 9월22일(현지시간) 미국 뉴욕에서... ",https://www.sisajournal.com/news/articleView.html?idxno=388817,https://n.news.naver.com/mnews/article/586/0000139393?sid=104,"Sun, 04 Oct 2026 08:00:00 +0900"
이재명,조희대 '증인' 나올까…국감 최대 쟁점 '대법관 재제청' 6일 포문,더불어민주당 등 여권은 지난해 5월 1일 대법원 전원합의체가 이재명 대통령의 공직선거법 위반 혐의 상고심을 유죄 취지로 파기한 데 따른 경위를 따져 묻겠다며 그를 증인으로 채택한 바 있다. 당시 조 대법원장은... ,https://www.newsis.com/view/NISX20261002_0003813298,https://n.news.naver.com/mnews/article/003/0014232421?sid=102,"Sun, 04 Oct 2026 08:00:00 +0900"
이재명,국민의힘 서울 도심에서 대규모 장외 집회.... 1년만에 장외로,이재명 정부를 비판하고 정권 퇴진을 외치는 한편 이재명 대통령 공소취소 논란을 언급하며 강한 공세에 나섰다. 국민의힘이 대규모 장외 집회를 가진 것은 지난 9월 이후 약 1년만이다. 국민의힘은 이날 오후 3시께 서울... ,https://monthly.chosun.com/news/articleView.html?idxno=71583,https://monthly.chosun.com/news/articleView.html?idxno=71583,"Sun, 04 Oct 2026 07:58:00 +0900"
이재명,李대통령 반박에도 與강경파 '김지용' 반대…내부 갈등 커지나,이재명 대통령이 김 후보자를 '친윤(친윤석열) 검사'라고 규정한 여권 강경파의 비판을 직접 반박하며 국회에 인사청문요청안을 보냈지만 여권 내 강경파는 여전히 임명에 회의적인 목소리를 내고 있기 때문입니다. 4일... ,https://www.ikbc.co.kr/article/view/kbc202610040005,https://n.news.naver.com/mnews/article/660/0000118390?sid=100,"Sun, 04 Oct 2026 07:37:00 +0900"
이재명,"핵 고도화-제재 맞교환, 구슬 꿸 참모가 필요해",“무엇보다 가장 핵심적인 과제는 한반도의 오래된 전쟁을 종식하고 평화 체제를 구축하는 일이다.” 이재명 대통령은 2026년 9월22일 제81차 유엔 총회 기조연설에서 이렇게 말했다. 서부전선 지뢰 폭발 사고는 우리가... ,https://h21.hani.co.kr/arti/world/world_general/59997.html,https://n.news.naver.com/mnews/article/036/0000054269?sid=104,"Sun, 04 Oct 2026 07:36:00 +0900"
이재명,김지용 청문절차 내홍 기로....李대통령 '쉴드'에도 여권내 회의론,"이재명 대통령이 김 후보자를 '친윤(친윤석열) 검사'라고 규정한 여권 강경파의 비판을 직접 반박하며 국회에 인사청문요청안을 보내면서 사실상 임명 수순에 들어갔지만, 여권 내 강경파는 여전히 임명에 회의적인... ",https://www.slist.kr/news/articleView.html?idxno=770879,https://www.slist.kr/news/articleView.html?idxno=770879,"Sun, 04 Oct 2026 07:32:00 +0900"
이재명,[동그라미 만평] 바람이 분다,"이재명 정부가 출범 이후 복합적인 위기를 맞고 있다. 북한의 태도는 여전히 거칠다. 김여정이 이재명 대통령의 대화 제안을 '광대극'이라고 조롱한 다음 날, 북한은 탄도미사일을 발사했다. 대화의 손을 내민 정부로서는... ",https://www.goodmorningcc.com/news/articleView.html?idxno=453419,https://www.goodmorningcc.com/news/articleView.html?idxno=453419,"Sun, 04 Oct 2026 07:30:00 +0900"
이재명,'2년차' 李정부 국감 개막…'민생 우선' vs '실정 검증' 충돌예고,이재명 정부 2년 차 국정감사가 6일 막이 오른다. 정보·운영위 등 겸임 상임위 일정까지 포함해 이달 말까지 진행되는 이번 국감은 지난해와 달리 이재명 정부의 국정 운영 1년이 대상이다. 1년 전 이재명 정부 첫 국감에서... ,https://www.slist.kr/news/articleView.html?idxno=770878,https://www.slist.kr/news/articleView.html?idxno=770878,"Sun, 04 Oct 2026 07:28:00 +0900"
이재명,"&quot;이재명 정부 2년 차 국감 막 오른다&quot;…여야, 총력전 예고",이재명 정부 2년 차 국정감사가 오는 6일 막이 오른다. 정보·운영위 등 겸임 상임위 일정까지 포함해 이달 말까지 진행되는 이번 국감은 지난해와 달리 이재명 정부의 국정 운영 1년이 대상이다. 1년 전 이재명 정부 첫... ,https://www.jnilbo.com/news/articleView.html?idxno=90000070759,https://www.jnilbo.com/news/articleView.html?idxno=90000070759,"Sun, 04 Oct 2026 07:25:00 +0900"
이재명,[북한 주간브리핑 9.27~10.3] 탄도미사일 발사·DMZ 지뢰 공방…유엔서 ...,김여정은 10월 2일 다시 담화를 내 이재명 대통령의 국군의날 군사적 긴장완화 발언을 비난했다. 그는... 김여정은 10월 2일 다시 담화를 내 이재명 대통령의 국군의날 군사적 긴장완화 발언을 비난했다. 그는 한국과... ,http://kor.theasian.asia/archives/417209,http://kor.theasian.asia/archives/417209,"Sun, 04 Oct 2026 07:24:00 +0900"
이재명,국감 앞두고 잠잠해진 국힘 내홍…싸움 명분 줄면서 '잠복 모드',"이후 비무장지대(DMZ) 지뢰 폭발 사고와 이재명 대통령의 국군의 날 메시지, 검찰청 폐지로 공세가... 국민의힘은 전날(3일) 서울 숭례문 일대 대규모 장외집회에 이어 오는 6일부터 이재명 정부를 상대로 한 사실상 첫... ",https://www.news1.kr/politics/assembly/6309400,https://n.news.naver.com/mnews/article/421/0009208606?sid=100,"Sun, 04 Oct 2026 07:15:00 +0900"
이재명,국민의힘 장외집회 “경제도 안보도 지옥”…김민석 “총선 주전장은 낙...,"열고, 이재명 정부를 규탄했습니다. 야당 장외집회를 장동혁 대표 세 과시일 뿐이라고 일축한 민주당은 김민석 대표가 부산에서 청년들을 만났습니다. 이원희 기자가 보도합니다. [리포트] [&quot;이재명을 응징하자! (응징하자!... ",https://news.kbs.co.kr/news/pc/view/view.do?ncd=8677321&ref=A,https://n.news.naver.com/mnews/article/056/0012267562?sid=100,"Sun, 04 Oct 2026 07:07:00 +0900"
이재명,막말하고 미사일‥지뢰 책임 덮고 '통미봉남'?,"또 군사적 긴장을 낮추기 위한 실질적 조치를 강조한 이재명 대통령에 대해서는 &quot;혼자 보기 아까운 광대극의 절정&quot;이라며 거칠게 비난했고, 정동영 통일부 장관의 대화 제의는 &quot;망상이자 넋두리&quot;라며 일축했습니다. MBC뉴스... ",https://imnews.imbc.com/replay/2026/nwtoday/article/6855643_37012.html,https://n.news.naver.com/mnews/article/214/0001527093?sid=100,"Sun, 04 Oct 2026 07:06:00 +0900"
이재명,예방에서 해결·치유까지…전문가가 그린 ‘사회안전망’ [예방국가: 위...,김태완 선임연구위원은 이재명 정부가 제시한 ‘기본사회 구현’ 비전과 연계해 사회보장제도의 최저·적정 수준과 정책영역을 구체화한 로드맵 마련을 주문했다. 아울러 지방정부가 안정적 재원을 바탕으로... ,https://www.kyeonggi.com/article/20260930580411,https://n.news.naver.com/mnews/article/666/0000125982?sid=101,"Sun, 04 Oct 2026 07:02:00 +0900"
이재명,송영길·김병주 특보로 부른 李…외교안보라인 보강 나선 이유는,"이재명 대통령이 평화외교특보와 국방정책특보를 신설하며 외교·안보 보좌진을 보강했다. 외교 인맥과 군 전문성을 갖춘 여당 의원들을 기용해 분야별 자문을 강화하고, 당청 간 소통도 보완하려는 인선으로 풀이된다. 4일... ",https://www.dailian.co.kr/news/view/1697677/?sc=Naver,https://n.news.naver.com/mnews/article/119/0003139312?sid=100,"Sun, 04 Oct 2026 07:00:00 +0900"
이재명,李정부 2년차 국감 개막…'민생 우선' vs '실정 검증' 충돌예고,기자 = 이재명 정부 2년 차 국정감사가 6일 막이 오른다. 정보·운영위 등 겸임 상임위 일정까지 포함해 이달 말까지 진행되는 이번 국감은 지난해와 달리 이재명 정부의 국정 운영 1년이 대상이다. 1년 전 이재명 정부 첫... ,https://www.yna.co.kr/view/AKR20261003045000001?input=1195m,https://n.news.naver.com/mnews/article/001/0016356229?sid=100,"Sun, 04 Oct 2026 07:00:00 +0900"
이재명,"[데스크 칼럼] 정상혁 신한은행장 발 빠른 사과, 칭찬받아 마땅하지만....","공교롭게도 하루 전 이재명 대통령은 '개인정보 보호의 날'을 맞아 개인정보 유출 사고에 대한 강력한 과징금과 형사처벌, 집단소송을 통한 민사배상 등을 언급했다. 금융회사와 기업을 향해 개인정보 보호를 위한 인력과... ",https://www.financialpost.co.kr/news/articleView.html?idxno=278616,https://www.financialpost.co.kr/news/articleView.html?idxno=278616,"Sun, 04 Oct 2026 07:00:00 +0900"
이재명,보금자리론 '결혼 페널티' 없앴지만…수도권 신혼부부엔 '그림의 떡',"이와 관련, 이재명 대통령은 지난달 29일 엑스(X·옛 트위터)에 &quot;대표적인 '결혼 페널티'로 꼽혔던 불합리한 대출 정책이 이제 바로 잡혔다&quot;고 높이 평가했다. 정책 수혜자인 신혼부부들 입장에서도 '결혼 페널티'가... ",https://www.news1.kr/finance/general-finance/6309318,https://n.news.naver.com/mnews/article/421/0009208595?sid=101,"Sun, 04 Oct 2026 07:00:00 +0900"
정상순방,"WSJ &quot;中, 시진핑 휴식 위해 백악관 별실 요청&quot;…방미 일정 5시간 비었다",각국 정상들이 참석한 갈라 만찬에 나오지 않았다. WSJ은 당시 시 주석이 몸이 좋지 않아 만찬에 참석하지 않았다고 소식통들을 인용해 보도했다. 시 주석의 건강을 둘러싼 추측은 과거에도 제기됐다. 2019년 유럽 순방 당시... ,https://www.newsis.com/view/NISX20261003_0003813675,https://n.news.naver.com/mnews/article/003/0014232094?sid=104,"Sat, 03 Oct 2026 19:34:00 +0900"
정상순방,"[데일리안 오늘뉴스 종합] 남자골프 16년만에 금메달, 김상환 헌재소장...","결국 정상에 섰다. 시차와 강행군을 이겨내고 아시안게임 마지막 날까지 집중력을 유지한 김주형은 16년... 멕시코 순방을 마치고 귀국 후 만찬회동을 한 것&quot;이라고 설명했다. ▲김상환 헌재소장, 스페인 출장 동행... ",https://www.dailian.co.kr/news/view/1697696/?sc=Naver,https://n.news.naver.com/mnews/article/119/0003139283?sid=100,"Sat, 03 Oct 2026 17:49:00 +0900"
정상순방,시진핑 건강이상설 다시 고개… WSJ &quot;美방문 때 5시간 휴식 공백&quot;,앞서 인도에서 열린 브릭스(BRICS) 정상회의에서도 시 주석이 몸 상태를 이유로 만찬에 불참했다는 보도가... 2019년 유럽 순방 당시에도 걸음걸이 등을 근거로 건강 이상설이 제기됐지만 이후에도 6년 넘게 중국... ,https://www.newscj.com/news/articleView.html?idxno=3437649,https://www.newscj.com/news/articleView.html?idxno=3437649,"Sat, 03 Oct 2026 17:42:00 +0900"
정상순방,멕시코 관세장벽 낮춘다…한·멕 무역협정으로 돌파구 찾나,"양국은 무역협정을 체결했을 때 발생하는 잠재적 이익과 파급 효과를 분석하기로 합의했으며, 이번 정상순방 기간 설치하기로한 공동위원회 및 실무그룹을 통해 구체적인 협력방안을 논의해 나간다는 계획이다.... ",https://www.newsis.com/view/NISX20260928_0003805095,https://n.news.naver.com/mnews/article/003/0014231665?sid=101,"Sat, 03 Oct 2026 13:00:00 +0900"
정상순방,"시진핑 '건강이상설' 다시 주목…中, 정상회담 때 이례적 휴식시간 요청",지난달 24일 미중 정상회담을 전후해 제기됐던 시 주석의 신체 상태에 다시 관심이 쏠리고 있다. 2일(현지... 2019년 유럽 순방 당시 시 주석이 다리를 다소 절고 의자 팔걸이를 이용해 몸을 지탱하는 듯한 모습이 영상에... ,https://www.newsis.com/view/NISX20261003_0003813453,https://n.news.naver.com/mnews/article/003/0014231593?sid=104,"Sat, 03 Oct 2026 11:41:00 +0900"
정상순방,[미디어 이슈] 이재명 지지율 일부 반등에도 약세 여전… 10개 여론조사...,리얼미터는 대국민 기자회견에 이은 유엔총회·한미정상회담 등 순방 외교와 인적 쇄신 움직임 등이 영향을 미친 것으로 분석했다. 그러나 이 같은 반등이 조사 전반으로 이어진 것은 아니다. 가장 최근 NBS에서는... ,https://www.mediawatch.kr/news/article.html?no=261264,https://www.mediawatch.kr/news/article.html?no=261264,"Fri, 02 Oct 2026 22:52:00 +0900"
정상순방,"이진숙, 李 대통령 해외순방 '여행 유튜버 꿈' 빗대…비용·성과 공개 요...","지난달 21일부터 27일까지 진행된 미국·멕시코 순방에 대해서도 정부가 발표한 정상회담과 경제·산업 협력, 업무협약(MOU) 등을 실제 성과와 구분해야 한다고 주장했다. 이 의원은 &quot;MOU 체결했다고 투자가 이뤄진 것은... ",https://www.wolyo.co.kr/news/articleView.html?idxno=318613,https://www.wolyo.co.kr/news/articleView.html?idxno=318613,"Fri, 02 Oct 2026 18:32:00 +0900"
정상순방,"[여론조사] '30% 박스권' 갇힌 이 대통령, 돌파구는 있나?","리얼미터는 &quot;대국민 기자회견을 통한 소통 행보와 유엔총회·한미정상회담 등 순방 외교가 긍정적으로 작용했고, 김승원 법무부 장관 후보자의 자진 사퇴와 강훈식 대통령비서실장의 사의 표명 등 인적 쇄신 의지도... ",https://www.ilyoseoul.co.kr/news/articleView.html?idxno=523300,https://www.ilyoseoul.co.kr/news/articleView.html?idxno=523300,"Fri, 02 Oct 2026 17:48:00 +0900"
정상순방,정상회담 중 두차례 대면보고 … 잠정합의에 제동 건 李대통령,9월 초 이재명 대통령의 프랑스 순방에 동행한 김 장관이 일정을 마치고 한국으로 바로 귀국하지 않았던 건... 대통령이 한·중앙아시아 정상회의를 주관하는 장소였다. 청와대는 정상회의가 끝나는 4시께 호텔에서 상세... ,https://www.mk.co.kr/article/12167375,https://n.news.naver.com/mnews/article/009/0005743355?sid=110,"Fri, 02 Oct 2026 17:21:00 +0900"
정상순방,“나를 거짓말쟁이로 만들고…” 분노 폭발한 이재명 대통령이 방금 올...,"한국 정부가 외부에 알리지 않고 있던 송환 사실이 각국 정상이 모인 국제무대에서 우크라이나 정상의 입을... 이 대통령이 5박 7일 일정의 미국·멕시코 순방을 마치고 귀국한 지난달 27일, 청와대는 귀국 직후 성기홍... ",https://www.wikitree.co.kr/articles/1163528,https://www.wikitree.co.kr/articles/1163528,"Fri, 02 Oct 2026 12:36:00 +0900"
국회,李 정부 2년차 국감 시작...여야 '전방위' 충돌 예고,이번 국감에서 여야가 치열하게 맞붙을 전장은 국회 법제사법위원회가 꼽힌다. 조희대 대법원장의 대법관... 국회 산업통상자원중소벤처기업위원회에서 야당은 이재용 삼성전자 회장과 최태원 SK그룹 회장 등을 증인으로... ,https://www.fnnews.com/news/202610040821555585,https://n.news.naver.com/mnews/article/014/0005584620?sid=100,"Sun, 04 Oct 2026 08:48:00 +0900"
국회,[N위크] 재경부·기획처·금융위 국정감사…3대 메가·은행 해킹·세제 ...,"코스피 6500~7500 전망  다음주 국회 17개 상임위원회 별로 국정감사 일정이 시작된다. 이재명 정부의 눈부신... 재정경제부는 6일, 기획예산처는 8일 국회 재정경제기획위원회의 국정감사를 받는다. 호남 반도체 클러스터... ",https://www.tfmedia.co.kr/news/article.html?no=207701,https://www.tfmedia.co.kr/news/article.html?no=207701,"Sun, 04 Oct 2026 08:46:00 +0900"
국회,이 대통령을 누구보다 뜨겁게 지지했던 조국혁신당... 그런데 분위기가...,조국 혁신당 혁신정책연구원장이 경기 평택을 국회의원 재선거에 출마하자 민주당은 김용남 전 의원을 공천했다. 김 전 의원은 국민의힘 소속이던 시절 조 원장을 비판했던 인물이다. 혁신당 안에서는 민주당이... ,https://www.wikitree.co.kr/articles/1163823,https://www.wikitree.co.kr/articles/1163823,"Sun, 04 Oct 2026 08:46:00 +0900"
국회,[초점] 5대 은행 모두 해킹당했다…국감 앞 '보안 구멍' 책임론,"책임이 국회 도마에 오를 전망이다. 최근 5대 시중은행을 대상으로 한 해킹 공격이 잇따르면서 금융권... 국회 정무위원회는 오는 8일 금융위원회, 19일 금융감독원을 대상으로 국정감사를 진행한다. 국회에서는 개별... ",http://www.newsian.co.kr/news/articleView.html?idxno=96496,http://www.newsian.co.kr/news/articleView.html?idxno=96496,"Sun, 04 Oct 2026 08:46:00 +0900"
국회,"정부, 석유 최고가 손실보전 ‘100원 당 1.5조’ 책정",4일 국회 산업통상자원중소벤처기업위원회 소속 국민의힘 조지연 의원이 산업부로부터 제출받은 자료에... 한다는 국회예산정책처의 의견으로 1조5000억원을 추가 배정했다”고 설명했다. 예비비 편성 시 기준으로... ,http://www.segyebiz.com/newsView/20261004502270?OutUrl=naver,http://www.segyebiz.com/newsView/20261004502270?OutUrl=naver,"Sun, 04 Oct 2026 08:46:00 +0900"
국회,83%가 위장전입…민간아파트 부정청약 5년간 1699건 적발,4일 국회 국토교통위원회 소속 국민의힘 유상범 의원이 국토교통부로부터 제출받은 ‘민간 분양 사업장 현장점검 결과 위반사항 적발 및 조치 실적’에 따르면 2021년부터 지난해 6월까지 전국 350개 민간분양... ,http://www.kookje.co.kr/news2011/asp/newsbody.asp?code=0200&key=20261004.99099000639,https://n.news.naver.com/mnews/article/658/0000157381?sid=101,"Sun, 04 Oct 2026 08:41:00 +0900"
국회,"국민연금, 코스닥 100조 담을 때…공무원·사학·군인연금은 ‘뒷걸음’","4일 국회 정무위원회 소속 더불어민주당 박민규 의원이 국민연금공단 등 4대 공적연금 기관에서 제출받은 자료에 따르면, 지난해 말 기준 국민연금의 코스닥 투자액은 106조2164억원으로 집계됐다. 이에 따라... ",http://www.segyebiz.com/newsView/20261004502230?OutUrl=naver,http://www.segyebiz.com/newsView/20261004502230?OutUrl=naver,"Sun, 04 Oct 2026 08:38:00 +0900"
국회,청약 가점의 그늘…민간아파트 부정적발 &quot;5년간 1천700건 육박&quot;,4일 국회 국토교통위원회 소속 국민의힘 유상범 의원이 국토교통부로부터 확보한 '민간 분양 사업장 현장점검 결과 위반사항 적발 및 조치 실적' 자료에 따르면 지난 2021년부터 작년 6월까지 전국 350개 민간분양 단지... ,https://www.youthdaily.co.kr/news/article.html?no=227927,https://www.youthdaily.co.kr/news/article.html?no=227927,"Sun, 04 Oct 2026 08:36:00 +0900"
국회,"'인간극장' 바리톤 이대범, 뇌경색 딛고 다시 무대로...삶이 그대를 속...","지난해 산불로 피해를 입은 청도 주민들을 위한 음악회에 참여했고, 국회 의원회관에서 열린 다문화 학생 관련 행사에서도 오프닝 공연을 맡았다. 기획사를 세운 뒤에는 직접 기획한 공연도 마련했다. 화려했던 오페라... ",https://www.nc.press/news/articleView.html?idxno=627806,https://www.nc.press/news/articleView.html?idxno=627806,"Sun, 04 Oct 2026 08:35:00 +0900"
국회,&quot;국내 펫푸드 시장 2.5조 규모…수입산 점유율 통계는 '없음'&quot;,4일 국회 농림축산식품해양수산위원회 소속 국민의힘 김선교 의원이 농림축산식품부에서 제출받은 자료에 따르면 국내 펫푸드 시장은 2020년 10억6천480만달러에서 지난해 17억8천300만달러로 5년 새 67.4% 증가한... ,https://www.yna.co.kr/view/AKR20261004008400030?input=1195m,https://n.news.naver.com/mnews/article/001/0016356297?sid=101,"Sun, 04 Oct 2026 08:32:00 +0900"
국회,&quot;지방 국립대병원 10년 내 30% 고령화&quot;…의료 공백 우려,4일 국회 보건복지위원회 소속 더불어민주당 허종식 의원이 전국 국립대병원 본원 및 분원 16곳으로부터 지역의사제가 시행되는 2027년부터 10년간의 중증 전문인력 현황을 분석한 결과 이 같이 나타났다.... ,https://www.jnilbo.com/news/articleView.html?idxno=90000070765,https://www.jnilbo.com/news/articleView.html?idxno=90000070765,"Sun, 04 Oct 2026 08:31:00 +0900"
국회,[굿모닝! 이 법안] 중견기업 졸업유예제도 도입법 대기 중⋯&quot;기업 성장...,국회는 입법 기관으로서 항상 바쁜 곳이다. 늘 그렇듯 국회의 1주일은 수많은 법안이 발의된다. 한 주간 입법 동향을 되짚어보고 향후 경제 및 사회에 미칠 영향을 예상해본다. [편집자주] ◆ 물가감시센터 법적 근거 마련법... ,https://www.goodkyung.com/news/articleView.html?idxno=292022,https://www.goodkyung.com/news/articleView.html?idxno=292022,"Sun, 04 Oct 2026 08:30:00 +0900"
국회,한동훈 &quot;대한민국 역사상 유례를 찾아볼 수 없는 초유의 일&quot;,임명 제청 20여일 만에 국회 인사청문 절차가 시작된 것이다.이 대통령은 강경파의 비판에 연일 직접... 인사청문회를 진행할 국회 행정안전위원회 소속 의원들도 날을 세웠다. 박주민 민주당 의원은 라디오 방송에서... ,https://www.wikitree.co.kr/articles/1163817,https://www.wikitree.co.kr/articles/1163817,"Sun, 04 Oct 2026 08:30:00 +0900"
국회,민간 아파트 '꼼수' 청약 5년새 1600건 돌파,4일 국회 국토교통위원회 소속 국민의힘 유상범 의원이 국토교통부로부터 제출받은 '민간 분양 사업장 현장점검 결과 위반사항 적발 및 조치 실적'에 따르면 지난 2021년부터 작년 6월까지 전국 350개 민간분양 단지... ,https://www.fnnews.com/news/202610040803103496,https://n.news.naver.com/mnews/article/014/0005584618?sid=101,"Sun, 04 Oct 2026 08:27:00 +0900"
국회,"“정책 방패 든 與, 실정 창 꺼낸 野”...막 오르는 李정부 2년차 국감",전장으로는 국회 법제사법위원회가 꼽힌다. 법사위 국감에서는 조희대 대법원장의 대법관 후보자 재제청... 국회 산업통상자원중소벤처기업위원회에서 야당은 호남 반도체 메가 클러스터 조성과 관련해 이재용 삼성전자... ,https://www.sedaily.com/article/20097974?ref=naver,https://n.news.naver.com/mnews/article/011/0004668061?sid=100,"Sun, 04 Oct 2026 08:27:00 +0900"
국회,“싸게 보려다가…” 유튜브 계정공유업체 서비스 일방 중단 속출,이에 최근 국회에서는 유튜브나 넷플릭스 등 온라인동영상서비스(OTT)·플랫폼 요금 인상 시 산정 근거를 정부에 제출하는 개정안이 발의되기도 했다. 이연화 서울시 공정경제과장은 “TV 등 기존 미디어를 대체하는... ,https://biz.heraldcorp.com/article/10892680?ref=naver,https://n.news.naver.com/mnews/article/016/0002705260?sid=102,"Sun, 04 Oct 2026 08:26:00 +0900"
국회,"검찰청 폐지, 중수청 시대 개막… 사진으로 돌아보는 한 주의 기록 [한컷...",서울 국회 본청에서 열린 국방위원회의 서부전선 비무장지대(DMZ) 지뢰 폭발 사고 현안 질의에 참석해 의원들의 질의에 답변하고 있다. 허정호 선임기자 권대원 합동참모본부 차장은 29일 국회 국방위원회 현안질의에서... ,https://www.segye.com/newsView/20261002504755?OutUrl=naver,https://n.news.naver.com/mnews/article/022/0004163876?sid=102,"Sun, 04 Oct 2026 08:26:00 +0900"
국회,[데스크 칼럼] 적벽의 쇠사슬을 끊은 자는 누구인가,"철옹성 같던 의회 권력의 선전선동에 균열이 가고, 국회를 사유화하며 입법을 무기 삼던 민낯이 하나씩 국민의 심판대 위에 발가벗겨지고 있다. 함께 묶여 타 죽지 않고 살을 찢어내며 판을 깼기에, 비로소 적의 심장을... ",https://www.pennmike.com/news/articleView.html?idxno=128934,https://www.pennmike.com/news/articleView.html?idxno=128934,"Sun, 04 Oct 2026 08:26:00 +0900"
국회,국세청 적발 사업자 차명계좌…NH농협은행 가장 많아,"국회의사당일 국민의힘 강민국 의원이 국세청에서 제출받은 ‘차명계좌 신고 금융회사 내역’에 따르면, 지난해부터 올해 7월까지 신고·적발된 사업자 차명계좌는 28개 금융회사에서 총 3471건으로 집계됐다.... ",http://www.segyebiz.com/newsView/20261004502141?OutUrl=naver,http://www.segyebiz.com/newsView/20261004502141?OutUrl=naver,"Sun, 04 Oct 2026 08:26:00 +0900"
국회,'징역 20년 구형' 추경호 어떻게 될까? 대구시민들 운명도 갈린다,12·3 비상계엄 당시 국회의 계엄 해제 표결을 방해한 혐의로 불구속 기소된 추경호 대구시장에 대한 1심 선고... 앉아 국회가 계엄을 멈춰 세우지 못하도록 동료 의원들의 동선을 교란하는 행동으로 내란 세력을 도왔다&quot;며... ,https://www.news1.kr/local/daegu-gyeongbuk/6309813,https://n.news.naver.com/mnews/article/421/0009208642?sid=102,"Sun, 04 Oct 2026 08:25:00 +0900"
국회,"민간아파트 부정청약 5년간 1,699건 적발…'깜깜이 특혜 분양'도","국회 국토교통위원회 소속 국민의힘 유상범 의원실에 따르면 국토교통부는 지난 2021년부터 지난해 6월까지 전국 350개 민간분양 단지를 점검한 결과 이같이 적발해 수사의뢰 조치했습니다. 이 중 위장전입이 1,380건으로... ",http://www.yonhapnewstv.co.kr/news/AKR20261004082443dhN,https://n.news.naver.com/mnews/article/422/0000912368?sid=101,"Sun, 04 Oct 2026 08:25:00 +0900"
국회,국세청 차명계좌 제보·과세활용 매년 감소…농협 가장 많아,"국회 기획재정위원회 소속 강민국 의원(경남 진주시을)이 국세청으로부터 제출받은 ‘차명계좌 신고 및 적발 현황’ 자료에 따르면, 2020년부터 2026년 7월까지 국세청에 접수된 차명계좌 제보는 총... ",https://www.kukinews.com/article/view/kuk202610040002,https://www.kukinews.com/article/view/kuk202610040002,"Sun, 04 Oct 2026 08:24:00 +0900"
국회,"[현장] 제72회 백제문화제, 1500년 전 백제의 빛 부여·공주 비추다","이날 개막식에는 박수현 충남도지사와 이용우 부여군수, 박정현 대통령직속 지방시대위원회 위원장, 백용달 부여군의회 의장, 윤용근 국회의원, 윤상현 국회의원, 이종관 백제문화재단 대표이사, 김영춘·민병희... ",https://www.newscj.com/news/articleView.html?idxno=3437714,https://www.newscj.com/news/articleView.html?idxno=3437714,"Sun, 04 Oct 2026 08:24:00 +0900"
국회,전국 부정청약 1669건...위장전입이 82.7%,"▲부양가족 가점 노린 위장전입 1380건 4일 국회 국토교통위원회 소속 국민의힘 유상범 의원이 국토교통부에서 제출받은 '민간 분양 사업장 현장점검 결과 위반사항 적발 및 조치 실적'에 따르면, 지난 2021년부터... ",http://www.hansbiz.co.kr/news/articleView.html?idxno=869993,http://www.hansbiz.co.kr/news/articleView.html?idxno=869993,"Sun, 04 Oct 2026 08:20:00 +0900"
국회,"15년 이상 안 팔린 LH 토지 61.6%, 경기·인천 집중… 4777억 규모","4일 국회 국토교통위원회 소속 더불어민주당 정일영 의원이 LH로부터 제출받은 자료에 따르면 올해 7월 기준 LH가 보유한 15년 이상 미매각 토지는 전국 23필지, 7천752억원 규모다. 이 가운데 경기도는 9필지... ",https://www.kyeonggi.com/article/20261004580011,https://n.news.naver.com/mnews/article/666/0000125986?sid=101,"Sun, 04 Oct 2026 08:20:00 +0900"
국회,"'서울 지하철 노선 중 열차 지연 가장 많은 노선' 3위 4호선, 2위 5호선,...",/ 뉴스1 정일영 더불어민주당 의원(국회 국토교통위원회)이 서울교통공사로부터 제출받은 자료에 따르면 2022년부터 지난 8월까지 서울 지하철 1~8호선에서 발생한 5분 이상~20분 미만 열차 지연은 모두 327건이고... ,https://www.wikitree.co.kr/articles/1163816,https://www.wikitree.co.kr/articles/1163816,"Sun, 04 Oct 2026 08:20:00 +0900"
국회,정책자금으로 부동산 임대업…중기부 실태 파악도 못해,4일 국회 산업통상자원중소벤처기업위원회 소속 더불어민주당 권향엽 의원이 중기부와 중기부 산하기관인 중소벤처기업진흥공단으로부터 제출받은 자료에 따르면 지난해 중진공은 '정책자금 목적 외 자금 사용 점검... ,https://www.daejonilbo.com/news/articleView.html?idxno=2304920,https://n.news.naver.com/mnews/article/656/0000188504?sid=102,"Sun, 04 Oct 2026 08:15:00 +0900"
국회,"민형배 시장, 통합 100일 '산업 대전환' 반도체 중심 미래산업 생태계 구...","민 시장을 비롯해 서영학 여수시장, 박성현 광양시장, 지역 국회의원, 산업·경제계 관계자와 시민 등 200여 명이 참석했다. 민 시장은 통합의 의미에 대해서도 행정구역 확대를 넘어 산업 기반을 하나로 연결하는 데 있다고... ",https://www.newsfreezone.co.kr/news/articleView.html?idxno=712260,https://www.newsfreezone.co.kr/news/articleView.html?idxno=712260,"Sun, 04 Oct 2026 08:14:00 +0900"
국회,&quot;민간 아파트 부정청약 1천700건 적발&quot;…위장전입 80%,4일 국회 국토교통위원회 소속 국민의힘 유상범 의원이 국토교통부로부터 제출받은 '민간 분양 사업장 현장점검 결과 위반사항 적발 및 조치 실적'에 따르면 2021년부터 작년 6월까지 전국 350개 민간분양 단지... ,https://www.jnilbo.com/news/articleView.html?idxno=90000070764,https://www.jnilbo.com/news/articleView.html?idxno=90000070764,"Sun, 04 Oct 2026 08:13:00 +0900"
국회,"[코인 슈퍼위크] 발행길 열린 토큰증권, 원장에 갇혔다","4일 김태림 AXIS Law 대표변호사가 국회 실물자산 토큰화(RWA) 세미나 논의를 반영해 작성한 ‘토큰증권에서 RWA로’ 보고서에 따르면, 국내 토큰증권 분산원장 표준요건 가이드라인은 발행 후 다른 분산원장으로 자산을... ",https://www.dailian.co.kr/news/view/1697375/?sc=Naver,https://n.news.naver.com/mnews/article/119/0003139326?sid=101,"Sun, 04 Oct 2026 08:12:00 +0900"
본회의,'징역 20년 구형' 추경호 어떻게 될까? 대구시민들 운명도 갈린다,강수영 변호사(법무법인 맑은뜻)는 &quot;계엄군이 국회 경내에 진입해 계엄 해제가 시급한 상황에서 의원총회를 열려고 했다는 것 자체가 중요하게 봐야 할 대목&quot;이라며 &quot;그런 급박한 상황에서 의원들에 본회의장으로... ,https://www.news1.kr/local/daegu-gyeongbuk/6309813,https://n.news.naver.com/mnews/article/421/0009208642?sid=102,"Sun, 04 Oct 2026 08:25:00 +0900"
본회의,"안산시의회, 29일간 정례회 개회…61건 안건 심사 돌입","안산시의회(의장, 한명훈)가 2일 제306회 제1차 정례회 제1차 본회의를 개최하고 있다. 안산시의회가 제306회 제1차 정례회 제1차 본회의를 시작으로 오는 30일까지 29일간의 정례회 일정을 진행한다. 시의회는 지난 2일... ",https://www.gukjenews.com/news/articleView.html?idxno=3712709,https://www.gukjenews.com/news/articleView.html?idxno=3712709,"Sun, 04 Oct 2026 08:24:00 +0900"
본회의,수장 ‘공석’에 직무대행 일상화…“흔들리는 정치 중립성”[안현덕의...,"인사청문회법 제6조에 따르면 국회의장은 임명동의안 등이 제출되면 즉시 본회의에 보고하고, 소관 위원회에 회부합니다. 또 국회는 임명동의안이 제출된 날부터 20일 이내에 심사 또는 인사청문을 마쳐야 합니다. 초대... ",https://www.sedaily.com/article/20097926?ref=naver,https://n.news.naver.com/mnews/article/011/0004668060?sid=102,"Sun, 04 Oct 2026 08:01:00 +0900"
본회의,"[중화학ON]전기차서 은퇴한 배터리, ESS로 재취업…K배터리 '두 번째 생...","사용후배터리법은 지난 4월 국회 본회의를 통과해 5월26일 공포됐다. 법은 일부 조항을 제외하고 2027년 5월27일부터 시행될 예정이다. 성능평가·안전검사, 배터리 전주기 이력·거래시스템 구축, 재생원료 활용 촉진... ",https://view.asiae.co.kr/article/2026100215402810412,https://n.news.naver.com/mnews/article/277/0005824436?sid=101,"Sun, 04 Oct 2026 08:00:00 +0900"
본회의,12·3 내란군 별들의 오만은 어디서 나왔나,"(각주5) 군인은 헌법과 법령을 준수하며 직무를 수행해야 하고, 국방부는 군인에게 헌법 및 국방 관계 법령에 대한 교육을 해야 한다는 내용의 군인복무기본법 개정안이 2026년 5월 국회 본회의를 통과해 12월10일 시행될... ",https://h21.hani.co.kr/arti/society/society_general/59987.html,https://n.news.naver.com/mnews/article/036/0000054272?sid=102,"Sun, 04 Oct 2026 07:38:00 +0900"
본회의,"조국 도우면 탈당해도 징계, 野 의원은 제명 추진…민주당 '징계 칼날' ...","다만 제명 촉구 결의안은 실제 제명과는 별개의 절차로, 의원에 대한 제명은 국회 윤리위 심사와 본회의 의결 등 별도 절차를 거쳐야 한다. 민주당이 내부 이탈자뿐 아니라 제1야당 현역 의원까지 징계 대상으로 삼으면서... ",https://www.dailian.co.kr/news/view/1697598/?sc=Naver,https://n.news.naver.com/mnews/article/119/0003139320?sid=100,"Sun, 04 Oct 2026 07:30:00 +0900"
본회의,[현장] 오늘은 동물보호의 날… ‘1004 빌리지’ 명예시민증 받아볼까,"이는 지난 1일 국회 본회의를 통과한 동물보호법 개정안을 가리키는 것으로, 동물학대자에 대한 1년 이상 5년 이하 동물사육금지명령 도입, 반려동물 방임 등 사육.관리 의무 위반에 대한 제재 강화, 신종펫숍의 보호소... ",https://www.sportsworldi.com/newsView/20261004501602,https://n.news.naver.com/mnews/article/396/0000757055?sid=103,"Sun, 04 Oct 2026 07:20:00 +0900"
본회의,'세계경주포럼' 8∼9일 개최…경주를 '문화의 다보스'로 키운다,"포럼에는 본회의 1천300명, 분과 포럼 1천600명, 협력프로그램 600명 등 모두 3천500여명이 참석한다. '글로벌... 본회의에서는 '문화가 이끄는 공동번영의 방향과 국제협력 과제'를 논의한다. 개막식과 '공동번영' 실현을 위한... ",https://www.yna.co.kr/view/AKR20261001144900053?input=1195m,https://n.news.naver.com/mnews/article/001/0016356239?sid=102,"Sun, 04 Oct 2026 07:02:00 +0900"
본회의,베일 벗은 2000억 달러 '대미투자'…텍사스 발전소부터 원전·LNG까지 [헤...,올해 3월 대미투자특별법이 국회를 본회의를 통과하고 6월 시행되면서 사업 추진을 위한 국내 제도적 기반도 갖춰졌다. 이후 양국은 9월 말 세부 사업을 조율한 끝에 이번에 첫 프로젝트와 후속 협력 계획을 공개했다.... ,https://www.ddaily.co.kr/page/view/2026100223392844566,https://n.news.naver.com/mnews/article/138/0002243602?sid=101,"Sun, 04 Oct 2026 07:00:00 +0900"
본회의,"中, ASML '액침 DUV' 340대 싹쓸이 비축에 美 '전면 금수' 압박 고조",미 상원 의원들은 지난달 이 법안의 조속한 본회의 통과를 강력히 요구하고 나섰다. 비록 중국 팹들이 이미 340여 대에 달하는 장비를 창고에 쟁여둔 탓에 전면 금수가 단행되더라도 단기적인 양산 타격은... ,https://www.g-enews.com/view.php?ud=2026100318085693400c8c1c064d_1,https://www.g-enews.com/view.php?ud=2026100318085693400c8c1c064d_1,"Sun, 04 Oct 2026 06:36:00 +0900"
본회의,"민주당, ‘김민석 메모’ 논란에 “한동훈은…”",이어 “본회의장에서 수첩을 꺼내 적는 일이 비난의 대상인가”라며 “한동훈 의원이 쓰는 어휘를 모아 보니 군 장성을 똥별이라 했다. 여당 대표의 이빨을 다 뽑겠다 했다. 이제는 찌질이(라고 했다)”고 지적했다.... ,https://www.munhwa.com/article/11621284?ref=naver,https://n.news.naver.com/mnews/article/021/0002822945?sid=100,"Sun, 04 Oct 2026 06:20:00 +0900"
본회의,사망사고 반복 시 과징금 수백억원…건설업계 &quot;경영 압박 커진다&quot;,◆ 1년간 3명 이상 사망 시 과징금…반복 시 등록말소 요청 4일 국회와 고용노동부에 따르면 최근 산업안전보건법 개정안이 국회 본회의를 통과했다. 지난해 9월 정부가 발표한 '노동안전 종합대책'의 후속 입법으로... ,https://www.newspim.com/news/view/20261002001008,https://www.newspim.com/news/view/20261002001008,"Sun, 04 Oct 2026 06:00:00 +0900"
본회의,재경위 &quot;미래기금 재정통제 약해질 수도…재원 지속성 검토해야&quot;,정부는 정기국회 회기 중 관련 법안이 국회 본회의에서 의결되도록 해 연내에 미래기금을 발족한다는 구상이다. 재정 규율과 재정 운영의 효율성 중 어느 쪽에 힘을 실을지를 두고 법안 심사 과정에서 진통이 예상된다.,https://www.yna.co.kr/view/AKR20261003048600002?input=1195m,https://n.news.naver.com/mnews/article/001/0016356169?sid=101,"Sun, 04 Oct 2026 05:45:00 +0900"
본회의,입 열면 국회 뒤흔든다…국민의힘 “매운맛” 공격수 김태규,"이에 대해 김 의원은 1일 국회 본회의 자유발언에서 “민주당이 제 발언을 트집 잡아 징게안까지 내겠다고 한다”며 “영화 암살자(들)로 역사를 왜곡하는 것은 표현의 자유라고 감싸면서, 의원이 의견을 밝힌 것은... ",https://www.joongang.co.kr/article/25466939,https://n.news.naver.com/mnews/article/025/0003555562?sid=100,"Sun, 04 Oct 2026 05:00:00 +0900"
본회의,[패트롤] 구리시의회-군포시의회-시흥시의회-안산시의회,안산=에너지경제신문 강근주기자 안산시의회가 지난 2일 열린 제306회 제1차 정례회 제1차 본회의를 시작으로 오는 30일까지 29일간 회기에 들어갔다. 제1차 본회의에서 안산시의회는 의원 3명의 5분 자유발언을 청취하고... ,https://www.ekn.kr/web/view.php?key=20261004024352049,https://www.ekn.kr/web/view.php?key=20261004024352049,"Sun, 04 Oct 2026 02:08:00 +0900"
본회의,&quot;뺑뺑이 막으려 책임 전가&quot; vs &quot;환자 보호 장치는 빠져&quot;… '응급의료법 ...,3일 의료계 등에 따르면 국회는 지난 1일 본회의에서 응급의료법 개정안을 통과시켰다. 1일 국회에서 열린 제439회(정기회) 10차 전체 회의에서 응급실 '뺑뺑이' 방지 법안인 응급의료에 관한 법률 개정안이 표결을 통해... ,https://www.segye.com/newsView/20261002512014?OutUrl=naver,https://n.news.naver.com/mnews/article/022/0004163831?sid=102,"Sat, 03 Oct 2026 20:38:00 +0900"
본회의,안산시의회 제1차 정례회 개회… 29일간 결산·행정사무감사,"안산시의회,제1차 정례회,결산검사 안산시의회가 지난 2일 제306회 제1차 정례회 제1차 본회의를 개최했다. 이날 본회의에서 실시된 5분 자유발언에 임한 백승희·박은정·김진숙 의원. 안산시의회 제공 안산시의회가... ",https://www.newsclaim.co.kr/news/articleView.html?idxno=3077384,https://www.newsclaim.co.kr/news/articleView.html?idxno=3077384,"Sat, 03 Oct 2026 20:12:00 +0900"
본회의,[기획] 제5대 당진시의회 100일 – 초선의원들의 소회① 김초롱 당진시...,"처음 본회의장 발언대에 섰을 때 의회 안의 모든 시선이 저를 향하던 그 상황이 아직도 생생합니다. 경건한 침묵 속에서 이 자리는 단순히 개인의 신념을 발언하는 공간이 아니라, 저를 선택해 주신 시민 한 분 한 분의... ",http://www.djtimes.co.kr/news/articleView.html?idxno=113664,http://www.djtimes.co.kr/news/articleView.html?idxno=113664,"Sat, 03 Oct 2026 17:58:00 +0900"
본회의,동물보호시설 사칭 막는다,"이재관 의원 발의 ‘동물보호법’ 본회의 통과 동물보호시설로 오인할 수 있는 명칭을 사용하는 동물 관련 영업시설에 과태료를 부과하고, 은퇴 봉사동물의 보호와 지원을 강화하는 내용의 법안이 국회 본회의를 통과했다.... ",https://www.farmnmarket.com/news/article.html?no=28043,https://www.farmnmarket.com/news/article.html?no=28043,"Sat, 03 Oct 2026 17:58:00 +0900"
본회의,"김해시의회, 산하기관장 4명 인사검증 돌입…12일부터 나흘간 청문회 개...","제3차 본회의에서 김해시 산하기관장 임용후보자 4명에 대한 인사 검증을 위한 인사청문특별위원회를 각각... ◆ 32일간 제282회 정례회 폐막…행정사무감사 시정요구 806건 지적 한편, 이날 본회의를 끝으로... ",https://www.pointe.co.kr/news/articleView.html?idxno=85563,https://www.pointe.co.kr/news/articleView.html?idxno=85563,"Sat, 03 Oct 2026 17:44:00 +0900"
본회의,"김해시의회, 독도 수호부터 고려인 정착·시니어 일자리까지 '민생 현안...",◆ 배현주 의원 &quot;문화 콘텐츠로 독도 지키자…'김해시 독도주간' 제안&quot; 지난 2일 열린 제282회 김해시의회 정례회 제3차 본회의에서 배현주 의원(장유1·칠산서부동)은 5분 자유발언을 통해 &quot;역사적·지리적·국제법적으로... ,https://www.pointe.co.kr/news/articleView.html?idxno=85559,https://www.pointe.co.kr/news/articleView.html?idxno=85559,"Sat, 03 Oct 2026 17:24:00 +0900"
본회의,"&quot;방송법 심의 받은 광고, 영화관 상영 때 심의 안 받는다&quot;",김윤덕 더불어민주당 의원(전북 전주갑)은 대표 발의한 '영화 및 비디오물의 진흥에 관한 법률 일부개정법률안'이 본회의를 통과했다고 3일 밝혔다. 이번 개정안은 중복 규제에 따른 행정절차를 간소화함으로써 영화산업의... ,https://www.news1.kr/local/jeonbuk/6309868,https://n.news.naver.com/mnews/article/421/0009208189?sid=102,"Sat, 03 Oct 2026 17:18:00 +0900"
본회의,'응급실 뺑뺑이 방지법' 국회 통과…희귀질환·혈우병 환자 골든타임 확...,"국회는 1일 본회의에서 응급의료 체계의 전면적 개편을 골자로 하는 '응급의료에 관한 법률 개정안'을 가결했다. 이번 개정안은 중증응급환자의 신속한 이송과 수용을 국가 차원에서 책임 있게 통제하고, 현장 의료진의... ",https://www.hemophilia.co.kr/news/articleView.html?idxno=44869,https://www.hemophilia.co.kr/news/articleView.html?idxno=44869,"Sat, 03 Oct 2026 16:58:00 +0900"
본회의,"이 대통령 &quot;복지급여, 신청하지 않아도 국가가 먼저 챙긴다&quot;","국회 본회의에서 의결됐다는 내용의 기사를 함께 공유하며 &quot;국민이 몰라서, 신청하지 못해서 필요한 복지를 놓치는 일이 없도록 복지의 문턱을 낮추겠다&quot;고 덧붙였다. 앞서 보건복지부는 지난 1일 국회 본회의에서... ",https://news.tf.co.kr/read/ptoday/2372794.htm,https://n.news.naver.com/mnews/article/629/0000539255?sid=100,"Sat, 03 Oct 2026 16:47:00 +0900"
본회의,"손희권 경북도의원 “농어촌기본소득, 확대보다 효과 검증이 먼저”",경상북도의회 손희권 의원(기획경제위원회·포항9)은 지난 2일 열린 제366회 제1차 정례회 제2차 본회의 도정질문에서 농어촌기본소득 확대에 따른 재정 부담과 정책효과 검증 문제를 짚고 지속가능한 재원대책 마련을... ,https://www.pressian.com/pages/articles/2026100313285676913?utm_source=naver&utm_medium=search,https://n.news.naver.com/mnews/article/002/0002459474?sid=102,"Sat, 03 Oct 2026 16:36:00 +0900"
본회의,與 &quot;김민석 대표 수첩은 국정을 적은 것…한동훈 페이스북은 욕설 적어...,이어 &quot;본회의장에서 수첩을 꺼내 적는 일이 비난의 대상인가&quot;라며 &quot;한동훈 의원이 쓰는 어휘를 모아 보니 군 장성을 똥별이라 했다. 여당 대표의 이빨을 다 뽑겠다 했다. 이제는 찌질이(라고 했다)&quot;고 말했다. 그러면서... ,https://www.newsis.com/view/NISX20261003_0003813609,https://n.news.naver.com/mnews/article/003/0014231841?sid=100,"Sat, 03 Oct 2026 16:21:00 +0900"
본회의,"'8개월 공석' 포항시설관리공단 이사장, 포항시의회 '사상 첫 인사청문...",도덕성·직무능력·재산 등 현미경 검증 이번 인사청문회는 포항시의회가 지난 7월 28일 제332회 임시회 본회의에서 안병국 의원이 대표 발의해 통과시킨 '포항시의회 인사청문회 조례'를 적용받는 '역사적 첫 사례'다.... ,https://www.straightnews.co.kr/news/articleView.html?idxno=312489,https://www.straightnews.co.kr/news/articleView.html?idxno=312489,"Sat, 03 Oct 2026 15:30:00 +0900"
본회의,"과천시의회, 공청회 출동… 위례~과천선 '4개 역' 반영 총력",과천시의회는 지난해 12월 본회의에서 4개 역 설치를 요구하는 결의안을 재석의원 7명 전원 찬성으로 채택했다. 이번 공청회 참석은 당시 결의안에 이어 정부의 사업 절차가 진행되는 과정에서 지역 요구를 다시 압박하기... ,https://www.gukjenews.com/news/articleView.html?idxno=3712537,https://www.gukjenews.com/news/articleView.html?idxno=3712537,"Sat, 03 Oct 2026 15:24:00 +0900"
본회의,외국인 국민연금 '추납 허점' 막는다…이달희 개정안 본회의 통과,3일 국회에 따르면 이달희 국민의힘 의원이 대표 발의한 외국인 국민연금 가입자의 추후 납부(추납) 상호주의 규정을 담은 '국민연금법 일부개정법률안' 대안이 지난 1일 본회의를 통과했다. 국회 보건복지위원회 심사... ,https://www.apnews.kr/news/articleView.html?idxno=3051714,https://www.apnews.kr/news/articleView.html?idxno=3051714,"Sat, 03 Oct 2026 15:10:00 +0900"
본회의,"제주도의회 &quot;정부, 미래대응기금 '지방재정 안정화 장치' 마련하라&quot;","제주도의회 본회의. 정부가 추가·초과세수 등을 활용해 미래의 경제·사회적 위험에 대응하고, 미래 분야에... 제주도의회는 2일 열린 제455회 임시회 제1차 본회의에서 이 같은 우려와 함께 정부의 대책마련을 촉구하는... ",https://www.headlinejeju.co.kr/news/articleView.html?idxno=599960,https://www.headlinejeju.co.kr/news/articleView.html?idxno=599960,"Sat, 03 Oct 2026 15:02:00 +0900"
재경위,초과세수 63조 국감 도마 위…AMRO도 '3%대 성장' 낼까[재경부·기획처 ...,"재경위 국감은 이날부터 23일까지 이어지며 감사 대상은 46개 기관으로, 올해 6월 출범한 한미전략투자공사가 새로 포함됐다. 여야의 집중 질의가 예상되는 대목은 세수 추계다. 재경부는 지난달 30일 올해... ",https://www.edaily.co.kr/News/Read?newsId=01095526645609640&mediaCodeNo=257&utm_source=naver&utm_medium=referral&utm_campaign=news_syndication&utm_content=original_article,https://n.news.naver.com/mnews/article/018/0006380604?sid=101,"Sun, 04 Oct 2026 06:02:00 +0900"
재경위,법에 없는 'NEXT원칙'…재경위 &quot;미래기금 선정 기준 보완해야&quot;,4일 정치권에 따르면 국회 재정경제기획위원회(이하 '재경위')는 미래기금법 제정안 검토보고서(이하 '보고서')에서 NEXT 원칙과 관련해 &quot;제정안에는 이를 비롯한 구체적인 사업선정 기준이 규정돼 있지 않다&quot;고 지적했다.... ,https://www.yna.co.kr/view/AKR20261003047300002?input=1195m,https://n.news.naver.com/mnews/article/001/0016356172?sid=101,"Sun, 04 Oct 2026 05:45:00 +0900"
재경위,&quot;사업성 지출이 대부분&quot;…미래기금법안 '30% 변경'룰 논쟁 예고,재경위는 미래기금의 규모가 크고 각 프로그램의 사업비가 대규모로 책정된 점에 주목했다. 그만큼 재량... 재경위는 &quot;30% 자체변경 특례를 적용하면서 지체 없는 국회보고 의무를 '초과 조세수입을 활용한 변경'에만... ,https://www.yna.co.kr/view/AKR20261003048300002?input=1195m,https://n.news.naver.com/mnews/article/001/0016356170?sid=101,"Sun, 04 Oct 2026 05:45:00 +0900"
재경위,수입 '들쭉날쭉' 지출 '꼬박꼬박'…미래기금 지속가능성 관건,재경위는 검토 보고서에서 &quot;추가 세수는 세입 예산액과 추세치의 차이를 기준으로 사전에 산정된다&quot;며... 이에 재경위는 &quot;세입 예산액을 기준으로 추가 세수를 산정하더라도 최근 세수 실적과 중장기 세입 전망 등을 함께... ,https://www.yna.co.kr/view/AKR20261003046900002?input=1195m,https://n.news.naver.com/mnews/article/001/0016356171?sid=101,"Sun, 04 Oct 2026 05:45:00 +0900"
재경위,재경위 &quot;미래기금 재정통제 약해질 수도…재원 지속성 검토해야&quot;,4일 재정당국과 정치권에 따르면 재경위는 국가재정법 개정안 검토보고서에서 &quot;개정안에 따르면 정부의... 재경위는 유인규 전문위원 명의로 작성한 이 보고서에서 개정안이 여러 특례를 두고 있다면서 이같이 지적했다.... ,https://www.yna.co.kr/view/AKR20261003048600002?input=1195m,https://n.news.naver.com/mnews/article/001/0016356169?sid=101,"Sun, 04 Oct 2026 05:45:00 +0900"
재경위,미리 보는 2026 국감…첫날부터 ‘조희대 재제청 거부’ 격돌 예고,"재경위는 경제 분야 전반을 비롯해 최근 발표된 대미투자, 부동산 세제개편, 162조원 규모의 미래대응기금 운용 계획 등이 핵심 쟁점으로 다뤄질 전망이다. 정무위원회는 단일종목 레버리지 ETF 도입 논란과 함께 최근... ",https://biz.heraldcorp.com/article/10892100?ref=naver,https://n.news.naver.com/mnews/article/016/0002705136?sid=100,"Sat, 03 Oct 2026 11:31:00 +0900"
재경위,"국민의힘, 장동혁·정점식 지도부 이재명정권 안보·민생 총체적 실정 ...", 배준영 재경위 간사(李정부 세제 및 재정 편성·대미 투자 실상 검증) 배준영 재경위 간사는 이번 국정감사를 통해 이재명 정부의 중앙집권적 수탈정책과 현금 배급식 민생 정책의 민낯을 밝히겠다고... ,http://www.breaknews.com/1240860,http://www.breaknews.com/1240860,"Sat, 03 Oct 2026 10:20:00 +0900"
재경위,"KAI 민영화 열쇠 쥔 정부, 국감서 입장 나오나","재경위 국정감사 일정에 따르면 수은 기관감사는 오는 20일, 수은을 포함한 종합감사는 23일 열린다.... 김종출 사장이 출석할 경우 재경위 국감에서는 KAI 민영화 문제 등에 대한 질의가 이뤄질 전망이다. KAI... ",https://www.ddaily.co.kr/page/view/2026100219343336397,https://n.news.naver.com/mnews/article/138/0002243586?sid=101,"Sat, 03 Oct 2026 08:00:00 +0900"
재경위,野 수적 열세에 주요 증인채택 줄줄이 불발…'맹탕 국감' 현실화되나,"국정감사를 앞두고 국민의힘이 요구한 핵심 증인 채택이 각 상임위원회에서 잇따라 무산되면서 '맹탕 국감' 우려가 커지고 있다. 수적 열세 속에 더불어민주당의 반대로 주요 증인 출석이 가로막히고, 자료 제출마저... ",https://www.dailian.co.kr/news/view/1697436/?sc=Naver,https://n.news.naver.com/mnews/article/119/0003139206?sid=100,"Sat, 03 Oct 2026 06:01:00 +0900"
재경위,[2026국감] 이재용·최태원 빠진 국감…재계 총수보다 '현안 책임자' 불...,"윤구 구글코리아 대표는 재경위에서도 증인으로 채택돼 법인세 회피와 탈세 의혹과 관련한 질의를 받는다. 정유업계 대표들도 국감 증언대에 선다. 김종화 SK에너지 대표, 송명준 HD현대오일뱅크 대표, 허세홍 GS칼텍스... ",https://www.straightnews.co.kr/news/articleView.html?idxno=312448,https://www.straightnews.co.kr/news/articleView.html?idxno=312448,"Fri, 02 Oct 2026 18:28:00 +0900"
재경위,국회서 나온 韓銀 추가인상 신중론…12일 국감 쟁점되나,"인상을 논의하기에 앞서, 두 차례 인상이 물가와 금융안정에 미친 효과와 취약계층에 가중한 부담을 함께 점검해야 한다&quot;고 강조했다. 국회 재경위는 오는 12일 한은에 대한 국정감사를 한은 본관에서 진행할 예정이다.",https://news.einfomax.co.kr/news/articleView.html?idxno=4437632,https://news.einfomax.co.kr/news/articleView.html?idxno=4437632,"Fri, 02 Oct 2026 16:38:00 +0900"
재경위,6일 국감 스타트 … 눈여겨볼 기업과 이슈는,"재경위에서는 국내 매출에 대한 법인세 회피와 탈세 의혹을 집중 질의 받을 것으로 보인다. 마크 리 애플코리아 대표는 12일 과방위에서 긴급구조 정보의 GPS 제외, 인앱결제, 탈세 문제를 답해야 한다. 김진아... ",http://www.globalepic.co.kr/view.php?ud=20261002152241845448439a4874_29,http://www.globalepic.co.kr/view.php?ud=20261002152241845448439a4874_29,"Fri, 02 Oct 2026 15:30:00 +0900"
재경위,"與 이광재 &quot;과세 기준, 현재 물가로 현실화 해야 … 소득세 공제 등 상향...","기준에 맞게 대전환하는 전기를 만들어내야 한다&quot;고 말했다. 해당 결의안에는 한병도 원내대표, 조승래 재정경제기획위원장, 오기형 재경위 간사, 정태호 예결위 간사 등 19명이 공동발의자로 함께 했다. 뉴데일리 남수지",https://www.newdaily.co.kr/site/data/html/2026/10/02/2026100200222.html,https://www.newdaily.co.kr/site/data/html/2026/10/02/2026100200222.html,"Fri, 02 Oct 2026 15:24:00 +0900"
재경위,"전략수출기금 국회 문턱에…정부, 상생기여금 '절충' 고심","[사진= 방위사업청] ◆ 재경위 소위서 인하·삭제 놓고 조문 손질 정부가 염두에 둔 실제 부과요율은... 이에 따라 향후 재경위 소위원회에서는 상생기여금 제도를 유지하되 기업 부담을 어느 수준까지 낮출지, 또는 기여금... ",https://www.newspim.com/news/view/20261002000790,https://www.newspim.com/news/view/20261002000790,"Fri, 02 Oct 2026 14:24:00 +0900"
재경위,국감 증·참고인 277명 중 기업인 102명…포스코·MBK·배민·약손명가까...,재경위는 우아한형제들의 해외 모회사 자금 이전 구조와 국내 과세·원천징수 적정성을 따질 예정이다. 윤구 구글코리아 사장도 법인세 문제로 재경위 증인에 채택됐다. 김종출 한국항공우주산업(KAI) 사장과 김종화... ,https://www.thepublic.kr/news/articleView.html?idxno=320990,https://www.thepublic.kr/news/articleView.html?idxno=320990,"Fri, 02 Oct 2026 14:00:00 +0900"
재경위,배달기사·캐디 등 원천세율 인하 추진,"국세청은 1일 서울 국회의원회관에서 주요 간부와 국회 재경위 소속 여야 의원, 인적용역 단체 관계자들이... 더불어민주당 재경위 간사인 오기형 의원은 “현장에서 제기된 애로사항들이 법안 개정으로 열매 맺을 수... ",https://www.naeil.com/news/read/604088?ref=naver,https://www.naeil.com/news/read/604088?ref=naver,"Fri, 02 Oct 2026 13:40:00 +0900"
재경위,"대방건설 구교운 회장, 국세청 국감 선다…공공택지 개발이익 과세 검증",재경위는 지난달 28일 전체회의에서 구 회장 등 일반 증인 6명과 참고인 4명의 출석 요구안을 의결했다.... 재경위가 제시한 증인 채택 사유 자체가 개발이익에 대한 ‘조세부담의 적정성’이다. 공공택지를 넘겨받은... ,http://sateconomy.co.kr/news/view/1065585842707421,http://sateconomy.co.kr/news/view/1065585842707421,"Fri, 02 Oct 2026 13:06:00 +0900"
재경위,&quot;30년 전 과세기준 재정비해야&quot;…물가연동제 도입 촉구 결의안,"한편 이번 결의안에는 이광재 위원장을 비롯해 한병도 원내대표, 조승래 재정경제기획위원장, 오기형 재경위 간사, 정태호 예결위 간사, 정성호, 문진석, 김남준, 김영환, 김태년, 최기상, 맹성규, 박주민, 홍기원, 진선미... ",http://www.joseilbo.com/news/news_read.php?uid=576761&class=32&grp=,https://n.news.naver.com/mnews/article/123/0002391234?sid=100,"Fri, 02 Oct 2026 12:11:00 +0900"
재정경제기획위원회,李 정부 2년차 국감 시작...여야 '전방위' 충돌 예고,"호남권 메가프로젝트 및 대미 투자 문제는 산업통상자원중소벤처기업위원회, 재정경제기획위원회가 주요 쟁점으로 삼을 것으로 예측된다. 증인 채택 문제를 둘러싼 여야 공방도 격화하고 있다. 법사위에서는 여당 주도로... ",https://www.fnnews.com/news/202610040821555585,https://n.news.naver.com/mnews/article/014/0005584620?sid=100,"Sun, 04 Oct 2026 08:48:00 +0900"
재정경제기획위원회,[N위크] 재경부·기획처·금융위 국정감사…3대 메가·은행 해킹·세제 ...,"재정경제부는 6일, 기획예산처는 8일 국회 재정경제기획위원회의 국정감사를 받는다. 호남 반도체 클러스터 등 정부의 3대 메가프로젝트 사업성, 2천억 달러 규모 대미투자 사업 등 정부 추진 정책을 비롯... ",https://www.tfmedia.co.kr/news/article.html?no=207701,https://www.tfmedia.co.kr/news/article.html?no=207701,"Sun, 04 Oct 2026 08:46:00 +0900"
재정경제기획위원회,국세청 차명계좌 제보·과세활용 매년 감소…농협 가장 많아,국회 기획재정위원회 소속 강민국 의원(경남 진주시을)이 국세청으로부터 제출받은 ‘차명계좌 신고... 따른 경제활동 위축과 국세청의 노력으로 포장하는 것은 어불성설&quot;이라고 지적했다. 그러면서... ,https://www.kukinews.com/article/view/kuk202610040002,https://www.kukinews.com/article/view/kuk202610040002,"Sun, 04 Oct 2026 08:24:00 +0900"
재정경제기획위원회,'2년차' 李정부 국감 개막…'민생 우선' vs '실정 검증' 충돌예고,"6·3 지방선거 투표용지 부족 사태, 중앙선관위 개혁을 놓고 충돌이 예상된다. 호남권 메가프로젝트 및 대미 투자 문제는 산업통상자원중소벤처기업위원회와 재정경제기획위원회가 주요 쟁점으로 삼아 격론을 벌일 전망이다.",https://www.slist.kr/news/articleView.html?idxno=770878,https://www.slist.kr/news/articleView.html?idxno=770878,"Sun, 04 Oct 2026 07:28:00 +0900"
재정경제기획위원회,"&quot;이재명 정부 2년 차 국감 막 오른다&quot;…여야, 총력전 예고",호남권 메가프로젝트 및 대미 투자 문제는 산업통상자원중소벤처기업위원회와 재정경제기획위원회가 주요 쟁점으로 삼아 격론을 벌일 전망이다. 증인 채택 둘러싼 여야 대립 국감에서는 증인 채택 문제를 둘러싼 여야... ,https://www.jnilbo.com/news/articleView.html?idxno=90000070759,https://www.jnilbo.com/news/articleView.html?idxno=90000070759,"Sun, 04 Oct 2026 07:25:00 +0900"
재정경제기획위원회,李정부 2년차 국감 개막…'민생 우선' vs '실정 검증' 충돌예고,호남권 메가프로젝트 및 대미 투자 문제는 산업통상자원중소벤처기업위원회와 재정경제기획위원회가 주요 쟁점으로 삼아 격론을 벌일 전망이다. '조희대 증인'에 법사위 파행 가능성…상임위 곳곳 증인 공방 계속... ,https://www.yna.co.kr/view/AKR20261003045000001?input=1195m,https://n.news.naver.com/mnews/article/001/0016356229?sid=100,"Sun, 04 Oct 2026 07:00:00 +0900"
재정경제기획위원회,무죄 아닌 면소 판결받아도…국가 배상 길 열렸다 [이인혁의 판례 읽기...,진실·화해를 위한 과거사정리위원회(과거사위)는 2010년 6월 박 씨 등 사건에 대해 진실규명 결정을 했다.... 개정법에선 진상규명 결정을 받은 사건으로 발생한 피해에 대한 손해배상 청구권에는 국가재정법상 소멸시효... ,https://magazine.hankyung.com/business/article/202609291655b,https://n.news.naver.com/mnews/article/050/0000111611?sid=101,"Sun, 04 Oct 2026 06:04:00 +0900"
재정경제기획위원회,초과세수 63조 국감 도마 위…AMRO도 '3%대 성장' 낼까[재경부·기획처 ...,"재정경제기획위원회는 6일 재정경제부, 8일 기획예산처를 상대로 감사를 벌인다. 63조원대로 불어난 초과세수의 추계 오차와 활용 방안이 최대 쟁점으로 꼽힌다. 아세안+3 거시경제조사기구(AMRO)는 한국... ",https://www.edaily.co.kr/News/Read?newsId=01095526645609640&mediaCodeNo=257&utm_source=naver&utm_medium=referral&utm_campaign=news_syndication&utm_content=original_article,https://n.news.naver.com/mnews/article/018/0006380604?sid=101,"Sun, 04 Oct 2026 06:02:00 +0900"
재정경제기획위원회,삼성전자 3분기 실적 발표...9월 FOMC 의사록 공개 [한동훈의 위클리전망...,"재정경제부는 6일, 기획예산처는 8일 국회 재정경제기획위원회의 국정감사를 받는다. 정부가 앞서 발표한 부동산 관련 세제 개편안, 내년도 예산안 및 초과 세수 활용 계획, 미래대응기금 설립 방안 등이 주요... ",https://www.sedaily.com/article/20097962?ref=naver,https://n.news.naver.com/mnews/article/011/0004668048?sid=101,"Sun, 04 Oct 2026 06:01:00 +0900"
재정경제기획위원회,"[단독] 수십억 들인 한국은행 아카이브, 하루 10명도 안 찾았다",4일 국회 재정경제기획위원회 소속 정태호 더불어민주당 의원이 한은으로부터 제출받은 자료에 따르면 지난 3년간 한은 아카이브 방문 인원은 4349명(2023년)→3821명(2024년)→3713명(2025년)으로 감소했다. 특히 올해... ,https://www.joongang.co.kr/article/25466946,https://n.news.naver.com/mnews/article/025/0003555566?sid=102,"Sun, 04 Oct 2026 06:00:00 +0900"
재정경제기획위원회,법에 없는 'NEXT원칙'…재경위 &quot;미래기금 선정 기준 보완해야&quot;,4일 정치권에 따르면 국회 재정경제기획위원회(이하 '재경위')는 미래기금법 제정안 검토보고서(이하 '보고서')에서 NEXT 원칙과 관련해 &quot;제정안에는 이를 비롯한 구체적인 사업선정 기준이 규정돼 있지 않다&quot;고 지적했다.... ,https://www.yna.co.kr/view/AKR20261003047300002?input=1195m,https://n.news.naver.com/mnews/article/001/0016356172?sid=101,"Sun, 04 Oct 2026 05:45:00 +0900"
재정경제기획위원회,&quot;사업성 지출이 대부분&quot;…미래기금법안 '30% 변경'룰 논쟁 예고,4일 재정당국과 정치권에 따르면 국회 재정경제기획위원회는 최근 내놓은 국가재정법 개정안 검토보고서에서 미래기금을 두고 &quot;정책목표와 지원대상이 사전에 정해진 사업성 지출이 대부분을 차지하고 있다는 점에서... ,https://www.yna.co.kr/view/AKR20261003048300002?input=1195m,https://n.news.naver.com/mnews/article/001/0016356170?sid=101,"Sun, 04 Oct 2026 05:45:00 +0900"
재정경제기획위원회,재경위 &quot;미래기금 재정통제 약해질 수도…재원 지속성 검토해야&quot;,있다고 재정경제기획위원회가 우려를 표명했다. 미래기금의 성격과 규모에 비춰볼 때 정부 재량이 지나치게 커질 수 있으며 경기 변동에 따라 지속 가능성이 불투명해지거나 핵심 재원의 기반이 흔들릴 가능성도 고려해야... ,https://www.yna.co.kr/view/AKR20261003048600002?input=1195m,https://n.news.naver.com/mnews/article/001/0016356169?sid=101,"Sun, 04 Oct 2026 05:45:00 +0900"
재정경제기획위원회,수입 '들쭉날쭉' 지출 '꼬박꼬박'…미래기금 지속가능성 관건,4일 재정당국과 정치권에 따르면 국회 재정경제기획위원회 전문위원은 최근 미래대응기금 설치 및 운용에 관한 법(미래대응기금법) 제정안과 국가재정법 개정안에 이런 내용의 검토 보고서를 냈다. 정부는 미래대응기금의... ,https://www.yna.co.kr/view/AKR20261003046900002?input=1195m,https://n.news.naver.com/mnews/article/001/0016356171?sid=101,"Sun, 04 Oct 2026 05:45:00 +0900"
재정경제기획위원회,[주간 경제 캘린더] '은행권 해킹·종부세 개편' 국감 개막…청년미래적...,"재정경제부와 기획예산처는 각각 6일과 8일 국회 재정경제기획위원회에서 국정감사를 받는다. 정부가 발표한 종합부동산세 개편안, 내년도 예산안, 초과 세수 활용, 미래대응기금 설립 방안 등이 쟁점이다.... ",https://www.cbci.co.kr/news/articleView.html?idxno=612156,https://www.cbci.co.kr/news/articleView.html?idxno=612156,"Sun, 04 Oct 2026 00:00:00 +0900"
재정경제기획위원회,"[EBN 오늘(3일) 이슈 종합] 트럼프 한국에 알래스카 LNG 투자 압박, 은행...","3일 금융권에 따르면 다음 주인 오는 5~9일에는 재정경제부와 기획예산처, 금융위원회에 대한 국정감사가 진행된다. 청년미래적금 2차 가입신청과 한국은행의 외환보유액·국제수지 발표도 예정돼 있다. 금융위원회는... ",https://www.ebn.co.kr/news/articleView.html?idxno=1726669,https://www.ebn.co.kr/news/articleView.html?idxno=1726669,"Sat, 03 Oct 2026 18:28:00 +0900"
재정경제기획위원회,"손희권 경북도의원 “농어촌기본소득, 확대보다 효과 검증이 먼저”",경상북도의회 손희권 의원(기획경제위원회·포항9)은 지난 2일 열린 제366회 제1차 정례회 제2차 본회의 도정질문에서 농어촌기본소득 확대에 따른 재정 부담과 정책효과 검증 문제를 짚고 지속가능한 재원대책 마련을... ,https://www.pressian.com/pages/articles/2026100313285676913?utm_source=naver&utm_medium=search,https://n.news.naver.com/mnews/article/002/0002459474?sid=102,"Sat, 03 Oct 2026 16:36:00 +0900"
재정경제기획위원회,[인사] 전남광주통합특별시,손두영 ▲ 경제자유구역청 혁신성장본부장 황인채 ▲ 감사위원회 사무국 감사1담당관 최광식 ▲ 감사위원회 사무국 감사2담당관 임태형 ◇ 4급 전보 ▲ 시정상황실장 고경희 ▲ 콘텐츠담당관 김세훈 ▲ 기획담당관 선준식... ,https://www.thefairnews.co.kr/news/articleView.html?idxno=89750,https://www.thefairnews.co.kr/news/articleView.html?idxno=89750,"Sat, 03 Oct 2026 15:22:00 +0900"
재정경제기획위원회,경제부처 국감 본격화…세제·금융보안·예산 운용 쟁점 부상,"먼저 재정경제부는 6일 국회 재정경제기획위원회 국정감사를 받는다. 정부가 추진 중인 세제 개편과 부동산 관련 세제, 세수 전망 및 재정 운용 방향 등이 주요 논의 대상이 될 것으로 보인다. 기획예산처 국정감사는... ",https://www.betanews.net/article/view/beta202610030011,https://www.betanews.net/article/view/beta202610030011,"Sat, 03 Oct 2026 15:06:00 +0900"
재정경제기획위원회,[인사]전남광주통합특별시,손두영 ▲경제자유구역청 혁신성장본부장 황인채 ▲감사위원회 사무국 감사1담당관 최광식 ▲감사위원회 사무국 감사2담당관 임태형 ◇4급 ▲시정상황실장 고경희(승진) ▲콘텐츠담당관 김세훈 ▲기획담당관 선준식... ,https://www.kukinews.com/article/view/kuk202610030016,https://www.kukinews.com/article/view/kuk202610030016,"Sat, 03 Oct 2026 14:42:00 +0900"
재정경제기획위원회,[내주 경제] 경제부처 국정감사 개막... 은행권 해킹·세제 개편 등 주요...,"재정경제부는 이달 6일, 기획예산처는 8일 국회 재정경제기획위원회의 국정감사를 받는다. 앞서 정부가 공개한 종합부동산세 개편안 등 세제 개편 방안과 내년도 예산안을 비롯, 초과 세수 활용 계획, 미래대응기금... ",https://www.getnews.co.kr/news/articleView.html?idxno=882562,https://www.getnews.co.kr/news/articleView.html?idxno=882562,"Sat, 03 Oct 2026 13:56:00 +0900"
재정경제기획위원회,문경대상 국가무형문화재 한지장 보유자 김삼식 씨 선정,"기획재정부 장관상 수상 등을 이끌어 낸 공로다. 또 봉사부문에는 '건강백세하하하 운동', '함께하는 사랑방' 운영 및 독거노인 지원, 재난 봉사활동 등으로 지역사회에 헌신해 온 손국선 회장이 선정됐다. 산업경제 및... ",https://www.pressian.com/pages/articles/2026100313114410917?utm_source=naver&utm_medium=search,https://n.news.naver.com/mnews/article/002/0002459464?sid=102,"Sat, 03 Oct 2026 13:19:00 +0900"
재정경제기획위원회,"손희권 경북도의원, “농어촌기본소득, 무조건적 확대 지양해야”","[경북=위키트리]이창형 기자=농어촌기본소득 확대에 따른 지방재정 부담과 지역 간 형평성 문제가 경북도의회에서 제기됐다.경상북도의회 손희권 의원(기획경제위원회, 포항시 9선거구)은 10월 2일 열린 제366회 제1차... ",https://www.wikitree.co.kr/articles/1163740,https://www.wikitree.co.kr/articles/1163740,"Sat, 03 Oct 2026 13:18:00 +0900"
재정경제기획위원회,"[정기 인사]전남광주시, 통합 첫 정기 인사발령…간부 181명 전보·5급 이...",손두영 ▲경제자유구역청 혁신성장본부장 황인채 ▲감사위원회 감사1담당관 최광식 ▲감사위 감사2담당관 임태형 ◇4급 전보 ▲시정상황실장 고경희 ▲콘텐츠 담당관 김세훈 ▲기획담당관 선준식 ▲예산담당관 이덕... ,https://www.thepowernews.co.kr/view.php?ud=202610031058249719caa2b7671d_7,https://www.thepowernews.co.kr/view.php?ud=202610031058249719caa2b7671d_7,"Sat, 03 Oct 2026 12:26:00 +0900"
재정경제기획위원회,미리 보는 2026 국감…첫날부터 ‘조희대 재제청 거부’ 격돌 예고,"재정경제기획위원회는 6일 재정경제부를 시작으로 8일 기획예산처, 12일 한국은행, 13일 국세청 등을 대상으로 국정감사를 진행한다. 재경위는 경제 분야 전반을 비롯해 최근 발표된 대미투자, 부동산 세제개편, 162조원... ",https://biz.heraldcorp.com/article/10892100?ref=naver,https://n.news.naver.com/mnews/article/016/0002705136?sid=100,"Sat, 03 Oct 2026 11:31:00 +0900"
재정경제기획위원회,[인사] 전남광주시,손두영 ▲경제자유구역청 혁신성장본부장 황인채 ▲감사위원회 감사1담당관 최광식 ▲감사위 감사2담당관 임태형 ▲시정상황실장 고경희 ▲콘텐츠 담당관 김세훈 ▲기획담당관 선준식 ▲예산담당관 이덕... ,http://www.econonews.co.kr/news/articleView.html?idxno=445227,http://www.econonews.co.kr/news/articleView.html?idxno=445227,"Sat, 03 Oct 2026 11:18:00 +0900"
재정경제기획위원회,은행권 ‘AI 해킹’ 국정감사 도마에…금융위 보안 책임 따진다 [머니뭐...,"재정경제부는 오는 6일, 기획예산처는 8일 국회 재정경제기획위원회의 국정감사를 받는다. 정부가 발표한 종합부동산세 개편안을 비롯한 세제 개편 방안과 내년도 예산안, 초과 세수 활용 계획, 미래대응기금 설립... ",https://biz.heraldcorp.com/article/10892445?ref=naver,https://n.news.naver.com/mnews/article/016/0002705123?sid=101,"Sat, 03 Oct 2026 10:39:00 +0900"
재정경제기획위원회,"13년만에 3400억원 금 매입한 韓銀, 그런데 금괴가 아니었다…미국 금 E...",3일 국회 재정경제기획위원회 소속 김영환 더불어민주당 의원이 한국은행으로부터 제출받은 자료에 따르면 한은은 올해 6월 말 기준 세계 최대 금 ETF인 ‘SPDR 골드 셰어스’ 약 68만주를 보유하고 있다. 당시 평가액은... ,https://www.kbmaeil.com/article/20261003500056,https://www.kbmaeil.com/article/20261003500056,"Sat, 03 Oct 2026 10:34:00 +0900"
재정경제기획위원회,"국민의힘, 장동혁·정점식 지도부 이재명정권 안보·민생 총체적 실정 ...", 박수영 의원 ('삼전닉스' ETF 부실 추진 및 투자자 보호 방치 규탄) 국회 재정경제기획위원회 소속 국민의힘 박수영 의원(부산 남구)은 이른바 '삼전닉스' 단일종목 ETF 상품 출시 전후 금융투자협회와... ,http://www.breaknews.com/1240860,http://www.breaknews.com/1240860,"Sat, 03 Oct 2026 10:20:00 +0900"
재정경제기획위원회,"17년 만에 외부 출신 공정위 상임위원…내부선 &quot;우려 반, 기대 반&quot;","지난해 이재명 정부 국정기획위원회 경제1분과 전문위원으로 국정과제 설계에 참여했고, 올해는 금융위원회 포용금융전략추진단과 기획예산처 재정정책자문회의, 공정위 공정거래정책자문단 등에서 활동했다. 생산적... ",https://www.newsis.com/view/NISX20261002_0003812762,https://n.news.naver.com/mnews/article/003/0014231432?sid=101,"Sat, 03 Oct 2026 10:00:00 +0900"
정무위,[초점] 5대 은행 모두 해킹당했다…국감 앞 '보안 구멍' 책임론,"국회 정무위원회는 오는 8일 금융위원회, 19일 금융감독원을 대상으로 국정감사를 진행한다. 국회에서는... 정무위 여당 간사인 박상혁 더불어민주당 의원은 지난 2일 5대 시중은행장을 국감 증인으로 출석시켜 반복되는... ",http://www.newsian.co.kr/news/articleView.html?idxno=96496,http://www.newsian.co.kr/news/articleView.html?idxno=96496,"Sun, 04 Oct 2026 08:46:00 +0900"
정무위,"“정책 방패 든 與, 실정 창 꺼낸 野”...막 오르는 李정부 2년차 국감",정무위원회에서는 김승원 전 법무부 장관 후보자의 신약 임상시험 승인 청탁 의혹 등을 두고 여야가 결전을... 국민의힘은 단일종목 ETF 도입과 부동산 정책 등을 질의하기 위해 김용범 전 청와대 정책실장을 정무위와... ,https://www.sedaily.com/article/20097974?ref=naver,https://n.news.naver.com/mnews/article/011/0004668061?sid=100,"Sun, 04 Oct 2026 08:27:00 +0900"
정무위,"&quot;이재명 정부 2년 차 국감 막 오른다&quot;…여야, 총력전 예고",정무위원회에서는 김승원 전 법무부 장관 후보자의 신약 임상시험 승인 청탁 의혹 및 제약회사 제넨셀... 국민의힘은 단일종목 ETF 도입과 부동산 정책 등을 질의하기 위해 김용범 전 청와대 정책실장을 정무위와... ,https://www.jnilbo.com/news/articleView.html?idxno=90000070759,https://www.jnilbo.com/news/articleView.html?idxno=90000070759,"Sun, 04 Oct 2026 07:25:00 +0900"
정무위,李정부 2년차 국감 개막…'민생 우선' vs '실정 검증' 충돌예고,정무위원회에서는 김승원 전 법무부 장관 후보자의 신약 임상시험 승인 청탁 의혹 및 제약회사 제넨셀... 국민의힘은 단일종목 ETF 도입과 부동산 정책 등을 질의하기 위해 김용범 전 청와대 정책실장을 정무위와... ,https://www.yna.co.kr/view/AKR20261003045000001?input=1195m,https://n.news.naver.com/mnews/article/001/0016356229?sid=100,"Sun, 04 Oct 2026 07:00:00 +0900"
정무위,보험은 '실손' 저축은행은 '구조조정'…2금융권 국감 키워드,"업계 관계자는 &quot;올해 정무위 국감이 금융지주와 은행, 증권업권을 중심으로 공방이 펼쳐지는 만큼 2금융권에 대한 관심은 상대적으로 낮을 것으로 보인다&quot;고 말했다. 실제 금융지주와 은행권에서는 지배구조와 내부통제... ",https://www.newsway.co.kr/news/view?ud=2026100214350482506,https://www.newsway.co.kr/news/view?ud=2026100214350482506,"Sun, 04 Oct 2026 06:38:00 +0900"
정무위,[국감 전운]②증인 채택부터 팽팽한 신경전…김현지·김용범에 이재용·...,"국회 정무위원회는 지난 1일 전체회의에서 민주당 주도로 국감 증인 명단을 의결했는데, 국민의힘이 채택을... 옮기면서 정무위 국감 기관증인으로 나올 필요가 없게 됐다. 이에 국힘은 일반 증인으로라도 부르겠다는... ",https://www.newsis.com/view/NISX20261002_0003813152,https://n.news.naver.com/mnews/article/003/0014232382?sid=100,"Sun, 04 Oct 2026 06:00:00 +0900"
정무위,&quot;국감 코앞인데&quot; 5대 은행 모두 해킹 공격…은행장 증인 압박 커지나,"국회 정무위원회는 오는 8일 금융위원회, 19일 금융감독원을 상대로 국정감사를 진행할 예정이다. 정무위 여당 간사인 박상혁 더불어민주당 의원은 지난 2일 &quot;국민의 재산과 신용정보를 맡은 은행에서 고객 정보 유출이... ",https://news.tf.co.kr/read/economy/2372630.htm,https://n.news.naver.com/mnews/article/629/0000539279?sid=101,"Sun, 04 Oct 2026 00:01:00 +0900"
정무위,[단독] &quot;손가락 자른다&quot;…악성 민원 급증에도 속수무책,&lt;강준현 / 더불어민주당 의원(국회 정무위)&gt; &quot;특이 민원에 대응을 하려면 나름의 조직과 역량을 강화해야 되거든요. 이 법이 지금 정무위에 계류가 돼있습니다. 빨리 심사를 해서…&quot; 악성 민원으로 인한 피해가 갈수록... ,http://www.yonhapnewstv.co.kr/news/MYH20261003211856U0j,https://n.news.naver.com/mnews/article/422/0000912333?sid=100,"Sat, 03 Oct 2026 21:19:00 +0900"
정무위,카뱅 “뱅킹에 디지털자산 통합 추진…스테이블코인 해외 송금 주목”,금융위는 내달 정무위 법안심사소위원회 논의 전까지 스테이블코인 관련 디지털자산기본법(2단계 입법) 정부안을 제출할 계획이다. (참조 이데일리 9월22일자 &lt;금융위 “디지털자산기본법 11월 논의 전까지 정부안... ,https://www.edaily.co.kr/News/Read?newsId=02558406645609312&mediaCodeNo=257&utm_source=naver&utm_medium=referral&utm_campaign=news_syndication&utm_content=original_article,https://n.news.naver.com/mnews/article/018/0006380237?sid=101,"Sat, 03 Oct 2026 20:04:00 +0900"
정무위,메리츠 “원화 스테이블코인 키우려면 규제 명확성 필요”,금융위는 내달 정무위 법안심사소위원회 논의 전까지 스테이블코인 관련 디지털자산기본법(2단계 입법) 정부안을 제출할 계획이다. (참조 이데일리 9월22일자 &lt;금융위 “디지털자산기본법 11월 논의 전까지 정부안... ,https://www.edaily.co.kr/News/Read?newsId=02423926645609312&mediaCodeNo=257&utm_source=naver&utm_medium=referral&utm_campaign=news_syndication&utm_content=original_article,https://n.news.naver.com/mnews/article/018/0006380196?sid=101,"Sat, 03 Oct 2026 19:34:00 +0900"
정무위,초유의 금융권 연쇄 해킹…국감·연말 인사까지 '후폭풍',국회 정무위원회 여당 간사가 5대 은행장의 증인 출석을 추진하겠다고 밝혔다. 공교롭게 연말 은행장 인선을... 국회 정무위 여당 간사인 박상혁 더불어민주당 의원은 지난 2일 반복되는 은행 개인정보 유출의 원인과... ,https://www.peoplewatch.co.kr/article/view/ppw202610030003,https://www.peoplewatch.co.kr/article/view/ppw202610030003,"Sat, 03 Oct 2026 18:56:00 +0900"
정무위,"국감 D-4⋯국힘, '인사·금융·사법' 3대 전선으로 대여공세","&quot;권대영 차관은 반드시 정무위 국감에 출석해야&quot; 단일종목 레버리지 ETF는 상품 도입의 최초 제안부터... 국민의힘은 김용범 전 청와대 정책실장과 박현주 미래에셋그룹 회장 등을 증인으로 요구했지만, 정무위원회가 1일... ",http://www.inews24.com/view/2011552,https://n.news.naver.com/mnews/article/031/0001063327?sid=100,"Sat, 03 Oct 2026 16:34:00 +0900"
정무위,대통령 '치킨값 점검' 예고에 업계 긴장…세무조사·국감까지 겹쳤다,오는 12일 공정거래위원회와 한국소비자원을 대상으로 열리는 국회 정무위원회 국감에는 조주연 홈플러스... 다만 정무위가 지난 1일 더불어민주당 주도로 증인 18명과 참고인 2명을 추가 의결한 만큼 추가 채택 가능성은... ,https://www.industrynews.co.kr/news/articleView.html?idxno=86982,https://www.industrynews.co.kr/news/articleView.html?idxno=86982,"Sat, 03 Oct 2026 16:32:00 +0900"
정무위,신한·국민·하나 줄줄이 뚫렸다… ‘AI 해킹’ 국감 최대 쟁점 급부상,8일 정무위 금융위 국감…사고 닷새 만에 금융당국 국회 출석 신한 2만5000명·국민 119명·하나 89명 정보유출... 국회 정무위원회가 오는 8일 금융위원회를 상대로 국정감사에 나선다. 국감을 불과 닷새 앞두고 신한은행과... ,https://biz.heraldcorp.com/article/10892529?ref=naver,https://n.news.naver.com/mnews/article/016/0002705157?sid=100,"Sat, 03 Oct 2026 14:19:00 +0900"
정무위,“상법 개정하면 뭐하나”…국회 ‘역주행’에 시장 분통 [시그널INSIDE],지배·일반주주 간 기준을 달리한 국회 정무위원회 주도 의무공개매수 제도를 둘러싼 자산운용업계 반발이 지속되고 있다. 정무위는 지배주주가 보유 지분을 먼저 전량 팔고 일반주주는 일부만 팔 수 있는 공개매수... ,https://www.sedaily.com/article/20097873?ref=naver,https://n.news.naver.com/mnews/article/011/0004667980?sid=101,"Sat, 03 Oct 2026 13:00:00 +0900"
정무위,"“국감 코앞서 터졌다”...은행권 정보유출, CEO들 불려가나",3일 금융권과 정치권에 따르면 국회 정무위원회는 이달 금융권 국정감사를 앞두고 주요 금융지주 회장과 은행장들에 대한 증인 신청을 진행하고 있다. 민간 금융회사 CEO의 실제 출석 여부는 여야 협의와 정무위의 증인... ,https://www.ekn.kr/web/view.php?key=20261003021131911,https://www.ekn.kr/web/view.php?key=20261003021131911,"Sat, 03 Oct 2026 12:36:00 +0900"
정무위,은행권 '보안 감독' 했나 안했나…내주 금융위 국정감사서 따진다,"국회 정무위원회의 금융위원회 국정감사가 임박한 가운데, 최근 잇따른 은행권 정보 유출 사고가 핵심... 3일 금융권에 따르면, 금융위원회는 오는 8일 국회 정무위원회로부터 국정감사를 받는다. 가장 관심이 쏠리는... ",https://www.newsway.co.kr/news/view?ud=2026100311531041146,https://www.newsway.co.kr/news/view?ud=2026100311531041146,"Sat, 03 Oct 2026 11:56:00 +0900"
정무위,[단독] &quot;손가락 자른다&quot;…악성 민원 급증에도 '법적 공백',&lt;강준현 / 더불어민주당 의원(국회 정무위)&gt; &quot;특이 민원에 대응을 하려면 나름의 조직과 역량을 강화해야 되거든요. 이 법이 지금 정무위에 계류가 돼있습니다. 빨리 심사를 해서…&quot; 악성 민원으로 인한 피해가 갈수록... ,http://www.yonhapnewstv.co.kr/news/MYH20261003113747k5c,https://n.news.naver.com/mnews/article/422/0000912191?sid=100,"Sat, 03 Oct 2026 11:38:00 +0900"
정무위,미리 보는 2026 국감…첫날부터 ‘조희대 재제청 거부’ 격돌 예고,정무위원회는 단일종목 레버리지 ETF 도입 논란과 함께 최근 은행권의 잇따른 고객 정보 유출 사고와 관련 시중은행장들의 증인 채택 여부에 관심이 모아진다. 이와 관련 정무위 여당 간사인 박상혁 더불어민주당 의원은... ,https://biz.heraldcorp.com/article/10892100?ref=naver,https://n.news.naver.com/mnews/article/016/0002705136?sid=100,"Sat, 03 Oct 2026 11:31:00 +0900"
정무위,"국민의힘, 장동혁·정점식 지도부 이재명정권 안보·민생 총체적 실정 ...","또한, “국토위, 정무위 등에서 민주당의 반대로 핵심 증인 출석이 무산됐다”며, “과거 윤석열...  서일준 정무위 간사(레버리지 ETF 증인채택 무산 및 권대영차관 임명 회피 인사 비판) 서일준 정무위... ",http://www.breaknews.com/1240860,http://www.breaknews.com/1240860,"Sat, 03 Oct 2026 10:20:00 +0900"
정무위,[단독] 정상혁 국감 소환…은행장들 '고객정보 유출' 포화,국회 정무위원회가 잇따른 고객 개인정보 유출 사고가 발생했던 은행장들을 국정감사에 부르기로 했다. 피해... 2일 대한금융신문 취재에 따르면 정무위는 정상혁 신한은행장을 비롯한 정보유출 사고 은행장들을 오는 19일... ,https://www.kbanker.co.kr/news/articleView.html?idxno=226068,https://www.kbanker.co.kr/news/articleView.html?idxno=226068,"Sat, 03 Oct 2026 09:52:00 +0900"
정무위,2만5천명 고객 정보 뚫린 신한은행⋯보안투자 5대 은행 중 '꼴찌',국회 정무위 소속 김재섭 의원이 금융감독원에서 제출받은 '최근 5년간 금융권 정보보호 예산 및 인력 현황'에 따르면 신한은행의 2022~2026년 연평균 정보보호 예산은 414억1400만원으로 같은 기간 연평균... ,https://www.autodaily.co.kr/news/articleView.html?idxno=600913,https://www.autodaily.co.kr/news/articleView.html?idxno=600913,"Sat, 03 Oct 2026 08:58:00 +0900"
정무위,탈탈 털리는 유통 국감…정보 유출부터 책임 회피까지,"12일 정무위는 쿠팡과 배민을 부른다. 증인으로는 주성원 쿠팡 총괄부사장과 김용석 우아한형제들 부사장이... 오진석 GS리테일 부사장도 정무위에 나온다. 상품을 부당하게 반품하고, 홈쇼핑 판촉비용 등을 납품업체에... ",https://magazine.hankyung.com/business/article/202609305812b,https://n.news.naver.com/mnews/article/050/0000111587?sid=101,"Sat, 03 Oct 2026 08:01:00 +0900"
정무위,"배달 수수료 규제, 라이더 잡는 '소득 상한제' 부메랑 되나...민주노총도...","더불어민주당 이강일 의원 등이 발의해 정무위 심사를 앞둔 배달 수수료 상한제법(배달 플랫폼 거래 공정화에 관한 법률안)은 수수료(중개 및 결제수수료 등)의 상한을 정하는 한편, 배달 라이더의 배달비의 최저와... ",https://www.asiaa.co.kr/news/articleView.html?idxno=265063,https://www.asiaa.co.kr/news/articleView.html?idxno=265063,"Sat, 03 Oct 2026 08:00:00 +0900"
정무위,"[2026 국감-IT] 티빙 최주희, 6일·13일 연달아 증인대…윤상현 제외","5일 국회에 따르면, 과학기굴정보방송통신위원회(과방위)와 정무위원회(정무위)는 최주희 대표와 이종현 SK텔레콤 CISO(정보보호최고책임자), 이상운 KT CISO, 홍관희 LG유플러스 CISO를 국감 증인으로 채택했다. 과방위는 6일... ",https://www.shinailbo.co.kr/news/articleView.html?idxno=5068240,https://www.shinailbo.co.kr/news/articleView.html?idxno=5068240,"Sat, 03 Oct 2026 07:10:00 +0900"
정무위,[2026 국감] ‘단일종목 레버리지 ETF’ 공방…진상 규명 제동 걸리나,3일 정치권에 따르면 국회 정무위원회는 최근 국정감사 일반증인 및 참고인 명단을 의결했다. 그러나... 정무위 야당 간사인 서일준 의원은 “이번 국정감사에서 반드시 밝혀야 할 핵심 현안 중 하나가 바로 단일종목... ,http://www.segyebiz.com/newsView/20261002515894?OutUrl=naver,http://www.segyebiz.com/newsView/20261002515894?OutUrl=naver,"Sat, 03 Oct 2026 07:02:00 +0900"
정무위,정유 4사 대표 공정위 국감 총출동…주유 방식·거래관행 도마,뉴스저널리즘 박지선 기자 = 국내 정유 4사 대표가 나란히 국회 정무위원회 국정감사 증언대에 오른다.... 3일 국회와 정유업계에 따르면 정무위는 지난 1일 전체회의를 열고 김종화 SK에너지 대표와 송명준 HD현대오일뱅크... ,https://www.ngetnews.com/news/articleView.html?idxno=554019,https://www.ngetnews.com/news/articleView.html?idxno=554019,"Sat, 03 Oct 2026 06:20:00 +0900"
정무위,野 수적 열세에 주요 증인채택 줄줄이 불발…'맹탕 국감' 현실화되나,"이어 정무위원회에서도 단일종목 레버리지 ETF 도입 과정과 정책 결정 경위를 규명하기 위해 증인 39명을... 실제 법제사법위원회와 운영위원회, 재정경제기획위원회, 정무위원회, 보건복지위원회 등에서는 국민의힘이... ",https://www.dailian.co.kr/news/view/1697436/?sc=Naver,https://n.news.naver.com/mnews/article/119/0003139206?sid=100,"Sat, 03 Oct 2026 06:01:00 +0900"
정무위,[국감 전운]①李정부 2년차 국감…與 '정책국감' vs 野 '정권심판' 격돌,"이와 관련, 국민의힘은 당초 김용범 전 정책실장 등을 정무위 증인으로 불러 정책 도입 경위 등을 질의할 예정이었으나 민주당의 반대로 채택이 불발됐다. 이밖에 이재명 정부 중점 사업인 미래대응기금, 호남 반도체 메가... ",https://www.newsis.com/view/NISX20261002_0003813002,https://n.news.naver.com/mnews/article/003/0014231284?sid=100,"Sat, 03 Oct 2026 06:00:00 +0900"
정무위,[주간사모펀드] EQT 팔고 한화생명·센트로이드 산다…애큐온 새판,"◆ 김병주 산자위 증인 채택…정무위는 홈플러스 대표 부른다 김병주 MBK파트너스 회장이 지난해에 이어... 정무위원회에서는 한창민 사회민주당 의원이 김 회장을 증인으로 신청했지만, 지난 1일 의결된 일반증인... ",https://news.tf.co.kr/read/economy/2372464.htm,https://n.news.naver.com/mnews/article/629/0000539216?sid=101,"Sat, 03 Oct 2026 00:01:00 +0900"
정태호,장애인구강진료센터 18곳 중 6곳 전담 치과의사 없어,인력 공백에 진료인원 목표 미달…정태호 &quot;처우 개선 강구해야&quot; 정부가 지정해 의료기관이 운영하는... 4일 국회 예산결산특별위원회 정태호 더불어민주당 의원이 보건복지부로부터 제출받은 자료에 따르면 올해 3월... ,https://www.yna.co.kr/view/AKR20261003038400530?input=1195m,https://n.news.naver.com/mnews/article/001/0016356201?sid=102,"Sun, 04 Oct 2026 06:05:00 +0900"
정태호,"[단독] 수십억 들인 한국은행 아카이브, 하루 10명도 안 찾았다","4일 국회 재정경제기획위원회 소속 정태호 더불어민주당 의원이 한은으로부터 제출받은 자료에 따르면... 이와 관련, 정태호 의원은 “아카이브가 수익 목적의 사업은 아니지만, 일반 국민과의 소통 강화라는 조성... ",https://www.joongang.co.kr/article/25466946,https://n.news.naver.com/mnews/article/025/0003555566?sid=102,"Sun, 04 Oct 2026 06:00:00 +0900"
정태호,"울산시, AI 산업 국비 승부수…극한호우엔 방재기준 높인다","협의회에는 김상욱 울산시장과 시 실·국장 등이 참석했으며 민주당에서는 김민석 당대표, 한병도 원내대표, 권칠승 정책위원회 의장, 정태호 국회 예산결산특별위원회 간사, 김태선 울산시당위원장 등이 자리했다.... ",https://www.industrynews.co.kr/news/articleView.html?idxno=86991,https://www.industrynews.co.kr/news/articleView.html?idxno=86991,"Sun, 04 Oct 2026 01:28:00 +0900"
정태호,"한국마사회, 자회사 노조와 첫 대화...교섭 의제로 고용·안전","정태호 공공산업희망노동조합 위원장은 &quot;경마장 이전 관련, 사전에 자회사 종사 직원들의 생존권과 고용보장의 충분한 고려가 필요하다는 점에서 이러한 교섭은 큰 의미가 있다&quot;고 강조했다. 이에 따라 향후 교섭에서는... ",https://www.asiaa.co.kr/news/articleView.html?idxno=264944,https://www.asiaa.co.kr/news/articleView.html?idxno=264944,"Sat, 03 Oct 2026 09:16:00 +0900"
정태호,한은 연말께 실물 금 1톤 매입 나선다,(사진=연합뉴스) 3일 국회 재정경제기획위원회 소속 정태호 더불어민주당 의원이 한국은행으로부터 제출받은 자료에 따르면 한은 외자운용원은 연말께 국내 생산 금을 매입할 예정이다. 한은은 정태호 의원실에 제출한... ,https://www.asiatime.co.kr/article/20260930500404,https://www.asiatime.co.kr/article/20260930500404,"Sat, 03 Oct 2026 09:02:00 +0900"
정태호,"김민석 &quot;울산·부산 시정 성공 뒷받침&quot;…민주당, PK 예산 지원 약속",낼 수 있는 지역의 상생 정책을 적극적으로 발굴하고 힘을 보태겠다&quot;고 말했다. 이날 울산·부산 예산정책협의회에는 김태선 당대표 비서실장 겸 울산시당위원장과 정태호·염태영·박홍배 민주당 의원 등도 참석했다.,https://www.fnnews.com/news/202610021936274834,https://n.news.naver.com/mnews/article/014/0005584465?sid=100,"Fri, 02 Oct 2026 19:40:00 +0900"
정태호,"김민석, 울산·부산 찾아 지원 약속…&quot;민주당이 시정 성공 뒷받침&quot;(종합...","낼 수 있는 지역의 상생 정책을 적극적으로 발굴하고, 힘을 보태겠다&quot;고 화답했다. 이번 울산, 부산 예산정책협의회에는 김태선 당대표 비서실장 겸 울산시당위원장, 정태호·염태영·박홍배 민주당 의원 등이 참석했다．",https://www.newsis.com/view/NISX20261002_0003813224,https://n.news.naver.com/mnews/article/003/0014231088?sid=100,"Fri, 02 Oct 2026 19:33:00 +0900"
정태호,민주당 지도부 부산 집결…김민석 &quot;전재수 당선·해양수도권 중요성 인...,"이날 협의회에는 전재수 부산시장과 김민석 더불어민주당 대표, 한병도 원내대표, 권칠승 정책위원회 의장, 이광재 국회 예산결산특별위원장, 정태호 예결위 간사, 박홍배 민주당 부산시당위원장과 한갑용 부산시의회... ",https://www.news1.kr/local/busan-gyeongnam/6309539,https://n.news.naver.com/mnews/article/421/0009207488?sid=102,"Fri, 02 Oct 2026 19:22:00 +0900"
정태호,민주당 지도부·울산시 '국회 증액사업·지역현안' 논의,"정책위의장, 정태호 예결위 간사, 염태영 참좋은지방정부위원장, 김태선 울산광역시당 위원장, 이동권... 더불어민주당은 김민석 당대표, 한병도 원내대표, 권칠승 정책위의장, 정태호 예결위 간사, 염태영... ",https://www.ohmynews.com/NWS_Web/View/at_pg.aspx?CNTN_CD=A0003272238&CMPT_CD=P0010&utm_source=naver&utm_medium=newsearch&utm_campaign=naver_news,https://n.news.naver.com/mnews/article/047/0002531055?sid=100,"Fri, 02 Oct 2026 17:11:00 +0900"
정태호,"울산시, 민주당 지도부에 “AI·에너지·교통 국비 힘 모아 달라”","이 자리에는 김상욱 시장을 비롯해 민주당 김민석 대표, 한병도 원내대표, 정태호 국회 예산결산특별위원회 간사 등이 참석했다. 울산시는 이날 국회 증액 대상사업 10건을 제시했다. 여기에는 유니스트(UNIST)에... ",https://www.busan.com/view/busan/view.php?code=2026100214595571556,https://n.news.naver.com/mnews/article/082/0001400933?sid=102,"Fri, 02 Oct 2026 16:51:00 +0900"
정태호,"현금 가치 떨어지는데 금값은 왜 안 오를까…中 22개월째, 한은은 13년 ...",정태호 더불어민주당 의원실이 확보한 한은 자료에는 12월 14일 첫 거래를 목표로 1톤 안팎을 매입하는 계획이 담긴 것으로 알려졌다. 거래가 생산업체의 수출 물량과 매입 요청에 맞춰 이뤄지는 구조여서 실제... ,http://www.dailypop.kr/news/articleView.html?idxno=103076,http://www.dailypop.kr/news/articleView.html?idxno=103076,"Fri, 02 Oct 2026 16:50:00 +0900"
정태호,경영성과급·난임치료 세제 지원 확대 법안 발의,"정태호 의원 경영성과급 소득세 감면 기준을 8000만원으로 상향하고, 연 300만원 한도의 난임치료 지원금 비과세를 신설하는 '근로자 지원' 법안이 발의됐다. 국회 재정경제기획위원회 정태호 의원(더불어민주당)은... ",http://www.intn.co.kr/news/articleView.html?idxno=2053821,http://www.intn.co.kr/news/articleView.html?idxno=2053821,"Fri, 02 Oct 2026 16:50:00 +0900"
정태호,"울산시, 민주당 지도부에 2027년 국비 지원 요청… “핵심사업 예산 반...","더불어민주당에서는 김민석 당대표, 한병도 원내대표, 권칠승 정책위원회 의장, 정태호 예산결산특별위원회 간사, 염태영 참좋은지방정부위원장, 김태선 울산시당위원장과 지역위원장 등이 자리했다. 울산시는 이날... ",https://view.asiae.co.kr/article/2026100216332539512,https://n.news.naver.com/mnews/article/277/0005824232?sid=102,"Fri, 02 Oct 2026 16:40:00 +0900"
정태호,울산시 예산정책협의회…내년 국비 확보 당 차원 지원 요청,"이날 협의회에는 김상욱 시장과 실·국장이 등이 참석했으며, 민주당에서는 김민석 당대표, 한병도 원내대표, 권칠승 정책위원회 의장, 정태호 예산결산특별위원회 간사, 김태선 울산시당위원장 등이 함께 했다. 시는... ",https://www.newsis.com/view/NISX20261002_0003812245,https://n.news.naver.com/mnews/article/003/0014230770?sid=102,"Fri, 02 Oct 2026 16:38:00 +0900"
정태호,"울산시-민주당, 예산정책협의회…내년 국비·지역 현안 논의","민주당에서는 김민석 당대표, 한병도 원내대표, 권칠승 정책위원회 의장, 정태호 예산결산특별위원회 간사, 염태영 참좋은지방정부위원장, 김태선 울산시당 위원장과 지역위원장 등이 참석했다. 시는 이 자리에서 산업... ",https://www.nocutnews.co.kr/news/6586669?utm_source=naver&utm_medium=article&utm_campaign=20261002043725,https://n.news.naver.com/mnews/article/079/0004195329?sid=102,"Fri, 02 Oct 2026 16:38:00 +0900"
정태호,"김민석 &quot;산업AX·동북아 에너지 허브 도시 울산, 성과 만드는 게 민주당...","있다&quot;며 &quot;영남의 민주 본거지가 되고 동북아 에너지의 허브가 될 수 있도록 이끌어 달라&quot;고 강조했다. 이번 울산 예산정책협의회에는 김태선 당대표 비서실장 겸 울산시당위원장, 정태호·염태영 민주당 의원 등이 참석했다.",https://www.newsis.com/view/NISX20261002_0003812929,https://n.news.naver.com/mnews/article/003/0014230761?sid=100,"Fri, 02 Oct 2026 16:32:00 +0900"
정태호,"울산시-민주당, 2027년 국비 확보 '원팀' 행보","민주당은 김민석 당대표, 한병도 원내대표, 권칠승 정책위의장, 정태호 예결위 간사, 염태영... 정태호 예결위 간사는 &quot;울산의 발전이 곧 대한민국의 발전&quot;이라며, 제조업과 인공지능(AI)의 결합을 통한 대전환에 뜻을... ",http://www.newstomato.com/ReadNews.aspx?no=1315579&inflow=N,http://www.newstomato.com/ReadNews.aspx?no=1315579&inflow=N,"Fri, 02 Oct 2026 16:26:00 +0900"
정태호,"민주, 부산·울산 ‘공들이기’…민선 9기 첫 예산정책협의회","민주당에서는 김민석 당대표와 한병도 원내대표, 권칠승 정책위의장, 정태호 국회예산결산특별위원회 간사, 염태영 참좋은지방정부위원장, 김태선 울산시당위원장이, 울산시에서는 김상욱 시장과 손근호 시의회... ",https://biz.heraldcorp.com/article/10892093?ref=naver,https://n.news.naver.com/mnews/article/016/0002704981?sid=100,"Fri, 02 Oct 2026 16:19:00 +0900"
정태호,울산시-민주당 예산정책협의회…AI 실증센터 등 예산 반영 건의,"민주당에서는 김민석 당대표와 한병도 원내대표, 권칠승 정책위의장, 정태호 국회 예산결산특별위원회 간사, 염태영 참좋은지방정부위원장, 김태선 울산시당위원장과 지역위원장 등이 자리했다. 김 시장은 &quot;산업... ",https://www.news1.kr/local/ulsan/6309256,https://n.news.naver.com/mnews/article/421/0009207071?sid=102,"Fri, 02 Oct 2026 16:17:00 +0900"
정태호,한국마사회·자회사 노조 첫 공식 만남…노사 상생 방안 논의,정태호 공공산업희망노동조합 위원장은 직원들의 생존권과 고용보장을 고려할 수 있는 교섭이라는 점에서 큰 의미가 있다고 말했습니다. 배광석 한국마사회 경영지원본부장은 현장에서 체감할 수 있는 실질적인... ,https://news.bbsi.co.kr/news/articleView.html?idxno=4110127,https://news.bbsi.co.kr/news/articleView.html?idxno=4110127,"Fri, 02 Oct 2026 16:12:00 +0900"
정태호,"한국마사회-공공산업희망노조, 첫 공식 만남…근무환경 개선·안전 강화...","마사회-마사회시설관리(주) 상견례 후 단체사진(중앙좌측 마사회시설관리 정태호 위원장, 중앙우측 마사회... 정태호 위원장은 경마장 이전과 관련해 자회사 직원들의 생존권과 고용보장의 충분한 고려가 필요하다고... ",https://www.gukjenews.com/news/articleView.html?idxno=3711804,https://www.gukjenews.com/news/articleView.html?idxno=3711804,"Fri, 02 Oct 2026 15:32:00 +0900"
정태호,정태호 의원 &quot;기업의 근로자·배우자 난임치료 지원금 연 300만원까지 비...,정태호 의원(더불어민주당)은 지난달 28일 이같은 내용의 ‘근로자 지원 세제 확대 2법’(조세특례제한법... 정태호 의원은 “기업이 성과를 근로자와 나누고 근로자가 일과 가정을 함께 꾸려갈 수 있도록 지원하는 것은... ,https://www.taxtimes.co.kr/news/article.html?no=277146,https://www.taxtimes.co.kr/news/article.html?no=277146,"Fri, 02 Oct 2026 15:26:00 +0900"
정태호,"한국마사회, 자회사 노조와 첫 공식 만남…단체교섭 본격화",면담에 참석한 정태호 공공산업희망노동조합 위원장은 경마장 이전 논의 과정에서 자회사 노동자들의 생존권과 고용 안정이 최우선으로 고려돼야 함을 피력했다. 배광석 미래전략본부장 겸 경영지원본부장은 자회사를... ,https://www.consumuch.com/news/articleView.html?idxno=79173,https://www.consumuch.com/news/articleView.html?idxno=79173,"Fri, 02 Oct 2026 15:24:00 +0900"
정태호,"與 이광재 &quot;과세 기준, 현재 물가로 현실화 해야 … 소득세 공제 등 상향...","기준에 맞게 대전환하는 전기를 만들어내야 한다&quot;고 말했다. 해당 결의안에는 한병도 원내대표, 조승래 재정경제기획위원장, 오기형 재경위 간사, 정태호 예결위 간사 등 19명이 공동발의자로 함께 했다. 뉴데일리 남수지",https://www.newdaily.co.kr/site/data/html/2026/10/02/2026100200222.html,https://www.newdaily.co.kr/site/data/html/2026/10/02/2026100200222.html,"Fri, 02 Oct 2026 15:24:00 +0900"
정태호,"국가계약법 개정안, 혁신기술 공공조달 문턱 낮춘다","정태호 더불어 민주당 의원. [사진=정태호 의원실] 공공부문에 혁신기술을 신속하게 도입할 수 있도록 국가계약제도를 개편하는 법안이 발의됐다. 연구개발(R&amp;D)과 구매를 연계하고, 기술적 해법을 사전에 확정하기 어려운... ",https://www.koit.co.kr/news/articleView.html?idxno=209335,https://www.koit.co.kr/news/articleView.html?idxno=209335,"Fri, 02 Oct 2026 14:58:00 +0900"
정태호,"한국마사회, 자회사 노조와 첫 공식 대화…고용·안전 현안 논의","정태호 공공산업희망노동조합 위원장은 &quot;경마장 이전 관련, 사전에 자회사 종사 직원들의 생존권과 고용보장의 충분한 고려가 필요하다는 점에서 이러한 교섭은 큰 의미가 있다&quot;고 강조했다. 배광석 한국마사회... ",https://www.wolyo.co.kr/news/articleView.html?idxno=318601,https://www.wolyo.co.kr/news/articleView.html?idxno=318601,"Fri, 02 Oct 2026 14:42:00 +0900"
정태호,"한국마사회, 자회사 노조와 첫 단체교섭…공공부문 상생 노사관계 모델...","공공산업희망노동조합 정태호 위원장은 이번 교섭의 의미를 높이 평가했다. 정 위원장은 &quot;경마장 이전 관련, 사전에 자회사 종사 직원들의 생존권과 고용보장의 충분한 고려가 필요하다는 점에서 이러한 교섭은 큰 의미가... ",http://www.globalepic.co.kr/view.php?ud=20261002143717318848439a4874_29,http://www.globalepic.co.kr/view.php?ud=20261002143717318848439a4874_29,"Fri, 02 Oct 2026 14:40:00 +0900"
정태호,"한국마사회-마사회시설관리 노조, 단체교섭 앞두고 첫 공식 만남 가져","정태호 공공산업희망노동조합 위원장은 &quot;경마장 이전 관련, 사전에 자회사 종사 직원들의 생존권과 고용보장의 충분한 고려가 필요하다는 점에서 이러한 교섭은 큰 의미가 있다&quot;고 밝혔다. 배광석 한국마사회... ",https://www.100ssd.co.kr/news/articleView.html?idxno=213215,https://www.100ssd.co.kr/news/articleView.html?idxno=213215,"Fri, 02 Oct 2026 14:36:00 +0900"
정태호,"마사회·자회사 노조, 첫 교섭 준비…&quot;함께하는 중요 동반자&quot;",정태호 공공산업희망노동조합 위원장은 &quot;경마장 이전 관련해 사전에 자회사 종사 직원들의 생존권과 고용보장의 충분한 고려가 필요하다는 점에서 이런 교섭은 큰 의미가 있다&quot;고 강조했다. 배광석 마사회... ,https://www.newspim.com/news/view/20261002000808,https://www.newspim.com/news/view/20261002000808,"Fri, 02 Oct 2026 14:22:00 +0900"
정태호,"한국마사회, 자회사 노조와 사상 첫 교섭… 상생 노사관계 첫걸음",정태호 노조 위원장은 &quot;경마장 이전과 관련해 자회사 종사자들의 생존권과 고용 보장에 대한 충분한 고려가 필요하다는 점에서 이번 교섭의 의미가 크다&quot;고 밝혔다. 배광석 경영지원본부장은 &quot;자회사는 마사회의 핵심... ,https://www.nbntv.co.kr/news/articleView.html?idxno=4025631,https://www.nbntv.co.kr/news/articleView.html?idxno=4025631,"Fri, 02 Oct 2026 14:18:00 +0900"
김영진 의원,"박승원 광명시장, &quot;시민과 함께 오늘의 성장 넘어 더 나은 미래 만들겠...","도·시의원과 시민 등 500여 명이 참석했다. 시민헌장 낭독과 시민 축하 영상 상영, 추미애 경기도지사와 상호결연 도시의 축하 메시지 소개 등이 진행됐다. 시상식에서는 광명시민대상 수상자인 윤은숙·이미선·김영진... ",http://www.globalepic.co.kr/view.php?ud=2026100216461914555f69d33b22_29,http://www.globalepic.co.kr/view.php?ud=2026100216461914555f69d33b22_29,"Sat, 03 Oct 2026 11:36:00 +0900"
김영진 의원,[사진] 여권 인사만의 중수청 개청식,"더불어민주당 서영교(법제사법위원장)·김영진 의원(행정안전위원장), 윤호중 행정안전부 장관, 오동운 공수처장(왼쪽 다섯째부터) 등이 2일 서울 중구에서 열린 중대범죄수사청 개청식에서 현판 제막을 하고 있다. 이날... ",https://www.joongang.co.kr/article/25466843,https://n.news.naver.com/mnews/article/353/0000056800?sid=102,"Sat, 03 Oct 2026 01:45:00 +0900"
김영진 의원,"수원시의회, 고등1·세류2·화서1 공공재개발 주민간담회","간담회에는 김미경 의장을 비롯해 조인희 의원(더불어민주당, 매교·매산·고등·화서1·2·세류1), 황수영 경기도의원(더불어민주당, 세류1·매교·매산·고등·화서1·2), 김영준 보좌관(김영진 국회의원실), 수원특례시... ",https://www.newstnt.com/news/articleView.html?idxno=721387,https://www.newstnt.com/news/articleView.html?idxno=721387,"Fri, 02 Oct 2026 19:52:00 +0900"
김영진 의원,‘고발장 오픈런’ ‘나사 빠진 현판’… 중수청 개청 첫날 풍경은,"외빈으로는 서 위원장을 비롯해 김영진 행정안전위원장, 이해식·김의겸 의원 등 여권 인사가 주로 참석했다. 수사기관 관계자는 오동운 고위공직자범죄수사처장과 김종철 경찰청장 직무대행 등이 자리했다. 서 위원장은... ",https://www.segye.com/newsView/20261002513753?OutUrl=naver,https://n.news.naver.com/mnews/article/022/0004163699?sid=102,"Fri, 02 Oct 2026 18:35:00 +0900"
김영진 의원,박승원 광명시장 “시민과 함께 더 나은 미래로”…광명 미래 비전 제시,"도·시의원, 각계각층 시민 등 500여 명이 참석했다. 참석자들은 시민헌장 낭독과 시민 축하 영상, 추미애 경기도지사와 상호결연 도시의 축하 메시지를 통해 광명시 발전을 축하했다. 시상식에서는 윤은숙·이미선·김영진... ",https://view.asiae.co.kr/article/2026100218202503383,https://n.news.naver.com/mnews/article/277/0005824281?sid=102,"Fri, 02 Oct 2026 18:20:00 +0900"
김영진 의원,대미투자도 與野 아닌 ‘대한민국 국회’ 묻는 김성원 [주간 여의도 Who...,2020년 21대 국회에서는 국민의힘 전신인 미래통합당의 주호영 원내대표·김성원 원내수석과 민주당의 김태년 원내대표·김영진 원내수석이 카운터파트였다. 지금까지도 이른바 ‘2+2’ 만남을 이어오고 있다. 한중의원연맹... ,https://www.seoul.co.kr/news/politics/2026/10/02/20261002500248?wlog_tag3=naver,https://n.news.naver.com/mnews/article/081/0003685720?sid=100,"Fri, 02 Oct 2026 17:41:00 +0900"
김영진 의원,박승원 광명시장 “시민과 함께 오늘의 성장 넘어 더 나은 미래로 가는...,"이날 기념식은 박 시장을 비롯해 국회의원, 도의원, 시의원과 각계각층 시민 500여 명이 참석해 광명시 발전을... 이어진 시상식에서는 광명시민대상 수상자인 윤은숙, 이미선, 김영진 씨 외에 40여 명의 시민이 경기도민상... ",http://www.inews24.com/view/2011577,https://n.news.naver.com/mnews/article/031/0001063247?sid=102,"Fri, 02 Oct 2026 17:24:00 +0900"
김영진 의원,"중수·공소청, 제 기능 못하는 내막",회의록에 따르면 소위원장인 더불어민주당 이해식 의원이 “공소청 관계자는 나와 있느냐”고 묻자 김민재... 친명(친 이재명)계 핵심인 김영진 행안위원장도 이날 SBS라디오 &lt;김태현의 뉴스쇼&gt;에서 “후보자에 대한... ,https://www.ilyosisa.co.kr/news/article.html?no=258143,https://www.ilyosisa.co.kr/news/article.html?no=258143,"Fri, 02 Oct 2026 17:08:00 +0900"
김영진 의원,"서영교 “중수청, 축하합니다” 야당 없는 반쪽 개청식…공소청은 조용...","행정부, 국회 등의 외빈이 초대됐는데 윤호중 행정안전부 장관, 국회 행정안전위원회·법사위 김영진·서영교 위원장, 이해식·김의겸 의원(여당 간사) 등 중수청 출범을 강행한 여권 인사가 대부분이었다. 행안위·법사위의... ",https://www.joongang.co.kr/article/25466727,https://n.news.naver.com/mnews/article/025/0003555432?sid=102,"Fri, 02 Oct 2026 16:32:00 +0900"
김영진 의원,박승원 &quot;시민과 더 나은 미래 만들 것&quot;…광명 미래 비전 제시,"이날 행사에는 국회의원, 도의원, 시의원과 각계각층 시민 500여 명이 참석해 광명시 발전을 축하했다.... 이어진 시상식에서는 광명시민대상 수상자인 윤은숙, 이미선, 김영진 씨를 비롯해 40여 명의 시민이 경기도민상 등을... ",https://www.gukjenews.com/news/articleView.html?idxno=3711909,https://www.gukjenews.com/news/articleView.html?idxno=3711909,"Fri, 02 Oct 2026 16:24:00 +0900"
김영진 의원,전기차 화재 비중 5년 새 5배… 올 상반기 73건,김영진 의원은 “전기차 보급 확대로 화재 건수와 피해가 증가해 소방청 차원의 전기차 맞춤형 화재 진압체계 구축이 시급하다”며 “아파트 지하주차장 등 밀폐공간에 특화된 소방설비 기준을 강화하고... ,http://fpn119.co.kr/257476,http://fpn119.co.kr/257476,"Fri, 02 Oct 2026 15:12:00 +0900"
김영진 의원,'2026 대한민국엔터테인먼트 대상' 10월 10일 국회서 개최…장항준·이영...,"국회의원, 임만균 서울시의회 의장이 축사에 나서며 이세진 아나운서와 연합뉴스TV 황인성이 진행을 맡는다. 문화연예대상에는 배우 이영하와 김보연을 비롯해 설도윤 전 한국뮤지컬협회 이사장, 김영진... ",https://www.mhns.co.kr/news/articleView.html?idxno=762626,https://www.mhns.co.kr/news/articleView.html?idxno=762626,"Fri, 02 Oct 2026 15:02:00 +0900"
김영진 의원,"박승원 광명시장, 시민의 날 기념식서 순환성장경제 등 시정 방향 제시","이날 기념식에는 박 시장을 비롯해 국회의원, 도의원, 시의원과 각계각층의 시민 500여 명이 참석해 광명시의... 시상식에서는 광명시민대상 수상자인 윤은숙·이미선·김영진 씨를 비롯해 시민 40여 명이 경기도민상 등을... ",https://www.m-i.kr/news/articleView.html?idxno=2002353,https://www.m-i.kr/news/articleView.html?idxno=2002353,"Fri, 02 Oct 2026 14:34:00 +0900"
김영진 의원,[이슈] 78년만 檢폐지①…공소청·중수청 시대 오늘 개막,"법제사법위원장, 김영진 행정안전위원장이 참석했다. 또한 오동운 고위공직자범죄수사처장, 김정욱... 더불어민주당 의원마저 자진 사퇴하면서 장관 인선이 난항에 빠졌다. 이에 따라 초대 공소청장 인선 절차는 첫발조차... ",https://www.polinews.co.kr/news/articleView.html?idxno=744733,https://www.polinews.co.kr/news/articleView.html?idxno=744733,"Fri, 02 Oct 2026 14:29:00 +0900"
김영진 의원,박승원 광명시장 &quot;시민과 함께 오늘의 성장 넘어 더 나은 미래로&quot;,"이날 기념식은 박 시장을 비롯해 국회의원, 도의원, 시의원과 각계각층 시민 500여 명이 참석해 광명시... 이어진 시상식에서는 광명시민대상 수상자인 윤은숙, 이미선, 김영진 씨 외에 40여 명의 시민이 경기도민상 등을... ",https://www.ajunews.com/view/20261002133052883,https://www.ajunews.com/view/20261002133052883,"Fri, 02 Oct 2026 13:48:00 +0900"
김영진 의원,"수원특례시의회, 공공재개발 주민 소통창구 논의","간담회에는 김미경 의장과 조인희 수원시의원, 황수영 경기도의원, 김영진 국회의원실 김영준 보좌관, 수원시 도시개발국장, 수원도시공사 관계자, 각 구역 주민대표준비위원회 관계자 등이 참석했다. 참석자들은 구역별... ",http://www.enewstoday.co.kr/news/articleView.html?idxno=2476614,http://www.enewstoday.co.kr/news/articleView.html?idxno=2476614,"Fri, 02 Oct 2026 13:40:00 +0900"
김영진 의원,"광명시, 개청 45주년…박승원 시장 &quot;민생·AI·청년 중심 미래도시로&quot;","이날 기념식에는 박 시장과 국회의원, 도·시의원, 시민 등 500여명이 참석했다. 시민헌장 낭독과 시민 축하 영상 상영, 축하 메시지 공유 등이 진행됐다. 시상식에서는 광명시민대상 수상자인 윤은숙·이미선·김영진 씨를... ",https://www.shinailbo.co.kr/news/articleView.html?idxno=5068269,https://www.shinailbo.co.kr/news/articleView.html?idxno=5068269,"Fri, 02 Oct 2026 13:38:00 +0900"
김영진 의원,"‘전열 재정비’ 이 대통령, 민생·통합 속도낸다","여권에서는 한준호·천준호·박성준·김영진 의원 등 이 대통령과 가까운 현역 의원들과 함께 이철희·최재성 전 의원, 김경수 전 지방시대위원장 등 친문계 인사들이 후보군으로 거론된다. 친문 인사가 비서실장에 기용될... ",https://www.naeil.com/news/read/604112?ref=naver,https://www.naeil.com/news/read/604112?ref=naver,"Fri, 02 Oct 2026 13:02:00 +0900"
김영진 의원,수원형 공공재개발 추진 점검…주민대표들 &quot;사업 지연 최소화해야&quot;,"이날 간담회에는 수원특례시의회 김미경 의장을 비롯해 김영진 국회의원실 김영준 보좌관, 황수영 도의원, 수원시 도시개발국과 수원도시공사 관계자, 고등1구역·세류2구역·화서1구역 주민대표 등이 참석했다.... ",https://www.incheonilbo.com/news/articleView.html?idxno=1333372,https://www.incheonilbo.com/news/articleView.html?idxno=1333372,"Fri, 02 Oct 2026 12:20:00 +0900"
김영환,[패트롤] 고양시-김포시-남양주시-양주시-파주시,"이날 개막식에는 민경선 고양특례시장, 김미수 고양시의회 의장, 이기헌-김영환 국회의원, 정문식 고양정 당협위원장, 고은정 경기도의회 부의장 등을 비롯해 주한 미얀마 대사관 야르 자르 민(Mr. Yar Zar Min) 참사관, 태국... ",https://www.ekn.kr/web/view.php?key=20261003021081975,https://www.ekn.kr/web/view.php?key=20261003021081975,"Sat, 03 Oct 2026 12:06:00 +0900"
김영환,꽃과 미술의 만남…'고양가을꽃축제'·'PIATE 2026' 공동 개막,"이날 행사에는 민경선 고양특례시장을 비롯해 김미수 고양시의회 의장, 이기헌·김영환 국회의원, 정문식 고양정 당협위원장, 고은정 경기도의회 부의장 등 지역 정관계 인사들이 대거 참석했다. 또한 야르 자르 민(Yar... ",https://www.sidae.com/article/2026100311163411370,https://n.news.naver.com/mnews/article/417/0001160000?sid=102,"Sat, 03 Oct 2026 11:24:00 +0900"
김영환,"13년만에 3400억원 금 매입한 韓銀, 그런데 금괴가 아니었다…미국 금 E...",3일 국회 재정경제기획위원회 소속 김영환 더불어민주당 의원이 한국은행으로부터 제출받은 자료에 따르면 한은은 올해 6월 말 기준 세계 최대 금 ETF인 ‘SPDR 골드 셰어스’ 약 68만주를 보유하고 있다. 당시 평가액은... ,https://www.kbmaeil.com/article/20261003500056,https://www.kbmaeil.com/article/20261003500056,"Sat, 03 Oct 2026 10:34:00 +0900"
김영환,"고양, 꽃과 예술로 물든 가을…'고양가을꽃축제·PIATE 2026' 막 올라","개막식에는 민경선 고양특례시장을 비롯해 김미수 고양시의회 의장, 이기헌·김영환 국회의원, 정문식 고양정 당협위원장, 고은정 경기도의회 부의장 등이 참석했다. 또 주한 미얀마 대사관 야르 자르 민 참사관과 태국... ",https://www.tournews21.com/news/articleView.html?idxno=144878,https://www.tournews21.com/news/articleView.html?idxno=144878,"Sat, 03 Oct 2026 07:28:00 +0900"
김영환,"한은, 금괴 대신 금ETF 3400억어치 샀는데…성적표는 '깜깜이'","3일 국회 재정경제기획위원회 소속 김영환 더불어민주당 의원이 한국은행으로부터 제출받은 자료에... 김영환 의원은 &quot;정확한 매입 시점과 단가, 평가손익을 공개하지 않는다면 투자 판단의 적정성도 검증하기... ",https://www.news1.kr/politics/assembly/6309205,https://n.news.naver.com/mnews/article/421/0009207662?sid=100,"Sat, 03 Oct 2026 06:01:00 +0900"
김영환,고양가을꽃축제·PIATE 2026 공동 개막…꽃과 현대미술 한자리,"개막식에는 민경선 시장과 김미수 의장, 이기헌·김영환 국회의원, 정문식 고양정 당협위원장, 고은정 경기도의회 부의장을 비롯해 국내외 문화예술 관계자 등 100여 명이 참석했다. 주한 미얀마 대사관 야르 자르 민... ",http://www.metroseoul.co.kr/article/20261002500275,http://www.metroseoul.co.kr/article/20261002500275,"Fri, 02 Oct 2026 22:04:00 +0900"
김영환,"&quot;꽃밭이 미술관으로&quot;...고양특례시, 가을 도심을 거대한 '예술 정원'으로","이날 개막식에는 민경선 고양특례시장과 김미수 고양시의회 의장, 이기헌·김영환 국회의원, 정문식 고양정 당협위원장, 고은정 경기도의회 부의장 등이 참석했다. 또 주한 미얀마 대사관 야르 자르 민(Mr. Yar Zar Min)... ",https://www.pointdaily.co.kr/news/articleView.html?idxno=321237,https://www.pointdaily.co.kr/news/articleView.html?idxno=321237,"Fri, 02 Oct 2026 22:00:00 +0900"
김영환,“분리 후 협력” “권한 주고 통제”…영국·독일 사법 체계는?,"베를린에서 KBS 뉴스 송영석입니다. 촬영:김영환/영상편집:김유진/화면출처:영국 채널4, 호주 ABC, CNN, 헤센샤우, ITN / GettyimagesKorea/그래픽:조재현 박미주/자료조사:조하은 김경민",https://news.kbs.co.kr/news/pc/view/view.do?ncd=8676838&ref=A,https://n.news.naver.com/mnews/article/056/0012267206?sid=104,"Fri, 02 Oct 2026 21:13:00 +0900"
김영환,꽃과 현대미술의 조화…'2026 고양가을꽃축제'·'PIATE 2026' 공동 개막,"(사진=고양시청 제공) 민경선 고양시장, 김미수 고양시의회 의장, 이기헌·김영환 국회의원을 비롯해 주한 미얀마 대사관 참사관, 태국 치앙마이 아트뮤지엄 회장 등 국내외 인사 100여 명이 참석했으며... ",http://www.babytimes.co.kr/news/articleView.html?idxno=74277,http://www.babytimes.co.kr/news/articleView.html?idxno=74277,"Fri, 02 Oct 2026 20:18:00 +0900"
김영환,"고양 가을, 꽃과 예술로 물들다…가을꽃축제·PIATE 공동 개막","이날 개막식에는 민경선 고양특례시장과 김미수 고양시의회 의장, 이기헌·김영환 국회의원, 정문식 고양정 당협위원장, 고은정 경기도의회 부의장 등 국내외 주요 인사와 문화예술 관계자 100여 명이 참석했다.... ",https://view.asiae.co.kr/article/2026100220020594171,https://n.news.naver.com/mnews/article/277/0005824305?sid=102,"Fri, 02 Oct 2026 20:02:00 +0900"
김영환,고양 가을 물들인 꽃과 예술…가을꽃축제·PIATE 2026 공동 개막,"이날 행사에는 민경선 고양특례시장과 김미수 고양시의회 의장, 이기헌·김영환 국회의원 등 지역 주요 인사와 주한 미얀마 대사관 관계자, 태국 치앙마이 아트뮤지엄 관계자 등 국내외 문화예술계 인사 100여 명이... ",https://www.ppss.kr/news/articleView.html?idxno=313841,https://www.ppss.kr/news/articleView.html?idxno=313841,"Fri, 02 Oct 2026 19:40:00 +0900"
김영환,"국비·현안 해결되나?,여당 &quot;적극 지원&quot;",김영환 기자의 보돕니다. (리포트) 김상욱 울산시장과 더불어민주당 김민석 대표를 비롯한 당 지도부가... 예산 심의와 정부 정책 결정 과정에서 실제 성과로 이어질 수 있을지 관심이 쏠리고 있습니다. UBC뉴스 김영환입니다.,https://www.ubc.co.kr/news/28220/,https://www.ubc.co.kr/news/28220/,"Fri, 02 Oct 2026 19:38:00 +0900"
김영환,&quot;7천피서 꼼짝 못하네&quot;…증시 발목 잡힌 이유 있었다,김영환 NH투자증권 수석연구원은 “기관투자가는 높은 변동성을 선호하지 않기 때문에 ‘충분히 싸지 않으면 들어가지 않겠다’는 인식이 강해졌을 것”이라며 “주가가 더 크게 조정돼 밸류에이션 매력이... ,https://www.hankyung.com/article/2026100210371,https://n.news.naver.com/mnews/article/015/0005338715?sid=101,"Fri, 02 Oct 2026 17:53:00 +0900"
김영환,"고양가을꽃축제, 아트페어·공연 품고 11일간…민경선 '화훼산업에 활력...","개막식에는 재단 이사장인 민경선 고양특례시장을 비롯해 김미수 고양시의회 의장, 이기헌·김영환 국회의원, 정문식 고양정 당협위원장, 고은정 경기도의회 부의장이 참석했다. 해외에서는 야르 자르 민(Yar Zar Min)... ",https://www.etoday.co.kr/news/view/2632197,https://www.etoday.co.kr/news/view/2632197,"Fri, 02 Oct 2026 17:40:00 +0900"
김영환,&quot;꽃과 예술 한자리에&quot; '고양가을꽃축제·PIATE 2026' 공동 개막,"이날 개막식에는 민경선 고양특례시장과 김미수 고양시의회 의장, 이기헌·김영환 국회의원, 정문식 고양정 당협위원장, 고은정 경기도의회 부의장 등을 비롯해 국내외 주요 인사와 문화예술 관계자 등 100여 명이... ",https://www.wikitree.co.kr/articles/1163633,https://www.wikitree.co.kr/articles/1163633,"Fri, 02 Oct 2026 17:32:00 +0900"
김영환,[셀트리온 인사 전망]② 21명 올린 뒤 증설·입찰 본격화… 생산·품질·...,"새 이사는 강경두 중남미RHQ담당장, 강철구 세무담당장, 김동연 사업개발담당장, 김영환 엔지니어링담당장... 엔지니어링에서는 김영환 담당장이 새 이사로 올라갔다. 구매를 맡은 문대만 담당장도 같은 인사에서 이사가... ",https://www.newsclaim.co.kr/news/articleView.html?idxno=3077302,https://www.newsclaim.co.kr/news/articleView.html?idxno=3077302,"Fri, 02 Oct 2026 17:16:00 +0900"
김영환,고양가을꽃축제·PIATE 2026 공동 개막…꽃과 예술의 11일 여정 시작,"개막식에는 민경선 고양특례시장, 김미수 고양시의회 의장, 이기헌·김영환 국회의원, 정문식 고양정 당협위원장, 고은정 경기도의회 부의장 등이 참석했다. 여기에 주한 미얀마 대사관 야르 자르 민(Mr. Yar Zar Min)... ",http://www.enewstoday.co.kr/news/articleView.html?idxno=2476782,http://www.enewstoday.co.kr/news/articleView.html?idxno=2476782,"Fri, 02 Oct 2026 16:50:00 +0900"
김영환,"[위클리오늘] 2026고양가을꽃축제-PIATE 2026, 공동 개막식 개최","이날 개막식에는 민경선 고양특례시장, 김미수 고양시의회 의장, 이기헌 국회의원, 김영환 국회의원, 정문식 고양정 당협위원장, 고은정 경기도의회 부의장 등을 비롯해 주한 미얀마 대사관 야르 자르 민(Mr. Yar Zar... ",http://www.weeklytoday.com/news/articleView.html?idxno=796845,http://www.weeklytoday.com/news/articleView.html?idxno=796845,"Fri, 02 Oct 2026 16:42:00 +0900"
김영환,국회서 나온 韓銀 추가인상 신중론…12일 국감 쟁점되나,국회 재정경제기획위원회 소속 김영환 더불어민주당 의원은 2일 &quot;최근 물가 상승은 수요보다 유가와 환율 영향이 크다&quot;며 &quot;두 번의 선제적 금리인상을 한 만큼 추가 금리 인상은 더욱 신중하게 결정해야 한다'고 말했다.... ,https://news.einfomax.co.kr/news/articleView.html?idxno=4437632,https://news.einfomax.co.kr/news/articleView.html?idxno=4437632,"Fri, 02 Oct 2026 16:38:00 +0900"
김영환,"[스타트업 모닝커피 1409회] 글로벌알파미디어, 지보로 해외환자의 의료...","팀에는 카카오 중국법인 카테고리 헤드 출신의 엄화봉 프로덕트 총괄(Head of PM), 핀테크 해외송금 및 SK브로드밴드 협업 개발을 이끈 김영환 기술 총괄(Head of Software), 나이스 ATM 및 편의점 오프라인 결제망을 기획한... ",https://platum.kr/archives/295666,https://platum.kr/archives/295666,"Fri, 02 Oct 2026 13:22:00 +0900"
김영환,"국세청, 배달라이더 등 인적용역 소득자 원천세율 인하 효과 ‘홍보’","이날 간담회는 국세청과 더불어민주당 오기형·안도걸·김영환 의원, 국민의힘 배준영·강민국 의원이 공동 주최했다. 임광현 청장을 비롯해 공동 주최한 국회의원, 전국배달라이더협회·한국대리운전기사연합회... ",https://www.viva100.com/article/20261002500407,https://www.viva100.com/article/20261002500407,"Fri, 02 Oct 2026 12:38:00 +0900"
김영환,&quot;30년 전 과세기준 재정비해야&quot;…물가연동제 도입 촉구 결의안,"한편 이번 결의안에는 이광재 위원장을 비롯해 한병도 원내대표, 조승래 재정경제기획위원장, 오기형 재경위 간사, 정태호 예결위 간사, 정성호, 문진석, 김남준, 김영환, 김태년, 최기상, 맹성규, 박주민, 홍기원, 진선미... ",http://www.joseilbo.com/news/news_read.php?uid=576761&class=32&grp=,https://n.news.naver.com/mnews/article/123/0002391234?sid=100,"Fri, 02 Oct 2026 12:11:00 +0900"
김태년,&quot;법무·외교·국방 등 5개 부처 세종 이전 길 연다&quot;…행복도시법 개정안...,이번 개정안에는 복 의원을 비롯해 문진석·장종태·이연희·김태년·안호영·박용갑·이강일·이광재·강준현·한병도·손명수·이정문·김남근·김우영·이훈기·안도걸·남인순·송재봉·민병덕·장철민 의원 등 21명이... ,https://www.daejonilbo.com/news/articleView.html?idxno=2304826,https://n.news.naver.com/mnews/article/656/0000188442?sid=102,"Fri, 02 Oct 2026 18:01:00 +0900"
김태년,안민석 교육감 &quot;학교주변 전동킥보드 등 이용 제한 검토&quot;,"이날 타운홀미팅에서는 지역 학부모와 학교장을 비롯해 김태년 국회의원, 김병욱 전 국회의원, 경기도의회 교육기획위원회 국중범 위원장, 방성환 국민의힘 대표의원 등 도의원과 시의원을 포함하여 300여 명이 참석했다.... ",https://www.sidae.com/article/2026100215511437749,https://n.news.naver.com/mnews/article/417/0001159976?sid=102,"Fri, 02 Oct 2026 17:44:00 +0900"
김태년,대미투자도 與野 아닌 ‘대한민국 국회’ 묻는 김성원 [주간 여의도 Who...,"민주당의 김태년 원내대표·김영진 원내수석이 카운터파트였다. 지금까지도 이른바 ‘2+2’ 만남을 이어오고 있다. 한중의원연맹도 김태년 의원이 회장, 김 의원이 수석부회장을 맡고 있다. 민주당 다선 의원들도 김... ",https://www.seoul.co.kr/news/politics/2026/10/02/20261002500248?wlog_tag3=naver,https://n.news.naver.com/mnews/article/081/0003685720?sid=100,"Fri, 02 Oct 2026 17:41:00 +0900"
김태년,"[국회입법]김태년의원 등 18인, 지방세법 일부개정법률안 제안","김태년의원 등 18인은 지방세법 일부개정법률안을 제안했다고 2일, 밝혔다. 제안이유 및 주요내용은 현재... 하는 것이라고 김태년의원은 전했다. .(안 제69조제2항 및 제71조제3항). 김도현 로이슈(lawissue) 인턴 기자",http://www.lawissue.co.kr/view.php?ud=202610021628004770b50722e900_12,http://www.lawissue.co.kr/view.php?ud=202610021628004770b50722e900_12,"Fri, 02 Oct 2026 17:24:00 +0900"
김태년,"안민석 경기도교육감, 통학로 안전부터 교육재정·AI 시대 교육까지 '성...","이날 자리에는 지역 학부모와 학교장을 비롯해 김태년 국회의원, 김병욱 전 국회의원, 경기도의회 교육기획위원회 국중범 위원장, 방성환 국민의힘 대표의원 등 도의원과 시의원을 포함해 300여 명이 참석했다. 안민석... ",https://www.lecturernews.com/news/articleView.html?idxno=211483,https://www.lecturernews.com/news/articleView.html?idxno=211483,"Fri, 02 Oct 2026 15:30:00 +0900"
김태년,[PICK! 이 안건] 정태호 등 11인 &quot;경영성과급에 대한 소득세 감면대상 근...,"더불어민주당 정태호, 이연희, 김주영, 김태년, 이학영, 이광재, 윤후덕, 이주희, 안도걸, 정준호, 이수진 의원이다. 한편 해당 안건은 국회입법예고 홈페이지에서 해당 안건 검색 후 의견을 작성할 수 있다. [전국매일신문]... ",https://www.jeonmae.co.kr/news/articleView.html?idxno=1297506,https://www.jeonmae.co.kr/news/articleView.html?idxno=1297506,"Fri, 02 Oct 2026 13:24:00 +0900"
김태년,"추미애 제안 '지방세 3대 과제', 국회 입법 절차 돌입","이와 관련해 김태년 더불어민주당 의원 등 국회의원 18명이 관련법 일부개정안 6건을 순차적으로 발의한다는 계획입니다. 추미애 지사는 &quot;3대 과제가 국회 입법으로 구체화된 만큼, 지방정부의 재정 자율성과 지역의... ",https://news.skbroadband.com/news/articleView.html?idxno=239278,https://news.skbroadband.com/news/articleView.html?idxno=239278,"Fri, 02 Oct 2026 13:22:00 +0900"
김태년,&quot;30년 전 과세기준 재정비해야&quot;…물가연동제 도입 촉구 결의안,"한편 이번 결의안에는 이광재 위원장을 비롯해 한병도 원내대표, 조승래 재정경제기획위원장, 오기형 재경위 간사, 정태호 예결위 간사, 정성호, 문진석, 김남준, 김영환, 김태년, 최기상, 맹성규, 박주민, 홍기원, 진선미... ",http://www.joseilbo.com/news/news_read.php?uid=576761&class=32&grp=,https://n.news.naver.com/mnews/article/123/0002391234?sid=100,"Fri, 02 Oct 2026 12:11:00 +0900"
박홍근,초과세수 63조 국감 도마 위…AMRO도 '3%대 성장' 낼까[재경부·기획처 ...,박홍근 기획처 장관은 재추계 결과를 토대로 청와대·재경부와 협의해 법에 따라 사용 방안을 정하겠다고 밝힌 바 있어 적립 규모를 내놓을지 관심이 쏠린다. 미래대응기금 신설로 내년 지방교부세가 세수... ,https://www.edaily.co.kr/News/Read?newsId=01095526645609640&mediaCodeNo=257&utm_source=naver&utm_medium=referral&utm_campaign=news_syndication&utm_content=original_article,https://n.news.naver.com/mnews/article/018/0006380604?sid=101,"Sun, 04 Oct 2026 06:02:00 +0900"
박홍근,"이 대통령 &quot;경제 정상화, 상당한 성과 거두고 있어&quot;",이재명 대통령은 오늘(3일) 경제 정상화 성과를 강조하며 박홍근 기획예산처 장관과 공직자들을 칭찬했습니다. 이 대통령은 이날 엑스(X·옛 트위터)에 '경제가 회복의 흐름을 이어가고 있다'는 박 장관의 글을... ,http://mbn.mk.co.kr/pages/news/newsView.php?category=mbn00006&news_seq_no=5222908,https://n.news.naver.com/mnews/article/057/0001971873?sid=100,"Sat, 03 Oct 2026 17:22:00 +0900"
박홍근,이 대통령 “경제 정상화 상당한 성과…공직자 노력 덕분”,이재명 대통령이 3일 경제 성장 성과를 강조하며 “박홍근 장관님과 기획예산처 공직자 여러분이 참... (사진=연합뉴스) 이 대통령은 이날 오후 엑스(X·옛 트위터)에 박홍근 기획예산처 장관이 본인의 엑스에 올린... ,https://www.edaily.co.kr/News/Read?newsId=02335366645609312&mediaCodeNo=257&utm_source=naver&utm_medium=referral&utm_campaign=news_syndication&utm_content=original_article,https://n.news.naver.com/mnews/article/018/0006380170?sid=100,"Sat, 03 Oct 2026 16:47:00 +0900"
박홍근,李대통령 &quot;경제 정상화 상당한 성과…박홍근 장관·공직자 참 잘해&quot;,이재명 대통령이 3일 경제 정상화 성과를 강조하며 &quot;박홍근 장관님과 기획예산처 공직자 여러분 참 잘하고 계신다&quot;고 칭찬했다. 이 대통령은 이날 오후 엑스(X·옛 트위터)에 박 장관의 게시물을 공유하며 이같이 밝혔다.... ,https://www.news1.kr/politics/president/6309846,https://n.news.naver.com/mnews/article/421/0009208154?sid=100,"Sat, 03 Oct 2026 16:32:00 +0900"
박홍근,"김민석 &quot;부캉이 관심, 북항 돔 아레나로 이어가자&quot;",전재수 부산시장은 지난달 박홍근 기획예산처 장관을 부산 북항에서 만나 가덕도신공항 건설과 북항 복합형 돔 아레나 등 지역 현안에 대한 정부 지원을 요청한 바 있다. 민주당과 부산시도 최근 예산정책협의회에서 북항... ,https://news.tf.co.kr/read/ptoday/2372792.htm,https://n.news.naver.com/mnews/article/629/0000539253?sid=100,"Sat, 03 Oct 2026 16:13:00 +0900"
박홍근,"이 대통령 &quot;경제 정상화, 상당한 성과…국가 빠르게 정상화&quot;",OECD 성장률 전망 3.7%로 상향…박홍근 장관 게시글 공유 이재명 대통령은 마이너스 성장하던 경제를 정상화하는 데 상당한 성과를 거두고 있다고 밝혔습니다. 이 대통령은 오늘(3일) 엑스(X·옛 트위터)에 박홍근... ,http://www.yonhapnewstv.co.kr/news/AKR20261003145047StL,https://n.news.naver.com/mnews/article/422/0000912258?sid=100,"Sat, 03 Oct 2026 14:51:00 +0900"
박홍근,"이 대통령 &quot;복지급여, 신청하지 않아도 이제 국가가 먼저 챙긴다&quot;(종합...",이와 함께 이 대통령은 박홍근 기획예산처 장관이 X에 '대한민국의 새로운 도약을 위해 다시 힘을 모읍시다... 아울러 &quot;박홍근 장관과 기획예산처 공직자 여러분 참 잘하고 계신다. 공직자 여러분들의 혼신을 다한 노력... ,https://www.newsis.com/view/NISX20261003_0003813501,https://n.news.naver.com/mnews/article/003/0014231650?sid=100,"Sat, 03 Oct 2026 12:19:00 +0900"
박홍근,"李대통령 &quot;경제 정상화, 상당한 성과 거두고 있다&quot;",이 대통령은 이날 엑스(X·옛 트위터)에 '경제가 회복의 흐름을 이어가고 있다'는 박홍근 기획예산처 장관의 글을 공유하며 이같이 말했다. 박 장관은 경제협력개발기구(OECD)가 올해 우리나라 성장률을 1.1%포인트 올린 3.7... ,https://view.asiae.co.kr/article/2026100312072051907,https://n.news.naver.com/mnews/article/277/0005824367?sid=100,"Sat, 03 Oct 2026 12:07:00 +0900"
박홍근,[데일리안 주간 포토] 78년 검찰청 체제 역사 속으로...공소청·중수청 ...,"미래대응기금 당정협의 29일 오전 서울 여의도 국회 의원회관에서 열린 미래대응기금 관련 당정협의에서 더불어민주당 김민석 대표, 한병도 원내대표, 권칠승 정책위의장, 윤호중 행정안전부 장관, 박홍근 기획예산처... ",https://www.dailian.co.kr/news/view/1697017/?sc=Naver,https://n.news.naver.com/mnews/article/119/0003139200?sid=100,"Sat, 03 Oct 2026 01:00:00 +0900"
박홍근,"미래대응기금 적립은 법으로, 지방 지원은 정부 재량…보장장치 미흡","박홍근 기획예산처 장관은 지난달 29일 미래대응기금 당정협의에서 &quot;지방정부 지원은 결코 얇아지지 않을 것&quot;이라고 밝혔다. 지역산업 거점과 지역인재 육성, 필수의료 지원 등을 통해 지방 투자를 확대하겠다는 설명이다.... ",https://www.asiatoday.co.kr/kn/view.php?key=20261002010000781,https://www.asiatoday.co.kr/kn/view.php?key=20261002010000781,"Fri, 02 Oct 2026 16:42:00 +0900"
박홍근,"정부·국회·당사자 &quot;발달장애인 돌봄 국가책임제, 이제는 실행으로&quot; 한...","조정식 국회의장과 남인순 국회부의장, 박홍근 기획예산처 장관을 비롯해 국회와 정부, 장애계 관계자들이... 박홍근 기획예산처 장관은 2027년도 예산안에 반영된 발달장애인 지원 확대 내용을 설명하며, 내년도... ",https://www.ablenews.co.kr/news/articleView.html?idxno=233682,https://www.ablenews.co.kr/news/articleView.html?idxno=233682,"Fri, 02 Oct 2026 16:14:00 +0900"
박홍근,"전국 기초단체장, 정부에 &quot;미래대응기금 신설 따른 지방교부세 개편안 ...",당정협의'에서도 수정 및 보완 필요성이 나왔었다. 이에 대해 박홍근 기획예산처 장관은 &quot;지방정부 지원은 결코 얇아지지 않을 것&quot;이라고 밝혔다. 김여진 기자 #정부 #미래대응기금 #신설 #지방교부세 #촉구,https://www.kado.net/news/articleView.html?idxno=2076220,https://n.news.naver.com/mnews/article/654/0000203681?sid=100,"Fri, 02 Oct 2026 15:28:00 +0900"
박홍근,동물학대범 최대 5년 동물 사육금지,동물복지국회포럼(공동대표 박홍근·이헌승·한정애 의원)은 1일 국회 본회의에서 동물학대범에 대한... 박홍근 기획예산처 장관은 SNS에 &quot;35년의 제도적 공백을 메우고 동물학대 재발을 막게 됐다&quot;며 &quot;이번 법 개정을... ,https://www.olchiolchi.com/%eb%8f%99%eb%ac%bc%ed%95%99%eb%8c%80%eb%b2%94-%ec%b5%9c%eb%8c%80-5%eb%85%84-%eb%8f%99%eb%ac%bc-%ec%82%ac%ec%9c%a1%ea%b8%88%ec%a7%80/,https://www.olchiolchi.com/%eb%8f%99%eb%ac%bc%ed%95%99%eb%8c%80%eb%b2%94-%ec%b5%9c%eb%8c%80-5%eb%85%84-%eb%8f%99%eb%ac%bc-%ec%82%ac%ec%9c%a1%ea%b8%88%ec%a7%80/,"Fri, 02 Oct 2026 15:06:00 +0900"
박홍근,"동물학대범, 이제 동물 못 기른다... '사육금지명령' 도입법 본회의 통...",동물복지국회포럼은 박홍근·이헌승·한정애 의원이 공동대표로 있다. 개정된 법안에 따르면 법원은 동물학대 범죄로 기소된 사람 중 재범 가능성이 있다고 판단될 경우 최소 1년에서 최대 5년까지 동물의 사육·관리... ,https://www.insight.co.kr/news/576345,https://www.insight.co.kr/news/576345,"Fri, 02 Oct 2026 14:42:00 +0900"
박홍근,동물과의 공존 앞장선 주인공은… '제8회 대한민국 동물복지대상' 공모,동물복지국회포럼 공동대표를 맡고 있는 박홍근 더불어민주당 의원은 &quot;인간과 동물이 공존하는 사회는... 현재 박홍근·이헌승·한정애 의원이 공동대표를 맡고 있으며 여야를 초월한 27명의 의원이 회원으로... ,https://www.hankookilbo.com/news/article/A2026100211330004395?did=NA,https://n.news.naver.com/mnews/article/469/0000957345?sid=103,"Fri, 02 Oct 2026 14:01:00 +0900"
박홍근,김준혁 ‘경기남부광역철도 염원’ 450만 목소리 담는다,"이에 그치지 않고 7월에는 박홍근 기획예산처 장관에게 광역철도 예산 반영을 건의하는 한편, 수원·용인·화성·성남 민주당 동료의원들과 함께 추미애 경기지사와 면담을 진행했다. 최근에는 국회에서 경기남부... ",https://www.kyeongin.com/article/1771907,https://www.kyeongin.com/article/1771907,"Fri, 02 Oct 2026 13:58:00 +0900"
박홍근,동물학대범 동물 못 기른다…‘동물사육금지명령’ 본회의 통과,국회의원 연구단체 ‘동물복지국회포럼’(공동대표 박홍근·이헌승·한정애 의원)은 동물학대범에 대한 사육금지명령 도입을 포함한 동물보호법 일부개정안 대안이 국회 본회의를 통과했다고 1일 밝혔다. 개정안에... ,https://www.hani.co.kr/arti/animalpeople/human_animal/1280610.html,https://n.news.naver.com/mnews/article/028/0002825728?sid=103,"Fri, 02 Oct 2026 12:00:00 +0900"
박민규,"국민연금, 코스닥 100조 담을 때…공무원·사학·군인연금은 ‘뒷걸음’","4일 국회 정무위원회 소속 더불어민주당 박민규 의원이 국민연금공단 등 4대 공적연금 기관에서 제출받은 자료에 따르면, 지난해 말 기준 국민연금의 코스닥 투자액은 106조2164억원으로 집계됐다. 이에 따라... ",http://www.segyebiz.com/newsView/20261004502230?OutUrl=naver,http://www.segyebiz.com/newsView/20261004502230?OutUrl=naver,"Sun, 04 Oct 2026 08:38:00 +0900"
박민규,'7월 폭락장'에 국민연금 직격탄…기금 182조원↓·수익률 12%p↓,국회 정무위원회 소속 박민규 더불어민주당 의원이 국민연금공단으로부터 제출받은 자료에 따르면 지난해 말 기준 국민연금의 코스닥 투자액은 106조2164억원으로 집계됐다. 코스피 투자액은... ,http://www.joseilbo.com/news/news_read.php?uid=576818&class=18&grp=,https://n.news.naver.com/mnews/article/123/0002391289?sid=101,"Sun, 04 Oct 2026 07:55:00 +0900"
박민규,"국민연금, 코스닥 투자 100조 넘어…다른 공적연금은 '미미'",민주당 박민규 &quot;우량·혁신기업 투자 늘려 코스닥 활성화 기여해야&quot; (서울=연합뉴스) 김유향 기자... 4일 국회 정무위원회 소속 더불어민주당 박민규 의원이 국민연금공단 등 4대 공적연금 기관으로부터 제출받은... ,https://www.yna.co.kr/view/AKR20261002179500008?input=1195m,https://n.news.naver.com/mnews/article/001/0016356202?sid=101,"Sun, 04 Oct 2026 06:05:00 +0900"
박민규,&quot;가상자산거래소 대주주 의결권 제한도 위헌 소지&quot;,"4일 국회 정무위원회 소속 더불어민주당 박민규 의원이 국회입법조사처에서 제출받은 자료에 따르면, 입법조사처는 거래소 대주주의 의결권을 제한하는 디지털자산기본법 제정 방안과 관련, &quot;헌법상 과잉금지원칙... ",https://www.yna.co.kr/view/AKR20261003040700002?input=1195m,https://n.news.naver.com/mnews/article/001/0016356183?sid=101,"Sun, 04 Oct 2026 05:57:00 +0900"
박민규,AI로 상호금융까지 광범위 공격…&quot;해킹 시도 훨씬 많을 수도&quot;,"더불어민주당 박민규 의원실이 확보한 자료에 따르면, 공격은 지난달 27일 오후 11시 19분부터 29일 오후 6시까지 42시간 41분간 이어졌다. 임직원 20명의 정보와 고객명, 휴대전화 번호 등 총 153건이 유출됐으며, 일부 고객의... ",https://www.yna.co.kr/view/AKR20261003042400002?input=1195m,https://n.news.naver.com/mnews/article/001/0016356167?sid=101,"Sun, 04 Oct 2026 05:30:00 +0900"
박민규,"68시간 몰랐던 국민 119명, 15시간 신한 2만5729명…무엇이 피해를 갈랐...","3일 국회 정무위원회 박민규 의원실에 따르면 국민은행 공격은 지난달 27일 오후 11시19분께 시작됐다. 공격은 약 43시간 이어졌고, 은행이 이를 인지한 것은 30일 오후 7시께였다. 최초 공격 이후 67시간41분이 지난... ",https://www.peoplewatch.co.kr/article/view/ppw202610030002,https://www.peoplewatch.co.kr/article/view/ppw202610030002,"Sat, 03 Oct 2026 12:32:00 +0900"
박민규,"은행권 연쇄 해킹에 속수무책…최고보안망 유명무실, 수사기관도 나섰...",국회 정무위원회 소속 박민규 더불어민주당 의원실이 확보한 국민은행 보고서에 따르면 공격은 9월27일 오후 11시19분쯤 시작됐다. 약 43시간 동안 공격이 이어진 뒤 29일 오후 6시쯤 멈췄다. 국민은행에서는 고객 99명과... ,https://www.bloter.net/news/articleView.html?idxno=675007,https://n.news.naver.com/mnews/article/293/0000091198?sid=101,"Sat, 03 Oct 2026 09:25:00 +0900"
박민규,"신한보다 먼저 해킹 공격받은 KB국민은행, 보안 대응 ‘시험대’","3일 국회 정무위원회 소속 박민규 더불어민주당 의원실이 KB국민은행으로부터 확보한 자료에 따르면, 국민은행에 대한 해킹 공격은 지난달 27일 오후 11시 19분쯤 시작됐다. 신한은행 모바일 홈페이지 ‘M신한’에 대한... ",https://www.kmib.co.kr/article/view.asp?arcid=9000019517&cp=nv,https://n.news.naver.com/mnews/article/005/0001876532?sid=101,"Sat, 03 Oct 2026 06:02:00 +0900"
박민규,"국민은행, 신한은행보다 먼저 해킹 발생했나","2일 MBC 보도에 따르면 국민은행이 국회 정무위원회 소속 박민규 더불어민주당 의원실에 제출한 보고서... 박민규 의원은 &quot;신한은행에 이어 국민은행 등 주요 시중은행에서 연달아 보안 사고가 터진 만큼, 금융당국은... ",http://www.hansbiz.co.kr/news/articleView.html?idxno=869885,http://www.hansbiz.co.kr/news/articleView.html?idxno=869885,"Sat, 03 Oct 2026 00:46:00 +0900"
박민규,국민은행 해킹이 신한보다도 먼저…공격시작 사흘 뒤 인지,"오늘(2일) MBC에 따르면 국민은행이 국회 정무위원회 소속 더불어민주당 박민규 의원실에 제출한... 박민규 의원은 &quot;신한은행에 이어 국민은행 등 다른 시중은행까지 연이어 사고가 발생한 만큼, 금융당국은 개별 사고... ",https://news.jtbc.co.kr/article/NB12321197?influxDiv=NAVER,https://n.news.naver.com/mnews/article/437/0000513927?sid=102,"Fri, 02 Oct 2026 23:51:00 +0900"
박민규,[단독] 국민은행 해킹 27일부터 시작‥임직원 20·고객 99명 정보 유출,"MBC가 국회 정무위원회 소속 더불어민주당 박민규 의원실을 통해 확보한 국민은행 보고서를 보면, 해커들의... 박민규 의원은 &quot;신한은행에 이어 국민은행 등 다른 시중은행까지 연이어 사고가 발생한 만큼, 금융당국은... ",https://imnews.imbc.com/news/2026/econo/article/6855496_36932.html,https://n.news.naver.com/mnews/article/214/0001526995?sid=101,"Fri, 02 Oct 2026 20:58:00 +0900"
박민규,NIA·과기정통부 'K-AI 네트워크 경쟁력 강화' 사업 본격 실행,이날 출범식은 박민규 더불어민주당 의원의 영상 축사로 시작됐으며 AI가 로봇과 산업현장에 확산되는 피지컬 AI 시대에 지능형 네트워크의 중요성을 강조했다. 과기정통부와 NIA를 비롯해 서울대학교... ,https://daily.hankooki.com/news/articleView.html?idxno=1411890,https://daily.hankooki.com/news/articleView.html?idxno=1411890,"Fri, 02 Oct 2026 18:02:00 +0900"
박민규,"이용우 민주당 AI 금융·경제 추진단장, “자본시장 혁신, 공시 강화와 ...","한편 이날 토론회는 유동수 의원(국회 정무위원장), 박민규 의원(AI 금융·경제 추진단 간사), 이강일 의원, 오기형 의원(K자본시장 특별위원회 위원장)의 축사와 함께 김주영 변호사(법무법인 한누리), 이종섭 서울대... ",https://www.nspna.com/news/?mode=view&newsid=830430,https://www.nspna.com/news/?mode=view&newsid=830430,"Fri, 02 Oct 2026 16:52:00 +0900"
박민규,성관계 후 뒤늦은 고소…동의 여부 어떻게 판단하나 [박민규 변호사 칼...,"동의 여부가 쟁점이라면 사건 당시의 상황뿐 아니라 전후의 대화와 행동, 객관적인 기록을 함께 확인하는 과정이 필요하다. [법무법인(유한) 안팍 박민규 수원성범죄변호사]",https://www.mediafine.co.kr/news/articleView.html?idxno=91486,https://www.mediafine.co.kr/news/articleView.html?idxno=91486,"Fri, 02 Oct 2026 15:10:00 +0900"
안규백,李대통령 고발? 내란 특수본?…중수청 '1호 수사' 시험대,한 시민단체는 서부전선 비무장지대(DMZ) 지뢰 폭발 사건과 관련해 이재명 대통령과 안규백 전 국방부 장관을 일반이적 혐의로 고발했다. 수원지방중수청에는 법무부 장관 후보자로 지명됐다가 낙마한 김승원 민주당... ,https://www.news1.kr/society/court-prosecution/6309925,https://n.news.naver.com/mnews/article/421/0009208581?sid=102,"Sun, 04 Oct 2026 06:30:00 +0900"
안규백,공소청 중수청 뜻 알아보니… 검찰청 폐지 이유는 뭘까?,이어 오전 10시쯤에는 민경권 대한민국주주운동본부 대표가 이재명 대통령과 안규백 전 국방부 장관을 일반이적 혐의로 고발했다. 서부전선 비무장지대(DMZ)에서 일어난 지뢰 폭발 사건과 관련해서다. 민 대표는... ,https://www.wikitree.co.kr/articles/1163655,https://www.wikitree.co.kr/articles/1163655,"Fri, 02 Oct 2026 22:08:00 +0900"
안규백,&quot;내 책상 어디에&quot; 어수선한 중수청 첫 출근...공소청 첫 일성은 &quot;신뢰 회...,이 중엔 북한군의 군사분계선(MDL) 이남 지뢰 매설을 제때 저지하지 않았다며 이재명 대통령과 안규백 전 국방부 장관을 일반이적죄로 처벌해달라는 시민단체의 고발장도 있었다. 직원들은 공식 사건 접수증이 마련되지... ,https://www.hankookilbo.com/news/article/A2026100209550000327?did=NA,https://n.news.naver.com/mnews/article/469/0000957442?sid=102,"Fri, 02 Oct 2026 19:01:00 +0900"
안규백,‘고발장 오픈런’ ‘나사 빠진 현판’… 중수청 개청 첫날 풍경은,이외에도 주주운동본부 관계자는 이재명 대통령과 안규백 전 국방부 장관을 외환(일반이적) 혐의로 고발했다. 북한군이 군사분계선(MDL) 이남에 지뢰를 매설하는 것을 알고도 저지하지 않고 제거하지 않았다는 이유에서다.... ,https://www.segye.com/newsView/20261002513753?OutUrl=naver,https://n.news.naver.com/mnews/article/022/0004163699?sid=102,"Fri, 02 Oct 2026 18:35:00 +0900"
안규백,중수청 출범 첫날 고소·고발 30건 넘어…'1호 수사' 관심,서부전선 비무장지대(DMZ) 지뢰 폭발 사건과 관련해 이재명 대통령과 안규백 전 국방부 장관을 일반이적 혐의로 수사해달라는 고발장 등이 제출됐습니다. 민원실에는 오전 9시 정각 아내의 의료사고를 불송치 결정한... ,https://news.jtbc.co.kr/article/NB12321167?influxDiv=NAVER,https://n.news.naver.com/mnews/article/437/0000513864?sid=102,"Fri, 02 Oct 2026 17:45:00 +0900"
안규백,중수청 첫날 李대통령 'DMZ 폭발사고'·김승원 '정치자금법 위반' 고발…...,"민경권 시민단체 '대한민국주주운동본부' 대표는 오전 10시쯤 서부전선 비무장지대(DMZ) 지뢰 폭발 사건과 관련, 이재명 대통령과 안규백 전 국방부 장관을 일반이적 혐의로 고발했습니다. 민 대표는 &quot;국군통수권자와... ",https://www.ikbc.co.kr/article/view/kbc202610020063,https://n.news.naver.com/mnews/article/660/0000118316?sid=102,"Fri, 02 Oct 2026 17:17:00 +0900"
안규백,중수청 첫날 李대통령·김승원 고발 등 30건 이상 접수,시민단체 '대한민국주주운동본부'의 민경권 대표는 오전 10시께 서부전선 비무장지대(DMZ) 지뢰 폭발 사건과 관련해 이재명 대통령과 안규백 전 국방부 장관을 일반이적 혐의로 고발했다. 민 대표는 &quot;국군통수권자와... ,https://news.tvchosun.com/site/data/html_dir/2026/10/02/2026100290206.html,https://n.news.naver.com/mnews/article/448/0000642771?sid=102,"Fri, 02 Oct 2026 17:06:00 +0900"
안규백,중수청 첫날 李대통령·김승원 고발 등 30건 이상 접수…1호 수사는,시민단체 '대한민국주주운동본부'의 민경권 대표는 오전 10시께 서부전선 비무장지대(DMZ) 지뢰 폭발 사건과 관련해 이재명 대통령과 안규백 전 국방부 장관을 일반이적 혐의로 고발했다. 민 대표는 &quot;국군통수권자와... ,https://www.yna.co.kr/view/AKR20261002136800004?input=1195m,https://n.news.naver.com/mnews/article/001/0016354414?sid=102,"Fri, 02 Oct 2026 16:59:00 +0900"
안규백,중수청·공소청 출범 첫날…민원실도 법정도 곳곳 '혼선·우려'(종합),"불송치 결정을 내린 현직 경찰관을 법왜곡죄로 처벌해달라는 고소장을 시작으로, 이재명 대통령과 안규백 전 국방부 장관을 일반이적 혐의로 고발한 사건, 삼성전자·SK하이닉스를 상대로 한 고발장이 제출됐다. 김승원... ",https://www.newsis.com/view/NISX20261002_0003812766,https://n.news.naver.com/mnews/article/003/0014230839?sid=102,"Fri, 02 Oct 2026 16:59:00 +0900"
안규백,김승원 '회계 의혹'도 접수…중수청 첫 날 고소·고발 '우수수',시민 민모 씨는 이 대통령과 안규백 전 국방부 장관을 일반이적 위반 혐의로 고발했습니다. 고발인 측은 군 당국이 2025년 9월 북한군의 군사분계선(MDL) 이남 지뢰 매설 정황을 위성으로 식별했음에도 저지하거나 제거하지... ,http://mbn.mk.co.kr/pages/news/newsView.php?category=mbn00009&news_seq_no=5222745,https://n.news.naver.com/mnews/article/057/0001971759?sid=102,"Fri, 02 Oct 2026 16:51:00 +0900"
안규백,중수청 개청 5시간 기준 고소·고발 26건…'검경 불복' 다수(종합),시민 민모씨는 이 대통령과 안규백 전 국방부 장관을 일반이적 위반 혐의로 고발했다. 고발인 측은 군 당국이 지난해 9월 북한군의 군사분계선(MDL) 이남 지뢰 매설 정황을 위성으로 식별했음에도 저지하거나 제거하지... ,https://www.newsis.com/view/NISX20261002_0003812936,https://n.news.naver.com/mnews/article/003/0014230801?sid=102,"Fri, 02 Oct 2026 16:44:00 +0900"
안규백,중수청 '대통령·여권' 고발 쇄도…문 열자마자 '독립성' 시험대,시민 민모 씨는 이 대통령과 안규백 전 국방부 장관을 군사분계선(MDL) 이남 지뢰 매설 무대응에 따른 일반이적(외환죄) 혐의로 고발했다. 더불어민주당 경기도당의 정치자금 회계처리 의혹과 당시 김승원 도당위원장의... ,https://www.newsis.com/view/NISX20261002_0003812804,https://n.news.naver.com/mnews/article/003/0014230545?sid=102,"Fri, 02 Oct 2026 15:39:00 +0900"
안규백,'한국형 FBI' 중수청 출범...해방 후 첫 '수사-기소 분리' 성공할까,이 단체 관계자는 이재명 대통령과 안규백 전 국방부 장관에 대해서도 외환 관련 혐의로 고발장을 제출했다. 북한군이 군사분계선(MDL) 이남에 지뢰를 매설하는 사실을 알고도 이를 저지하거나 제거하지 않았다는 게... ,http://www.4th.kr/news/articleView.html?idxno=2119121,http://www.4th.kr/news/articleView.html?idxno=2119121,"Fri, 02 Oct 2026 14:42:00 +0900"
안규백,중수청 첫날부터 고소·고발 줄이어…수원에 '김승원 회계 의혹' 접수,시민 민모씨는 이 대통령과 안규백 전 국방부 장관을 일반이적 위반 혐의로 고발했다. 고발인 측은 군 당국이 2025년 9월 북한군의 군사분계선(MDL) 이남 지뢰 매설 정황을 위성으로 식별했음에도 저지하거나 제거하지 않아... ,https://www.newsis.com/view/NISX20261002_0003812577,https://n.news.naver.com/mnews/article/003/0014230381?sid=102,"Fri, 02 Oct 2026 14:41:00 +0900"
안규백,[이슈] 78년만 檢폐지①…공소청·중수청 시대 오늘 개막,"해당 단체는 북한군의 군사분계선(MDL) 이남 지뢰 매설 방치 정황을 문제 삼아 이재명 대통령과 안규백 전 국방부 장관을 외환(일반이적) 혐의로 고발하기도 했다. 고소·고발장, 이제 검찰 아닌 경찰·중수청으로 일반... ",https://www.polinews.co.kr/news/articleView.html?idxno=744733,https://www.polinews.co.kr/news/articleView.html?idxno=744733,"Fri, 02 Oct 2026 14:29:00 +0900"
안규백,&quot;수사 집중&quot; &quot;자린 있을까&quot; 기대·혼란 속 중수청 고소·고발 쇄도(종합...,주주운동본부 관계자는 이재명 대통령과 안규백 전 국방부 장관을 외환(일반이적) 혐의로 고발하기도 했다. 투기자본 감시센터 등은 오전 11시 25분쯤 국민은행이 6000억 원을 탈세했다며 특정범죄가중처벌 등에 관한 법률... ,https://www.news1.kr/society/court-prosecution/6308916,https://n.news.naver.com/mnews/article/421/0009206595?sid=102,"Fri, 02 Oct 2026 14:21:00 +0900"
안규백,[종합] 기대감 엿보인 직원들·개청식 전부터 몰린 고발장…'개문발차'...,[서울=뉴스핌] 홍석희 기자 = 2026.10.02 hong90@newspim.com 주주운동본부는 북한군의 군사분계선(MDL) 이남 지뢰 매설 정황을 알고도 저지하지 않았다며 이재명 대통령과 안규백 전 국방부 장관을 외환(일반이적) 혐의로... ,https://www.newspim.com/news/view/20261002000712,https://www.newspim.com/news/view/20261002000712,"Fri, 02 Oct 2026 13:23:00 +0900"
안규백,"중수청, 을지로서 개청식…오전까지 고소·고발 30여건 쏟아져",이외에도 주주운동본부 관계자는 북한군이 군사분계선(MDL) 이남에 지뢰를 매설하는 것을 알고도 저지하지 않고 제거하지 않았다는 이유로 이재명 대통령과 안규백 전 국방부 장관을 외환(일반이적) 혐의로 고발했습니다.... ,https://news.kbs.co.kr/news/pc/view/view.do?ncd=8676639&ref=A,https://n.news.naver.com/mnews/article/056/0012267037?sid=102,"Fri, 02 Oct 2026 13:21:00 +0900"
안규백,중수청 첫날 고소·고발 쇄도…접수증 양식도 없어 '어수선',주주운동본부 관계자는 이재명 대통령과 안규백 전 국방부 장관을 외환(일반이적) 혐의로 고발하기도 했다. 43쪽 분량의 고발장을 들고 온 비전코리아 관계자는 식품의약품안전처장이 신약 심사 절차 과정에서 불법을... ,https://www.news1.kr/society/court-prosecution/6308858,https://n.news.naver.com/mnews/article/421/0009206234?sid=102,"Fri, 02 Oct 2026 12:27:00 +0900"
안도걸,“함께 만들고 함께 이긴다”…SOOP 수퍼스 공식 출범,안도걸 더불어민주당 전남광주시당 위원장은 “입법·재정적인 지원을 통해 구단을 든든하게 뒷받침하고 힘껏 응원하겠다”고 말했다. 이어진 비전 선포와 창단 선언을 통해 수퍼스가 앞으로 나아갈 방향도 공개됐다.... ,http://www.kwangju.co.kr/article.php?aid=1791033300803932008,http://www.kwangju.co.kr/article.php?aid=1791033300803932008,"Sat, 03 Oct 2026 22:18:00 +0900"
안도걸,카뱅 “뱅킹에 디지털자산 통합 추진…스테이블코인 해외 송금 주목”,(참조 이데일리 9월22일자 &lt;금융위 “디지털자산기본법 11월 논의 전까지 정부안 제출”(종합)&gt;) 현재 국회에는 작년 6월 11일 민주당 민병덕 의원의 대표발의를 시작으로 민주당 안도걸·김현정·이강일·박상혁 의원과... ,https://www.edaily.co.kr/News/Read?newsId=02558406645609312&mediaCodeNo=257&utm_source=naver&utm_medium=referral&utm_campaign=news_syndication&utm_content=original_article,https://n.news.naver.com/mnews/article/018/0006380237?sid=101,"Sat, 03 Oct 2026 20:04:00 +0900"
안도걸,메리츠 “원화 스테이블코인 키우려면 규제 명확성 필요”,(참조 이데일리 9월22일자 &lt;금융위 “디지털자산기본법 11월 논의 전까지 정부안 제출”(종합)&gt;) 현재 국회에는 작년 6월 11일 민주당 민병덕 의원의 대표발의를 시작으로 민주당 안도걸·김현정·이강일·박상혁 의원과... ,https://www.edaily.co.kr/News/Read?newsId=02423926645609312&mediaCodeNo=257&utm_source=naver&utm_medium=referral&utm_campaign=news_syndication&utm_content=original_article,https://n.news.naver.com/mnews/article/018/0006380196?sid=101,"Sat, 03 Oct 2026 19:34:00 +0900"
안도걸,"SOOP 수퍼스, ‘빌드 투게더 윈 투게더’ 내걸고 힘찬 출발…26승 도전","사무국장, 안도걸 더불어민주당 전남광주시당위원장, 정준호 국회의원, 홍기월 특별시의회... 안도걸 더불어민주당 전남광주시당위원장도 “서로 다른 장점과 역량을 하나로 모으고 함께 뛰며 더 큰 힘을 만들어내는... ",http://www.jndn.com/article.php?aid=1791018652440621189,http://www.jndn.com/article.php?aid=1791018652440621189,"Sat, 03 Oct 2026 18:14:00 +0900"
안도걸,안도걸 '수퍼스 배구단 파이팅',3일 오후 전남광주 SOOP 스타디움(염주종합체육관)에서 열린 여자프로배구단 'SOOP 수퍼스(SOOPers)' 출정식에서 안도걸 더불어민주당 전남광주통합특별시당 위원장이 축사하고 있다. 2026.10.3/뉴스1,https://www.news1.kr/photos/8141498,https://n.news.naver.com/mnews/article/421/0009208157?sid=102,"Sat, 03 Oct 2026 16:34:00 +0900"
안도걸,여자프로배구 SOOP 수퍼스 공식 출범…전남광주 배구 새 장 연다,"이날 행사에는 민형배 전남광주통합특별시장과 서수길 SOOP 최고비전책임자(CVO), 이민원 구단주, 이경호 단장, 이영호 한국배구연맹(KOVO) 사무국장, 안도걸 더불어민주당 전남광주시당위원장, 정준호 국회의원... ",https://www.namdonews.com/news/articleView.html?idxno=925126,https://www.namdonews.com/news/articleView.html?idxno=925126,"Sat, 03 Oct 2026 15:18:00 +0900"
안도걸,&quot;법무·외교·국방 등 5개 부처 세종 이전 길 연다&quot;…행복도시법 개정안...,이번 개정안에는 복 의원을 비롯해 문진석·장종태·이연희·김태년·안호영·박용갑·이강일·이광재·강준현·한병도·손명수·이정문·김남근·김우영·이훈기·안도걸·남인순·송재봉·민병덕·장철민 의원 등 21명이... ,https://www.daejonilbo.com/news/articleView.html?idxno=2304826,https://n.news.naver.com/mnews/article/656/0000188442?sid=102,"Fri, 02 Oct 2026 18:01:00 +0900"
안도걸,"[초점]안도걸 국회의원, 전남 동부권 ‘3대 산업 혁신 전략’ 제시",안도걸 더불어민주당 전남광주시당 위원장이 전남 동부권의 ‘3대 산업 혁신 전략’을 제시했다. 전남·광주 통합에 따른 산업 시너지를 바탕으로 철강·석유화학 산업의 고부가가치·친환경 전환과 반도체 소재·부품... ,https://www.thepowernews.co.kr/view.php?ud=202610021503114922caa2b7671d_7,https://www.thepowernews.co.kr/view.php?ud=202610021503114922caa2b7671d_7,"Fri, 02 Oct 2026 16:52:00 +0900"
안도걸,"[전국소식] 고흥군, 우주산업 지원 거점 ‘스페이스고흥’ 준공 外","전남광주 동구는 2일 구청 상황실에서 안도걸 국회의원을 비롯한 시·구의원, 지역위원회 관계자, 임택 동구청장과 관계 공무원 등 31명이 참석한 가운데 ‘2026년 하반기 자치분권정책협의회’를 개최했다. 이날... ",https://news.dealsitetv.com/articles/176609,https://news.dealsitetv.com/articles/176609,"Fri, 02 Oct 2026 15:36:00 +0900"
안도걸,안도걸 &quot;통합의 힘으로 동부권 3대 산업 혁신해야&quot;,안도걸 더불어민주당 전남광주통합특별시당 위원장은 2일 &quot;광주의 첨단 AI·반도체 기술력과 전남 동부권의 제조 기반을 연결해 산업구조 개편의 위기를 혁신과 도약의 기회로 바꿔야 한다&quot;고 밝혔다. 안 위원장은 이날... ,https://www.newsis.com/view/NISX20261002_0003812718,https://n.news.naver.com/mnews/article/003/0014230456?sid=102,"Fri, 02 Oct 2026 15:08:00 +0900"
안도걸,"전략수출기금 국회 문턱에…정부, 상생기여금 '절충' 고심",현재 국회에는 한정애·안도걸 더불어민주당 의원과 박수영 국민의힘 의원이 각각 대표발의한 '전략수출금융지원에 관한 법률안'이 계류돼 있다. 한정애·안도걸 의원안은 구매자금융 등의 지원을 받은 기업에 집행금액의... ,https://www.newspim.com/news/view/20261002000790,https://www.newspim.com/news/view/20261002000790,"Fri, 02 Oct 2026 14:24:00 +0900"
안도걸,"전남광주 동구, 20조원 통합재정 인센티브 '자율계정' 신설 요구","안도걸 민주당 의원과 임택 동구청장, 시·구의원 등 31명이 참석했다. 2일 전남광주 동구청 상황실에서 동구·더불어민주당 자치분권정책협의회가 열리고 있다. 2026.10.02 bless4ya@newspim.com 통합 재정 인센티브는 정부가... ",https://www.newspim.com/news/view/20261002000559,https://www.newspim.com/news/view/20261002000559,"Fri, 02 Oct 2026 13:24:00 +0900"
안도걸,[PICK! 이 안건] 정태호 등 11인 &quot;경영성과급에 대한 소득세 감면대상 근...,"더불어민주당 정태호, 이연희, 김주영, 김태년, 이학영, 이광재, 윤후덕, 이주희, 안도걸, 정준호, 이수진 의원이다. 한편 해당 안건은 국회입법예고 홈페이지에서 해당 안건 검색 후 의견을 작성할 수 있다. [전국매일신문]... ",https://www.jeonmae.co.kr/news/articleView.html?idxno=1297506,https://www.jeonmae.co.kr/news/articleView.html?idxno=1297506,"Fri, 02 Oct 2026 13:24:00 +0900"
안도걸,"국세청, 배달라이더 등 인적용역 소득자 원천세율 인하 효과 ‘홍보’","이날 간담회는 국세청과 더불어민주당 오기형·안도걸·김영환 의원, 국민의힘 배준영·강민국 의원이 공동 주최했다. 임광현 청장을 비롯해 공동 주최한 국회의원, 전국배달라이더협회·한국대리운전기사연합회... ",https://www.viva100.com/article/20261002500407,https://www.viva100.com/article/20261002500407,"Fri, 02 Oct 2026 12:38:00 +0900"
오기형,[밸류업시그널①] 의류업계 '저PBR' 낙인인가 기회인가… 11월 명단 공개...,오기형 더불어민주당 K자본시장특위 위원장은 최근 당정 협의 후 &quot;코리아 디스카운트 해소를 위한 정책적 기조를 일관되게 유지하겠다&quot;며 &quot;PBR 1배 이하 기업이 60~70%에 달해 이러한 현상을 해소하려는 노력이... ,http://www.economytalk.kr/news/articleView.html?idxno=424454,http://www.economytalk.kr/news/articleView.html?idxno=424454,"Sun, 04 Oct 2026 08:00:00 +0900"
오기형,민주당 도봉갑·을-도봉구 첫 당정협의회…서울아레나 중심 관광산업 본...,오기형 의원은 이날 협의회에서 서울아레나가 특정 지역에 국한된 사업이 아니라 도봉 전체의 문화·관광과 지역경제를 연결하는 계기가 돼야 한다는 취지의 입장을 밝혔다. 다만 서울아레나가 실제 지역경제 효과로... ,https://www.mhns.co.kr/news/articleView.html?idxno=762678,https://www.mhns.co.kr/news/articleView.html?idxno=762678,"Fri, 02 Oct 2026 18:10:00 +0900"
오기형,"민주당 도봉갑을-도봉구, 당정협의 &quot;서울아레나를 도봉의 핵심 과제로&quot;","오기형 더불어민주당 도봉을 국회의원, 김동욱 도봉구청장, 홍은정 서울시의원, 이길연 더불어민주당 도봉갑... [사진=오기형 의원실] 더불어민주당 서울 도봉갑‧을 지역위원회와 서울 도봉구가 서울아레나 관광특구 추진... ",https://www.jeonmae.co.kr/news/articleView.html?idxno=1298547,https://www.jeonmae.co.kr/news/articleView.html?idxno=1298547,"Fri, 02 Oct 2026 17:54:00 +0900"
오기형,신규 가계대출 70% DSR 예외…정책대출 부실 위험 우려,2일 금융권과 오기형 더불어민주당 의원실이 한국은행에서 제출받은 자료에 따르면 올해 2분기 금융권 신규 가계대출 가운데 DSR 규제 적용 예외 대출 비중은 70.5%로 집계됐다. 한국은행이 관련 통계를 집계하기 시작한... ,https://www.g-enews.com/view.php?ud=202610021531155324cd0bfacc1c_1,https://www.g-enews.com/view.php?ud=202610021531155324cd0bfacc1c_1,"Fri, 02 Oct 2026 17:34:00 +0900"
오기형,"이용우 민주당 AI 금융·경제 추진단장, “자본시장 혁신, 공시 강화와 ...","한편 이날 토론회는 유동수 의원(국회 정무위원장), 박민규 의원(AI 금융·경제 추진단 간사), 이강일 의원, 오기형 의원(K자본시장 특별위원회 위원장)의 축사와 함께 김주영 변호사(법무법인 한누리), 이종섭 서울대... ",https://www.nspna.com/news/?mode=view&newsid=830430,https://www.nspna.com/news/?mode=view&newsid=830430,"Fri, 02 Oct 2026 16:52:00 +0900"
오기형,"與 이광재 &quot;과세 기준, 현재 물가로 현실화 해야 … 소득세 공제 등 상향...","기준에 맞게 대전환하는 전기를 만들어내야 한다&quot;고 말했다. 해당 결의안에는 한병도 원내대표, 조승래 재정경제기획위원장, 오기형 재경위 간사, 정태호 예결위 간사 등 19명이 공동발의자로 함께 했다. 뉴데일리 남수지",https://www.newdaily.co.kr/site/data/html/2026/10/02/2026100200222.html,https://www.newdaily.co.kr/site/data/html/2026/10/02/2026100200222.html,"Fri, 02 Oct 2026 15:24:00 +0900"
오기형,"도봉소방서, 본서 격려 방문한 오기형 국회의원 등 접견",= 도봉소방서(서장 이용관)는 2일 오기형 국회의원(서울 도봉구을)과 유기훈ㆍ홍은정 시의원... 이날 오기형 의원은 도봉소방서 주요 업무와 재난 대응체계에 대한 설명을 듣고 현장 활동에 필요한 소방인력과 장비 운영 등... ,http://fpn119.co.kr/257473,http://fpn119.co.kr/257473,"Fri, 02 Oct 2026 15:08:00 +0900"
오기형,DSR 적용 대출 3할도 안 된다...일반대출 옥죈 '반쪽 규제',◆ 신규대출 10건 중 7건 규제 밖...상환능력 심사 '반쪽' 2일 한국은행이 오기형 더불어민주당 의원실에 제출한 자료에 따르면 올해 2분기 금융권 신규 가계대출 가운데 DSR 적용대출 비중은 29.5%로 통계가 작성된 2022년... ,http://www.ftoday.co.kr/news/articleView.html?idxno=366546,http://www.ftoday.co.kr/news/articleView.html?idxno=366546,"Fri, 02 Oct 2026 14:40:00 +0900"
오기형,배달기사·캐디 등 원천세율 인하 추진,더불어민주당 재경위 간사인 오기형 의원은 “현장에서 제기된 애로사항들이 법안 개정으로 열매 맺을 수 있도록 지원하겠다”고 밝혔다. 국민의힘 간사인 배준영 의원은 “어려운 경제 여건 속에서 인적용역소득자들의... ,https://www.naeil.com/news/read/604088?ref=naver,https://www.naeil.com/news/read/604088?ref=naver,"Fri, 02 Oct 2026 13:40:00 +0900"
오기형,"국세청, 배달라이더 등 인적용역 소득자 원천세율 인하 효과 ‘홍보’","이날 간담회는 국세청과 더불어민주당 오기형·안도걸·김영환 의원, 국민의힘 배준영·강민국 의원이 공동 주최했다. 임광현 청장을 비롯해 공동 주최한 국회의원, 전국배달라이더협회·한국대리운전기사연합회... ",https://www.viva100.com/article/20261002500407,https://www.viva100.com/article/20261002500407,"Fri, 02 Oct 2026 12:38:00 +0900"
오기형,&quot;30년 전 과세기준 재정비해야&quot;…물가연동제 도입 촉구 결의안,"한편 이번 결의안에는 이광재 위원장을 비롯해 한병도 원내대표, 조승래 재정경제기획위원장, 오기형 재경위 간사, 정태호 예결위 간사, 정성호, 문진석, 김남준, 김영환, 김태년, 최기상, 맹성규, 박주민, 홍기원, 진선미... ",http://www.joseilbo.com/news/news_read.php?uid=576761&class=32&grp=,https://n.news.naver.com/mnews/article/123/0002391234?sid=100,"Fri, 02 Oct 2026 12:11:00 +0900"
이소영 의원,"&quot;2027 세계청년대회 성공 개최&quot;…경기교육청·19개 시군, 천주교와 맞손","비전선포식에는 조반니 가스파리 교황대사, 수원교구 교구장 이용훈 주교, 총대리 문희종 주교, 교구장대리 곽진상 주교, 안민석 경기도교육감, 이재준 수원특례시장, 김준혁(더불어민주당·수원정) 의원, 이소영... ",https://news.ifm.kr/news/articleView.html?idxno=480793,https://news.ifm.kr/news/articleView.html?idxno=480793,"Fri, 02 Oct 2026 17:12:00 +0900"
이소영 의원,[2026 국감] 이소영 중기부 장관 첫 시험대…온누리 환수·中企 판로 쟁...,"지난달 28일 취임한 이소영 장관이 처음 치르는 국감으로, 소상공인 지원정책의 관리 실태와 중소기업 판로... 2일 국회 산업통상자원중소벤처기업위원회 장철민 의원(더불어민주당 간사)이 공개한 중기부 자료에 따르면... ",https://www.newspim.com/news/view/20261002001109,https://www.newspim.com/news/view/20261002001109,"Fri, 02 Oct 2026 16:36:00 +0900"
이소영 의원,온누리상품권 개편…전통시장 10%·지방상권 8% 소비혜택,"병·의원과 법무·회계·세무 등 전문서비스업 가맹은 제한하며, 약국은 전통시장과 상권 내 집객 효과 등을... 이소영 중기부 장관은 &quot;온누리가 전통시장 상인과 지방상인들의 매출을 키우는 확실한 마중물이 되도록... ",https://www.dailytw.kr/news/articleView.html?idxno=31718,https://www.dailytw.kr/news/articleView.html?idxno=31718,"Fri, 02 Oct 2026 16:16:00 +0900"
이소영 의원,부천시 시민과 함께한 제53주년 시민의 날… 'B.I.G 부천' 비전 선포,"부천시,시민콘서트,홍보대사 부천시장, 국회의원,부천시의회 의장 등 함께 B.I.G 부천 비전 선포식을 하고... 기념식은 부천시립합창단의 공연으로 시작됐으며, 국가대표 남매 스키선수 이승훈 군과 이소영 양이... ",https://www.newsclaim.co.kr/news/articleView.html?idxno=3077250,https://www.newsclaim.co.kr/news/articleView.html?idxno=3077250,"Fri, 02 Oct 2026 13:40:00 +0900"
이소영 의원,2027 WYD 수원교구대회 개최 D-300기념 비전선포식…&quot;세계 청년의 희망의...,"이날 행사엔 조반니 가스파리 교황대사, 수원교구 교구장 이용훈 주교, 총대리 문희종 주교, 교구장대리 곽진상 주교, 안민석 경기도교육감, 이재준 수원특례시장, 김승원 의원, 김준혁 의원, 이소영 의원... ",https://www.incheonilbo.com/news/articleView.html?idxno=1333374,https://www.incheonilbo.com/news/articleView.html?idxno=1333374,"Fri, 02 Oct 2026 13:20:00 +0900"
이소영 의원,“루센트블록 재도전 기회 줘야”…허세영 대표 국감장 선다,산업통상자원중소벤처기업위원회(산중위) 여당 간사인 장철민 더불어민주당 의원도 지난달 15일 이소영 중소벤처기업부 장관 후보자 청문회에서 “지금은 (루센트블록 등이) 금융위 단계에서 좀 어려움을 겪고 있긴... ,https://www.edaily.co.kr/News/Read?newsId=03673606645608984&mediaCodeNo=257&utm_source=naver&utm_medium=referral&utm_campaign=news_syndication&utm_content=original_article,https://n.news.naver.com/mnews/article/018/0006379558?sid=101,"Fri, 02 Oct 2026 12:29:00 +0900"
이소영 의원,‘최연소 장관’ 이소영 “제게 바라는 건요?” 묻자…아이디어 700여개...,"한편 이재명 대통령은 지난 8월30일 제7대 중소벤처기업부 장관 후보자로 이소영(41) 더불어민주당 의원을 지명했다. 1985년생인 이 장관은 변호사 출신 법률 전문가로, 21∙22대 재선 국회의원을 지냈다. 국회... ",https://www.segye.com/newsView/20261002507558?OutUrl=naver,https://n.news.naver.com/mnews/article/022/0004163600?sid=101,"Fri, 02 Oct 2026 12:07:00 +0900"
정성호,"신도시 인구 느는데 필수의료 부족… 양주, 공공의료원 조기 건립 추진",4일 양주시에 따르면 정덕영 시장은 전날 국회에서 정성호 국회의원과 함께 정은경 보건복지부 장관을 만나... 정덕영 양주시장이 1일 국회에서 정성호 국회의원과 정은경 보건복지부 장관을 만나 공공의료원 건립... ,https://www.segye.com/newsView/20261002511520?OutUrl=naver,https://n.news.naver.com/mnews/article/022/0004163860?sid=102,"Sun, 04 Oct 2026 06:36:00 +0900"
정성호,"[단독] 근로장려금 미신청자, 20대 이하가 45%… 주인 못 찾은 2220억",4일 정성호 더불어민주당 의원실이 국세청으로부터 제출받은 자료를 보면 2025년 귀속 근로장려금 정기... 정성호 의원은 “근로장려금의 지원 대상과 지급액을 늘려도 정작 대상자가 신청을 놓친다면 제도 확대의... ,https://www.kmib.co.kr/article/view.asp?arcid=9000019576&cp=nv,https://n.news.naver.com/mnews/article/005/0001876567?sid=101,"Sun, 04 Oct 2026 06:02:00 +0900"
정성호,李대통령 사건 재조사 檢미래위에…공소청 감찰부장 “검사 독립 위협”,김 검사장은 정성호 전 법무부 장관이 검찰미래위와 진상조사단 구성을 지시한 과정에 검찰청법 위반 소지가 있다고 주장했다. 김 검사장은 “‘조사기구 운영 관련 장관 지시’에 검찰청법 8조에 근거해 검찰총장... ,https://www.chosun.com/national/court_law/2026/10/03/AL5PVGG2SRAUNLH3PYEETCH7OI/?utm_source=naver&utm_medium=referral&utm_campaign=naver-news,https://n.news.naver.com/mnews/article/023/0004001980?sid=102,"Sat, 03 Oct 2026 22:51:00 +0900"
정성호,"공소청·중수청 출범...김지용, 범여권 강경파 반발",[앵커] 그런데 정성호 의원이 직전 법무부 장관이었잖아요. 그런데 장관 시절에는 발언에 대해서 수위를... 저는 정성호 장관이 개인의 캐릭터 때문에 그랬나라고 생각을 했었는데 정성호 전 장관의 그런 생각이 상당 부분은... ,https://www.ytn.co.kr/_ln/0101_202610032250422874,https://n.news.naver.com/mnews/article/052/0002414458?sid=100,"Sat, 03 Oct 2026 22:50:00 +0900"
정성호,李대통령 사건 들여다보는 檢미래위…감찰부장 &quot;검사 독립성 심각한 위...,김 검사장은 정성호 전 법무부 장관이 검찰미래위와 진상조사단 구성을 지시한 과정에 검찰청법 위반 소지가 있다고 주장했다. 진상조사단이 검찰총장 등 상급자의 지휘를 받지 않고 독립적으로 활동하도록 한 것은... ,https://www.imaeil.com/page/view/2026100322293124547,https://n.news.naver.com/mnews/article/088/0001032048?sid=102,"Sat, 03 Oct 2026 22:32:00 +0900"
정성호,이 대통령 사건 재조사 검찰미래위에…감찰부장 &quot;검사 독립성 위협&quot;,김 검사장은 정성호 전 법무부 장관이 검찰미래위와 진상조사단 구성을 지시한 것이 검찰청법 위반 소지가 있다고 주장했습니다. 그는 진상조사단이 검찰총장 등 상급자 지시를 받지 않고 독립적으로 활동하는 것은... ,https://news.sbs.co.kr/news/endPage.do?news_id=N1008782140&plink=ORI&cooper=NAVER,https://n.news.naver.com/mnews/article/055/0001392952?sid=102,"Sat, 03 Oct 2026 21:14:00 +0900"
정성호,"공소청 감찰부장 “진상조사단, 검사 독립성 심각한 위협…위반 소지”",김 검사장은 정성호 전 법무부 장관이 검찰미래위와 진상조사단 구성을 지시한 과정에 검찰청법 위반 소지가 있다고 주장했다. “총장 지휘권 배제 명확히 안 했다면 탈법적 지시” 쟁점으로 삼은 것은 검찰청법 8조다. 이... ,https://www.joongang.co.kr/article/25466925,https://n.news.naver.com/mnews/article/025/0003555550?sid=102,"Sat, 03 Oct 2026 20:15:00 +0900"
정성호,李대통령 사건 재조사 檢미래위에…감찰부장 &quot;검사 독립성 위협&quot;,김 검사장은 정성호 전 법무부 장관이 검찰미래위와 진상조사단 구성을 지시한 것이 검찰청법 위반 소지가 있다고 주장했다. 그는 진상조사단이 검찰총장 등 상급자 지시를 받지 않고 독립적으로 활동하는 것은... ,https://www.yna.co.kr/view/AKR20261003045300004?input=1195m,https://n.news.naver.com/mnews/article/001/0016355875?sid=102,"Sat, 03 Oct 2026 19:09:00 +0900"
정성호,"공소청·중수청 출범...김지용, 범여권 강경파 반발","정성호 전 법무부 장관도 그런 부분을 인정하고 있는 거고요. 그리고 민주당이 지금 그런 말할 자격이 없다고... 또 다른 전직 법무부 장관, 정성호 의원은 다른 입장입니다. 중수청 출범 이후에 작심비판을 냈어요. 장관... ",https://www.ytn.co.kr/_ln/0101_202610031614186809,https://n.news.naver.com/mnews/article/052/0002414385?sid=100,"Sat, 03 Oct 2026 16:14:00 +0900"
정성호,"‘의료 오지’ 경기 동북부 뚫는다… 양주시, 공공병원 조기 건립 총력...","경기 양주시는 정덕영 양주시장이 지난 1일 국회를 전격 방문해 정성호 국회의원과 함께 정은경 보건복지부 장관을 면담하고, 경기 동북부 공공의료원 건립의 당위성을 전달하며 정부 차원의 적극적인 협력과 지원을... ",https://www.viva100.com/article/20261003500108,https://www.viva100.com/article/20261003500108,"Sat, 03 Oct 2026 14:42:00 +0900"
정성호,문경대상 국가무형문화재 한지장 보유자 김삼식 씨 선정,"교육부문에는 정성호 문경여고 교사가 선정됐다. 정 교사는 문경시 고교생 대학 진학률 향상, 다문화가정 자녀 학습 지원, 마을교육공동체 활성화 기반 조성 및 문경여고 사회적협동조합 기획재정부 장관상 수상 등을... ",https://www.pressian.com/pages/articles/2026100313114410917?utm_source=naver&utm_medium=search,https://n.news.naver.com/mnews/article/002/0002459464?sid=102,"Sat, 03 Oct 2026 13:19:00 +0900"
정성호,검찰청 폐지 첫날…與 “새 시스템 안착 총력” 野 “범죄 수사 시스템...,이재명정부 초대 법무부 장관을 지낸 민주당 정성호 의원은 이날 페이스북에 “불가역적인 검찰개혁은 법기술로 검찰을 나노 단위로 쪼개고 정원을 줄인다고 해서 이뤄지는 것이 아니다”라며 “다수 국민들이 개혁의... ,https://www.segye.com/newsView/20261002513204?OutUrl=naver,https://n.news.naver.com/mnews/article/022/0004163718?sid=100,"Sat, 03 Oct 2026 01:13:00 +0900"
정성호,[티조챗] &quot;검찰 장례 치르는 장의사&quot; 자처한 임은정…광주중수청장으로...,8월엔 정성호 법무부 장관의 검찰개혁안을 두고 “눈 가리고 아웅 하는 수준”이라며 “정 장관조차도... 주장하며 정성호 법무부 장관의 검찰개혁안을 공개 저격하고 나서자 검찰 내부에서 비판의 목소리가 나왔다.... ,https://news.tvchosun.com/site/data/html_dir/2026/10/02/2026100290212.html,https://n.news.naver.com/mnews/article/448/0000642827?sid=102,"Sat, 03 Oct 2026 00:00:00 +0900"
정성호,공소청·중수청 시대 개막...'암살자(들)' 논란 계속 [포커스],"아니라 정성호 의원, 법무부 장관이었죠. 민주당 강경파를 겨냥해서 검찰주의자, 반개혁 낙인으로 토론이 설 자리를 잃었다. 앞으로는 정부 주도로 부작용 보완을 해야 한다라고 지적을 했습니다. [정옥임] 정성호 의원... ",https://www.ytn.co.kr/_ln/0101_202610022330423643,https://n.news.naver.com/mnews/article/052/0002414197?sid=100,"Fri, 02 Oct 2026 23:30:00 +0900"
정성호,18초간 울먹인 檢 출신 정점식 &quot;범죄수사 시스템 사망&quot;…與 &quot;국민 불안 ...,한민수 / 더불어민주당 최고위원 &quot;윤석열 검찰 독재 정권의 황태자 한동훈 의원의 선동정치에 신물이 납니다&quot; 법무장관 당시 보완수사권 완전 폐지에 반대 목소리를 냈던 정성호 의원은 &quot;약자 보호를 위한 제도까지... ,https://news.tvchosun.com/site/data/html_dir/2026/10/02/2026100290240.html,https://n.news.naver.com/mnews/article/448/0000642801?sid=100,"Fri, 02 Oct 2026 22:08:00 +0900"
정성호,민주 &quot;시스템 안착 총력&quot; vs 국힘 &quot;사법체계 초토화&quot;,이제 개혁의 성패는 정부의 손에 있습니다.] 또 보완수사권 일부 존치론으로 강경파와 대립각을 세웠던 정성호 전 법무부 장관은 머지않아 어느 주장이 옳았는지 드러날 거라는 의미심장한 말을 남기기도 했습니다.... ,https://www.ytn.co.kr/_ln/0101_202610022148235306,https://n.news.naver.com/mnews/article/052/0002414153?sid=100,"Fri, 02 Oct 2026 21:48:00 +0900"
정성호,[수사 대변혁] ③'개혁' 집착에 시작부터 꼬여...또다른 '국민 불신' 양...,"이재명 대통령과 정성호 전 법무부 장관도 이 부분을 강조했다. 더불어민주당 홍기원 의원은 살인 등 특정강력범죄와 성폭력범죄, 아동·청소년 대상 성범죄, 스토킹과 가정폭력, 아동·장애인·노인 학대 사건 등에 대한... ",http://www.inews24.com/view/2011610,https://n.news.naver.com/mnews/article/031/0001063288?sid=102,"Fri, 02 Oct 2026 19:11:00 +0900"
정성호,민주 &quot;시스템 안착 총력&quot; vs 국힘 &quot;사법체계 초토화&quot;,이제 개혁의 성패는 정부의 손에 있습니다.] 또 보완수사권 일부 존치론으로 강경파와 대립각을 세웠던 정성호 전 법무부 장관은 머지않아 어느 주장이 옳았는지 드러날 거라는 의미심장한 말을 남기기도 했습니다.... ,https://www.ytn.co.kr/_ln/0101_202610021748161478,https://n.news.naver.com/mnews/article/052/0002414081?sid=100,"Fri, 02 Oct 2026 17:48:00 +0900"
정성호,대미투자도 與野 아닌 ‘대한민국 국회’ 묻는 김성원 [주간 여의도 Who...,"동두천·양주·연천갑은 이재명 정부 초대 법무부 장관을 지내고 최근 국회로 복귀한 정성호 민주당 의원의 지역구다. 정 의원의 국회 복귀 시점을 둘러싸고 여권 내 신경전도 적지 않았지만, 김 의원은 누구보다 그의... ",https://www.seoul.co.kr/news/politics/2026/10/02/20261002500248?wlog_tag3=naver,https://n.news.naver.com/mnews/article/081/0003685720?sid=100,"Fri, 02 Oct 2026 17:41:00 +0900"
정성호,초유의 권력기관 수장 공백상태인데 여권은 집안싸움만…,정가 일각에선 정성호 전 장관 역시 공소취소를 둘러싼 일련의 과정들에 불만을 갖고 사의를 표명했다는... 독배인 셈”이라면서 “이 대통령 핵심 측근인 정성호 전 장관조차 물러났다. 후임자를 찾는 건 쉽지 않을... ,https://ilyo.co.kr/?ac=article_view&entry_id=513002,https://ilyo.co.kr/?ac=article_view&entry_id=513002,"Fri, 02 Oct 2026 17:30:00 +0900"
정성호,"서영교 “중수청, 축하합니다” 야당 없는 반쪽 개청식…공소청은 조용...","법무부 장관 신분으로 여권 강경파가 주도하는 검찰 개혁에 우려 목소리를 냈던 정성호 민주당 의원은 이날 페이스북에 “목표는 같고 방법만 다를 뿐인 개혁의 동료들에게 무차별적으로 ‘검찰주의자’, ‘반개혁’... ",https://www.joongang.co.kr/article/25466727,https://n.news.naver.com/mnews/article/025/0003555432?sid=102,"Fri, 02 Oct 2026 16:32:00 +0900"
정성호,"이 대통령 &quot;김지용, 친윤 단정 어려워&quot;…정성호 &quot;강경파, '반개혁' 낙인...",같은 날 법무부 장관을 역임한 정성호 민주당 의원은 검찰개혁 과정에서 여권 내 강경파가 합리적인 주장까지 '반개혁'으로 몰았다며 강도 높게 비판했습니다. 이재명 대통령(왼쪽)과 정성호 당시 법무부 장관이 지난해... ,http://www.newstomato.com/ReadNews.aspx?no=1315567&inflow=N,http://www.newstomato.com/ReadNews.aspx?no=1315567&inflow=N,"Fri, 02 Oct 2026 15:48:00 +0900"
정성호,"윤건영 “딸, 이상한 애랑 결혼시키는 느낌”…김지용 인선에 당내이견...","반발이 계속되자 친명계 핵심인 정성호 의원은 이날 SNS에 “‘선명한 개혁’이라는 명분 아래 개혁의 동료들과 전문가들에게 무차별적으로 ‘친검주의자‘, ‘반개혁’이라는 폭력의 낙인을 찍으면서 정상적 토론이... ",https://www.mk.co.kr/article/12167186,https://n.news.naver.com/mnews/article/009/0005743236?sid=100,"Fri, 02 Oct 2026 15:38:00 +0900"
정성호,정성호 &quot;검찰주의자 낙인에 토론 설 자리 잃어...정부 주도로 부작용 보...,"이재명 정부의 초대 법무부장관으로 검찰개혁 강경 드라이브에 반대 의사를 밝혀 왔던 민주당 정성호 의원이 검찰주의자, 반개혁 낙인에 정상적인 토론이 설 자리를 잃었다고 주장했습니다. 정 의원은 오늘(2일) SNS를 통해... ",https://www.ytn.co.kr/_ln/0101_202610021516065409,https://n.news.naver.com/mnews/article/052/0002413985?sid=100,"Fri, 02 Oct 2026 15:16:00 +0900"
정성호,양주시. 보건복지부에 '공공의료원' 조기 건립 지원 건의,"정덕영 시장 정성호 의원, 정은경 보건복지부 장관 만나 관심과 협력 요청 양주시는 경기 동북부 지역의 필수... 정덕영 양주시장은 1일 정성호 국회의원과 함께 국회를 방문해 정은경 보건복지부 장관에게 양주·동두천... ",https://www.pressian.com/pages/articles/2026100215153428148?utm_source=naver&utm_medium=search,https://n.news.naver.com/mnews/article/002/0002459357?sid=102,"Fri, 02 Oct 2026 15:16:00 +0900"
정성호,"78년 검찰청 역사 뒤안길...김지용, 국회 검증대로 [정치ON]","정성호 전 법무부 장관도 오늘 빈틈과 부작용은 정부가 시정과 보완을 해 나가야 한다, 이런 입장을 밝혔다는 점도 정리해 드리겠습니다. 이렇게 어수선한 분위기 속에김지용 초대 중수청장 후보자에 대해서는사실상 임명... ",https://www.ytn.co.kr/_ln/0101_202610021515599823,https://n.news.naver.com/mnews/article/052/0002414084?sid=100,"Fri, 02 Oct 2026 15:15:00 +0900"
정성호,"[뉴스분석] 검찰청 폐지 날 엇갈린 여야...전문가 &quot;실험적 상황, 부작용...","이재명 정부 법무부 장관을 지낸 정성호 민주당 의원은 이날 페이스북에서 &quot;김대중 정부를 시작으로 노무현 정부, 문재인 정부가 계속 추진해 온 검찰개혁과 수사-기소 분리 원칙의 실현이 이재명 정부에 와서 비로소... ",https://www.newspim.com/news/view/20261002000906,https://www.newspim.com/news/view/20261002000906,"Fri, 02 Oct 2026 15:09:00 +0900"
정성호,"존재의 비존재, 훼손된 몸은 어디로 가는가[이주영의 연뮤덕질기](81)","진주는 누대에 이른 연대의 염원인 푸른점(정성호 분)의 안내를 통해 시대를 역행하면서 그들의 삶을 이해한다. &lt;역행기&gt;와 &lt;푸른 점의 진주&gt;에서 후대로 이어지는 것은 혈연만이 아니다. 이 땅에서 노동했고, 식민과 전쟁... ",https://weekly.khan.co.kr/article/202610021459021,https://n.news.naver.com/mnews/article/033/0000052490?sid=103,"Fri, 02 Oct 2026 15:00:00 +0900"
정성호,정성호 &quot;과거 동료들까지 '친검주의자' '반개혁' 낙인&quot;,&quot;어떤 주장이 올바른지 드러나는데 긴 시간 필요치 않을 것&quot; 정성호 더불어민주당 의원은 검찰이 공식적으로 소멸된 2일 &quot;이런 대전환에 대해 여전히 많은 국민과 범죄 피해자들께서 의구심과 불안감을 가지고 계신 것도... ,https://www.viewsnnews.com/article?q=238847,https://www.viewsnnews.com/article?q=238847,"Fri, 02 Oct 2026 14:48:00 +0900"
정성호,"[허프 생각] 검찰청 없는 시대, '검찰 복사본' 공소청의 수사 개입 경계...",검찰개혁 국면에서 '노골적으로' 검찰 편을 들어주던 정성호 전 법무부 장관도 이날 엑스(X·옛 트위터)에 &quot;새로 출범하는 중수청과 공소청이 과거 국민 위에 군림하던 정치검찰의 과오를 반면교사 삼아 오직 국민과 공익을... ,https://www.huffingtonpost.kr/article/260955,https://www.huffingtonpost.kr/article/260955,"Fri, 02 Oct 2026 14:40:00 +0900"
정일영,"부국제, 전야제부터 커비로드 야외무대...장기하·정일영과 대화","12일에는 장기하와 정일영이 한 무대에 앉아 '나의 인생과 영화와 음악'을 이야기한다. 음악을 넘어 연기와 연출까지 활동 반경을 넓혀 온 장기하, 굴곡 많은 삶의 이력과 거침없는 말솜씨로 알려진 프랑스어 교수 정일영... ",https://www.slist.kr/news/articleView.html?idxno=770896,https://www.slist.kr/news/articleView.html?idxno=770896,"Sun, 04 Oct 2026 08:46:00 +0900"
정일영,"15년 이상 안 팔린 LH 토지 61.6%, 경기·인천 집중… 4777억 규모","4일 국회 국토교통위원회 소속 더불어민주당 정일영 의원이 LH로부터 제출받은 자료에 따르면 올해 7월 기준 LH가 보유한 15년 이상 미매각 토지는 전국 23필지, 7천752억원 규모다. 이 가운데 경기도는 9필지... ",https://www.kyeonggi.com/article/20261004580011,https://n.news.naver.com/mnews/article/666/0000125986?sid=101,"Sun, 04 Oct 2026 08:20:00 +0900"
정일영,"'서울 지하철 노선 중 열차 지연 가장 많은 노선' 3위 4호선, 2위 5호선,...",/ 뉴스1 정일영 더불어민주당 의원(국회 국토교통위원회)이 서울교통공사로부터 제출받은 자료에 따르면 2022년부터 지난 8월까지 서울 지하철 1~8호선에서 발생한 5분 이상~20분 미만 열차 지연은 모두 327건이고... ,https://www.wikitree.co.kr/articles/1163816,https://www.wikitree.co.kr/articles/1163816,"Sun, 04 Oct 2026 08:20:00 +0900"
정일영,&quot;19년째 주인 못 찾은 땅&quot;…LH 미매각 토지 21조9천억원으로 급증,"3일 국회 국토교통위원회 소속 더불어민주당 정일영 의원이 LH로부터 제출받은 자료에 따르면, 올해 7월... 정일영 의원은 &quot;이미 공급한 토지 중에 10년, 20년 가까이 팔리지 않는 것은 토지 수요와 활용 가능성에 대한... ",http://www.newsroad.co.kr/news/articleView.html?idxno=65261,http://www.newsroad.co.kr/news/articleView.html?idxno=65261,"Sun, 04 Oct 2026 08:00:00 +0900"
정일영,서울지하철 지연 최다 노선은 7호선…민원은 2호선에 집중,"5년간 지연 327건·민원 14만건…7호선, 4년 연속 지연 최다 2호선 민원 전체의 30%…정일영 의원 &quot;노선별... 4일 국회 국토교통위원회 소속 더불어민주당 정일영 의원이 서울교통공사로부터 제출받은 자료에 따르면... ",https://www.yna.co.kr/view/AKR20261002099900004?input=1195m,https://n.news.naver.com/mnews/article/001/0016356188?sid=102,"Sun, 04 Oct 2026 06:00:00 +0900"
정일영,19년간 팔지 못한 상업용지…LH 미매각 토지 21.9조원,3일 국회 국토교통위원회 소속 정일영 더불어민주당 의원이 LH로부터 제출받은 자료에 따르면 지난 7월 기준 LH가 보유한 미매각 토지는 공급가격 기준 21조8892억원에 달했다. 이는 2022년 8조7074억원과 비교해 약 2.5배... ,https://www.fnnews.com/news/202610031556072556,https://n.news.naver.com/mnews/article/014/0005584570?sid=101,"Sat, 03 Oct 2026 16:07:00 +0900"
정일영,"LH 보유 인천 영종 공동주택용지 4필지, 18년 8개월째 팔리지 않아","최근 5년(2022~2026년 7월)간 LH의 미매각 토지 현황(자료제공=정일영 의원실) 한국토지주택공사(LH)의... 3일 더불어민주당 정일영 의원(인천 연수구을, 국토교통위원회)이 LH로부터 제출받은 자료에 따르면 올해... ",http://www.incheonin.com/news/articleView.html?idxno=121223,http://www.incheonin.com/news/articleView.html?idxno=121223,"Sat, 03 Oct 2026 15:42:00 +0900"
정일영,19년간 미매각 상업용지... LH 못 판 땅 규모 21.9조원 기록,"3일 국회 국토교통위원회 소속 정일영 더불어민주당 의원이 LH로부터 건네받은 자료에 따르면, 지난 7월 LH가 가진 미매각 토지는 공급값 기준으로 21조8892억원에 이른다. 이는 2022년 8조7074억원에서 2.5배 오른... ",https://www.getnews.co.kr/news/articleView.html?idxno=882561,https://www.getnews.co.kr/news/articleView.html?idxno=882561,"Sat, 03 Oct 2026 13:50:00 +0900"
정일영,[국감] LH 미매각 토지 21.9조원…4년 새 2.5배 급증,포쓰저널 이현민 기자 더불어민주당 정일영 의원./연합 한국토지주택공사(LH)가 민간에 공급하지 못하고... 3일 국회 국토교통위원회 소속 더불어민주당 정일영 의원이 LH로부터 제출받은 자료에 따르면 올해 7월 기준... ,http://www.4th.kr/news/articleView.html?idxno=2119172,http://www.4th.kr/news/articleView.html?idxno=2119172,"Sat, 03 Oct 2026 12:14:00 +0900"
정일영,“19년째 못 팔았는데 또 산다”…LH 미매각 토지 21조9000억,"국회 국토교통위원회 소속 더불어민주당 정일영 의원이 LH로부터 제출받은 자료를 분석한 결과, 올해 7월... 정일영 의원은 “주택공급에 필요한 토지를 미리 확보하는 것은 필요하다”면서도 “이미 공급한 토지... ",https://www.viva100.com/article/20261003500044,https://www.viva100.com/article/20261003500044,"Sat, 03 Oct 2026 11:26:00 +0900"
정일영,LH 미매각 토지 21.9조원...팔려고 12번 내놨는데 19년째 미매각,"국회 국토교통위원회 소속 더불어민주당 정일영 의원이 LH로부터 제출받은 자료에 따르면 LH가 별도로... 정일영 의원은 &quot;이미 공급한 토지 가운데 실제 사용할 수 있는 상태인데도 10년, 20년 가까이 팔리지 않는... ",https://news.bbsi.co.kr/news/articleView.html?idxno=4110180,https://news.bbsi.co.kr/news/articleView.html?idxno=4110180,"Sat, 03 Oct 2026 11:06:00 +0900"
정일영,팔려고 12번 내놨는데 19년째 미매각…LH 땅 21.9조 쌓였다,"국회 국토교통위원회 소속 더불어민주당 정일영 의원이 LH에서 제출받은 자료에 따르면, LH가 별도로... 정일영 의원은 &quot;주택공급을 위해 필요한 토지를 선제적으로 확보하는 것은 필요하다&quot;면서도 &quot;이미 공급한... ",https://www.siminsori.com/news/articleView.html?idxno=401856,https://www.siminsori.com/news/articleView.html?idxno=401856,"Sat, 03 Oct 2026 10:38:00 +0900"
정일영,"LH, 미매각 상업용지 급증....&quot; 20조원 어치 넘어&quot;","국회 국토교통위원회 소속 더불어민주당 정일영 의원이 LH로부터 제출받은 자료에 따르면, 올 7월 LH가 보유한 미매각 토지는 공급가격 기준으로 21조8천892억원에 달했다. 이는 2022년 8조7천74억원에서 2.5배 늘어난... ",https://www.ngonews.kr/news/articleView.html?idxno=239800,https://www.ngonews.kr/news/articleView.html?idxno=239800,"Sat, 03 Oct 2026 10:38:00 +0900"
정일영,19년째 안 팔린 땅 22조인데 또 5000억 매입 … LH 토지 ‘수요예측’ 도...,3일 국회 국토교통위원회 소속 더불어민주당 정일영 의원이 LH로부터 제출받은 자료에 따르면 올 7월 LH가 보유한 미매각 토지는 공급가격 기준으로 21조8892억원에 달했다. 이는 2022년 8조7074억원에서 4년여 만에 2.5배... ,https://biz.newdaily.co.kr/site/data/html/2026/10/03/2026100300011.html,https://biz.newdaily.co.kr/site/data/html/2026/10/03/2026100300011.html,"Sat, 03 Oct 2026 10:32:00 +0900"
정일영,"LH, 미매각 토지 규모 22조 육박…4년 만 2.5배 증가","3일 국회 국토교통위원회 소속 더불어민주당 정일영 의원이 LH로부터 제출받은 자료에 따르면, 올 7월 LH가 보유한 미매각 토지는 공급가격 기준으로 21조8892억원에 달했다. 이는 2022년 8조7074억원에서 2.5배 늘어난... ",https://www.sentv.co.kr/article/view/sentv202610030009,https://www.sentv.co.kr/article/view/sentv202610030009,"Sat, 03 Oct 2026 09:46:00 +0900"
정일영,LH 미매각 토지 22조 육박…19년간 못 판 상업용지도,"3일 국회 국토교통위원회 소속 더불어민주당 정일영 의원이 LH로부터 제출받은 자료에 따르면, 올 7월 LH가 보유한 미매각 토지는 공급가격 기준으로 21조8892억 원에 달했다. 이는 2022년 8조7074억 원에서 2.5배 늘어난... ",http://www.kookje.co.kr/news2011/asp/newsbody.asp?code=0300&key=20261003.99099000601,https://n.news.naver.com/mnews/article/658/0000157355?sid=102,"Sat, 03 Oct 2026 09:25:00 +0900"
정일영,테슬라 판매 2배 늘었는데…서비스센터는 37곳 불과,"3일 국회 국토교통위원회 소속 정일영 더불어민주당 의원이 한국수입자동차협회와 국토교통부로부터 제출받은 자료에 따르면 지난해 테슬라 전기차 신규등록 대수는 5만9916대로, 전년(2만9750대)보다 101.4% 증가했다.... ",https://www.newsis.com/view/NISX20261002_0003811964,https://n.news.naver.com/mnews/article/003/0014231318?sid=101,"Sat, 03 Oct 2026 07:00:00 +0900"
정일영,19년간 못판 상업용지…LH 미매각 토지 규모 21.9조원 기록,"정일영 &quot;매입부터 공급까지 토지 관리 전반 점검해야&quot; 한국토지주택공사(LH)가 가진 사업용 토지 가운데... 3일 국회 국토교통위원회 소속 더불어민주당 정일영 의원이 LH로부터 제출받은 자료에 따르면, 올 7월 LH가... ",https://www.yna.co.kr/view/AKR20261002152800001?input=1195m,https://n.news.naver.com/mnews/article/001/0016355028?sid=101,"Sat, 03 Oct 2026 07:00:00 +0900"
정일영,李 &quot;민원 해결 수당 만들어볼 만…민원은 국가정책의 보물창고&quot;,"행사에는 윤호중 행정안전부 장관과 정일영 국민권익위원장, 강훈식 대통령비서실장, 전성환 경청통합수석을 비롯해 중앙부처와 지방자치단체, 교육청의 민원 담당 공무원 등 약 500명이 참석했다. 이 대통령은 특히 장기간... ",https://view.asiae.co.kr/article/2026100219172522634,https://n.news.naver.com/mnews/article/277/0005824299?sid=100,"Fri, 02 Oct 2026 19:17:00 +0900"
정일영,"[2026 국감 레이더⑪] 코오롱글로벌_김영범 대표이사 사장, 하자판정 상...","상위 10개사에 포함된 SK에코플랜트 역시 정일영 민주당 의원이 김영식 대표의 추가 채택을 요구했다. 시공능력평가에서는 포스코이앤씨가 8위, SK에코플랜트가 9위, 제일건설이 17위, 코오롱글로벌이 23위다. 송치영... ",https://www.newsworker.co.kr/news/articleView.html?idxno=507049,https://www.newsworker.co.kr/news/articleView.html?idxno=507049,"Fri, 02 Oct 2026 17:42:00 +0900"
정일영,[사진] 영천시장 간 대통령 &quot;더 세심히 챙기겠다&quot;,당시 이 대통령은 기념식 참석을 계기로 저녁식사를 함께한 박찬대 인천시장과 더불어민주당 송영길·정일영·이재강 의원과 함께 전통시장을 찾았다. ▲  이재명 대통령과 김혜경 여사가 2일 서울 서대문구 영천시장을... ,https://www.ohmynews.com/NWS_Web/View/at_pg.aspx?CNTN_CD=A0003272271&CMPT_CD=P0010&utm_source=naver&utm_medium=newsearch&utm_campaign=naver_news,https://n.news.naver.com/mnews/article/047/0002531058?sid=100,"Fri, 02 Oct 2026 17:31:00 +0900"
조승래,"조승래 &quot;대미투자, 상업적 합리성이 원칙…일방 압박 안 돼&quot;",더불어민주당 소속 조승래 국회 재정경제기획위원장은 정부의 대미투자와 관련해 &quot;상업적 합리성이 대미투자 판단의 가장 중요한 원칙&quot;이라며 &quot;정치적 고려나 일방의 필요가 이 원칙을 앞설 수 없다&quot;고 3일 밝혔다. 조... ,https://www.news1.kr/politics/assembly/6309907,https://n.news.naver.com/mnews/article/421/0009208272?sid=100,"Sat, 03 Oct 2026 18:17:00 +0900"
조승래,"조승래 &quot;대미투자, 국익 따라 판단…美 일방적 지시 받는 관계 아냐&quot;",조승래 국회 재정경제기획위원장. (사진 / 시사포커스DB) 국회 재정경제기획위원장인 조승래 더불어민주당 의원이 대미투자와 알래스카 액화천연가스(LNG) 사업은 상업적 합리성과 국익을 기준으로 판단해야 한다고... ,http://www.sisafocus.co.kr/news/articleView.html?idxno=365771,http://www.sisafocus.co.kr/news/articleView.html?idxno=365771,"Sat, 03 Oct 2026 17:22:00 +0900"
조승래,"조승래 재경위원장 &quot;대미투자, 국익 따라 판단…일방적 지시 받는 관계...",국회 재정경제기획위원장인 조승래 더불어민주당 의원은 &quot;대한민국은 미국의 일방적 지시를 받는 관계가 아니다&quot;라며 &quot;대미투자는 국익에 따라 판단할 것&quot;이라고 밝혔습니다. 조승래 의원은 오늘(3일) 오후 페이스북에... ,http://mbn.mk.co.kr/pages/news/newsView.php?category=mbn00006&news_seq_no=5222862,https://n.news.naver.com/mnews/article/057/0001971841?sid=100,"Sat, 03 Oct 2026 13:25:00 +0900"
조승래,"조승래 재경위원장 &quot;대미투자, 국익 따라 판단…美 일방 지시 받는 관계...",국회 재정경제기획위원장인 조승래 더불어민주당 의원은 3일 &quot;대한민국은 미국의 일방적 지시를 받는 관계가 아니다&quot;라며 &quot;대미투자는 국익에 따라 판단할 것&quot;이라고 했다. 조승래 의원은 이날 오후 페이스북에 &quot;한미... ,https://www.newsis.com/view/NISX20261003_0003813518,https://n.news.naver.com/mnews/article/003/0014231660?sid=100,"Sat, 03 Oct 2026 12:55:00 +0900"
조승래,"與 이광재 &quot;과세 기준, 현재 물가로 현실화 해야 … 소득세 공제 등 상향...","기준에 맞게 대전환하는 전기를 만들어내야 한다&quot;고 말했다. 해당 결의안에는 한병도 원내대표, 조승래 재정경제기획위원장, 오기형 재경위 간사, 정태호 예결위 간사 등 19명이 공동발의자로 함께 했다. 뉴데일리 남수지",https://www.newdaily.co.kr/site/data/html/2026/10/02/2026100200222.html,https://www.newdaily.co.kr/site/data/html/2026/10/02/2026100200222.html,"Fri, 02 Oct 2026 15:24:00 +0900"
조승래,검찰청 폐지에 野 “역사적 심판 받을 것”… 與 “국민 불안 조장” 반...,조승래 의원은 SNS에 “제도에 대한 국민적 신뢰를 유지하는 일도 필요하다”고 했다. 청와대는 김지용 중수청장 후보자를 임명하는 수순을 밟은 상황이다. 강유정 청와대 수석대변인은 지난 1일 이재명 대통령이 김... ,https://www.busan.com/view/busan/view.php?code=2026100210392894301,https://n.news.naver.com/mnews/article/082/0001400901?sid=100,"Fri, 02 Oct 2026 14:58:00 +0900"
조승래,"게임인 없는 국감, 현안은 산더미…게임진흥원·역차별·예산 '숙제'",조승래 더불어민주당 의원이 지난해 9월 대표 발의한 전부개정안에는 게임문화·산업 진흥과 이용자 보호 등을 담당할 게임진흥원 설립과 게임 규제체계 개편 등이 담겼다. 온라인게임 시간선택제와 전체이용가 게임... ,https://www.ebn.co.kr/news/articleView.html?idxno=1726542,https://www.ebn.co.kr/news/articleView.html?idxno=1726542,"Fri, 02 Oct 2026 13:28:00 +0900"
조승래,&quot;30년 전 과세기준 재정비해야&quot;…물가연동제 도입 촉구 결의안,"한편 이번 결의안에는 이광재 위원장을 비롯해 한병도 원내대표, 조승래 재정경제기획위원장, 오기형 재경위 간사, 정태호 예결위 간사, 정성호, 문진석, 김남준, 김영환, 김태년, 최기상, 맹성규, 박주민, 홍기원, 진선미... ",http://www.joseilbo.com/news/news_read.php?uid=576761&class=32&grp=,https://n.news.naver.com/mnews/article/123/0002391234?sid=100,"Fri, 02 Oct 2026 12:11:00 +0900"
진성준,[뉴스 속 무기] 해군 이지스함 전력 체계 완성할 ‘대호김종서함’ 진수...,"방위사업청장, 진성준 국회 국방위원장을 비롯한 국방위 소속 국회의원, 김태선(울산 동구)·윤종오(울산 북구) 국회의원, 정기선 HD현대 회장, 이상균 HD현대중공업 부회장, 주원호 HD현대중공업 사장 등 350여명이... ",https://www.news2day.co.kr/article/20261003500018,https://www.news2day.co.kr/article/20261003500018,"Sat, 03 Oct 2026 23:04:00 +0900"
진성준,민주당·진보3당 '민주진보 연석회의' 구성…정치개혁 논의 착수,"지난 2일 열린 첫 회의에는 민주당 진보정당연대분과위원장인 진성준 의원과 신창현 진보당 사무총장, 신지혜 기본소득당 최고위원, 김보경 사회민주당 최고위원이 각 당 실무대표로 참석했다. 참석 정당들은 지난해 2월... ",https://www.shinailbo.co.kr/news/articleView.html?idxno=5068418,https://www.shinailbo.co.kr/news/articleView.html?idxno=5068418,"Sat, 03 Oct 2026 16:12:00 +0900"
진성준,"북, '대화 일축' 뒤 미사일...국힘 &quot;이 대통령, 선택적 분노&quot;","그리고 더불어민주당 소속 국방위원장, 진성준 의원 같은 경우는 군 상의 목적이라 단정하기 어렵다, 이렇게 얘기했습니다. 도발이 방어용으로 된다면 군사분계선 북측이 매설했다면 그런 얘기를 할 수 있겠죠. 그게... ",https://www.ytn.co.kr/_ln/0101_202610031235024229,https://n.news.naver.com/mnews/article/052/0002414336?sid=100,"Sat, 03 Oct 2026 12:35:00 +0900"
진성준,"[오동룡의 밀리터리 인사이드] 사라진 표지판, 흔들리는 방아쇠…'공세...",[서울=뉴스핌] 국회사진기자단 = 김민석 더불어민주당 대표와 진성준 국회 국방위원장을 비롯한 국방위원들이 28일 오후 경기 연천군 육군 25사단 비룡전망대를 찾아 북측을 살펴보며 최근 비무장지대(DMZ)에서... ,https://www.newspim.com/news/view/20261003000024,https://www.newspim.com/news/view/20261003000024,"Sat, 03 Oct 2026 09:34:00 +0900"
진성준,[데일리안 주간 포토] 78년 검찰청 체제 역사 속으로...공소청·중수청 ...,"국회 국방위원회, 육군 25사단 현장 점검 김민석 더불어민주당 대표와 진성준 국회 국방위원장을 비롯한 국방위원들이 28일 오후 경기 연천군 육군 25사단 비룡전망대를 찾아 지뢰덧신과 지뢰 탐지장비 등을 살펴보고... ",https://www.dailian.co.kr/news/view/1697017/?sc=Naver,https://n.news.naver.com/mnews/article/119/0003139200?sid=100,"Sat, 03 Oct 2026 01:00:00 +0900"
진성준,"민주, 진보·기본소득·사회민주당과 연석회의...조국혁신당 불참","민주당 진성준 진보정당연대분과위원장, 진보당 신창현 사무총장, 기본소득당 신지혜 최고의원, 사회민주당 김보경 최고위원이 참석했습니다. 회의에 조국혁신당은 참여하지 않았는데, 진성준 의원 측은 앞으로 참여가... ",https://www.ytn.co.kr/_ln/0101_202610022304088812,https://n.news.naver.com/mnews/article/052/0002414190?sid=100,"Fri, 02 Oct 2026 23:04:00 +0900"
진성준,"與, 북한 지뢰 폭발 규탄 결의안 당론 발의…野 합의는 불발",발의에는 국회 국방위원장인 진성준 의원을 비롯한 민주당 의원 160여명이 참여했다. 앞서 지난달 21일 육군 25사단이 관할하는 서부전선 DMZ에서 수색로 개척 작전 중 지뢰 폭발 사고가 발생했다. 군 간부 3명이 다쳤고 이... ,https://www.joongang.co.kr/article/25466777,https://n.news.naver.com/mnews/article/025/0003555472?sid=100,"Fri, 02 Oct 2026 22:58:00 +0900"
진성준,"與, ‘DMZ 북한 지뢰 사고’ 규탄 결의안 당론 발의…野 합의는 불발",민주당이 이날 발의한 ‘군사분계선(MDL) 이남 지역에서의 북한 지뢰 폭발사고 관련 규탄 결의안’에는 국회 국방위원장인 진성준 의원을 비롯해 여당 의원 161명이 이름을 올렸다. 지난 9월 28일 서울 용산구 국방부에서... ,https://www.segye.com/newsView/20261002514846?OutUrl=naver,https://n.news.naver.com/mnews/article/022/0004163705?sid=100,"Fri, 02 Oct 2026 20:27:00 +0900"
진성준,"여당, ‘북한 지뢰 폭발 사고’ 규탄 결의안 당론 발의…여야 합의는 불...",국회 국방위원장을 맡고 있는 진성준 의원을 비롯한 여당 의원 161명은 이날 ‘군사분계선(MDL) 이남 지역에서의 북한 지뢰 폭발사고 규탄 결의안’을 발의했다. 민주당은 “지난 9월21일 25사단 DMZ 수색로 개척 작전 중... ,https://www.khan.co.kr/article/202610021932001,https://n.news.naver.com/mnews/article/032/0003473984?sid=100,"Fri, 02 Oct 2026 19:32:00 +0900"
진성준,"더불어민주당, 'DMZ 북한 지뢰 사고' 규탄 결의안 당론 발의",발의자는 국회 국방위원회 위원장인 진성준 의원 등 160명이다. 앞서 합동참모본부는 육군 25사단 관할 서부전선 DMZ에서 지난달 21일 발생한 지뢰 폭발 사고와 관련해 북한군 지뢰일 가능성이 매우 높다고 밝혔다. 사고... ,https://www.mt.co.kr/politics/2026/10/02/2026100219154684157,https://n.news.naver.com/mnews/article/008/0005421747?sid=100,"Fri, 02 Oct 2026 19:29:00 +0900"
진성준,"민주, 'DMZ 지뢰 폭발' 北규탄 결의안 당론 발의…&quot;책임 인정하고 사과...",발의자는 국회 국방위원장인 진성준 의원 등 160명이다. 민주당은 결의안에서 이번 사고를 우리 군 장병의 생명과 안전을 위협하고 한반도의 군사적 긴장을 고조시키는 중대한 도발로 규정했다. 민주당은 &quot;2015년... ,https://www.shinailbo.co.kr/news/articleView.html?idxno=5068398,https://www.shinailbo.co.kr/news/articleView.html?idxno=5068398,"Fri, 02 Oct 2026 18:40:00 +0900"
진성준,"민주당, 진보 군소 정당과 연석회의 구상…혁신당은 불포함",아주경제=송하은 수습기자 unijoa@ajunews.com 더불어민주당 진성준 의원 [출처=연합뉴스] 더불어민주당과 진보당... 1일 열린 첫 회의에는 민주당 대통합추진단의 진보정당연대 분과위원장을 맡고 있는 진성준 의원을 비롯해... ,https://www.ajunews.com/view/20261002165432559,https://www.ajunews.com/view/20261002165432559,"Fri, 02 Oct 2026 18:12:00 +0900"
진성준,"與, 'DMZ 지뢰' 北규탄 결의안 발의…&quot;책임 인정하고 사과하라&quot;(종합)",발의자는 국회 국방위원회 위원장인 진성준 의원 등 160명이다. 민주당은 결의안에서 &quot;2015년 북한군의 DMZ 지뢰 도발로 우리 장병들이 피해를 입은 지 10년이 지난 시점에 또다시 북한군 지뢰에 의한 폭발로 우리 장병들이... ,https://www.news1.kr/politics/assembly/6309470,https://n.news.naver.com/mnews/article/421/0009207344?sid=100,"Fri, 02 Oct 2026 18:05:00 +0900"
진성준,"민주당, 진보·기본소득·사회민주당과 연석회의…조국혁신당 불참","이날 오전 열린 첫 회의에는 민주당 대통합추진단의 진보정당연대 분과위원장인 진성준 의원, 진보당 신창현 사무총장, 기본소득당 신지혜 최고위원, 사회민주당 김보경 최고위원이 참석했다. 참석자들은 지난해 2월... ",https://www.seoul.co.kr/news/politics/2026/10/02/20261002500258?wlog_tag3=naver,https://n.news.naver.com/mnews/article/081/0003685730?sid=100,"Fri, 02 Oct 2026 17:58:00 +0900"
진성준,[서민의 곡(哭)소리] 우리는 어느 나라에 살고 있나요?,"# 9월 29일, 진성준 국방위원장: 국회 국방위원장인 진성준 민주당 의원은 KBS라디오 '전격시사'에 출연한다. 그는 &quot;유실이든 매설이든 기본적으로 북한에 책임이 있는 것은 맞다&quot;면서 &quot;고의적으로 우리 장병을 상해하기... ",https://www.ilyoseoul.co.kr/news/articleView.html?idxno=523235,https://www.ilyoseoul.co.kr/news/articleView.html?idxno=523235,"Fri, 02 Oct 2026 17:46:00 +0900"
진성준,"민주, 진보·기본소득·사회민주당과 연석회의...조국혁신당 불참","민주당 진성준 진보정당연대분과위원장, 진보당 신창현 사무총장, 기본소득당 신지혜 최고의원, 사회민주당 김보경 최고위원이 참석했습니다. 회의에 조국혁신당은 참여하지 않았는데, 진성준 의원 측은 앞으로 참여가... ",https://www.ytn.co.kr/_ln/0101_202610021727273728,https://n.news.naver.com/mnews/article/052/0002414068?sid=100,"Fri, 02 Oct 2026 17:27:00 +0900"
진성준,민주진보 연석회의 출범…민주당·진보당·기본소득당·사회민주당 등,"회의엔 민주당 진보연대분과장인 진성준 의원, 신창현 진보당 사무총장, 신지혜 기본소득당 최고위원, 김보경 사회민주당 최고위원 등이 참석했다. 참석자들은 지난해 2월 19일 출범한 '내란종식 민주헌정수호 새로운... ",https://www.newsis.com/view/NISX20261002_0003813063,https://n.news.naver.com/mnews/article/003/0014230891?sid=100,"Fri, 02 Oct 2026 17:18:00 +0900"
진성준,민주당·진보당·기본소득당·사회민주당 민주진보 연석회의 출범,"이날 회의엔 민주당 진보정당연대분과위원장인 진성준 의원과 신창현 진보당 사무총장, 신지혜 기본소득당 최고위원, 김보경 사회민주당 최고위원이 실무 대표로 참석했다. 이들은 지난해 2월 출범한 '내란 종식 민주 헌정... ",https://www.news1.kr/politics/assembly/6309324,https://n.news.naver.com/mnews/article/421/0009207179?sid=100,"Fri, 02 Oct 2026 16:54:00 +0900"
진성준,"與, 진보·기본소득·사회민주당과 연석회의…혁신당은 불포함","이날 첫 회의에는 민주당 대통합추진단의 진보정당연대 분과위원장인 진성준 의원, 진보당 신창현 사무총장, 기본소득당 신지혜 최고위원, 사회민주당 김보경 최고위원이 참석했다. 진 의원 측은 &quot;이날 회의에... ",https://www.yna.co.kr/view/AKR20261002137300001?input=1195m,https://n.news.naver.com/mnews/article/001/0016354307?sid=100,"Fri, 02 Oct 2026 16:36:00 +0900"
진성준,"[Q&amp;A로 푼 정치(76)] 전작권 환수, 정치적 결단만으로 가능할까",반면 진성준 국회 국방위원장은 지난달 29일 같은 방송에서 한미안보협의회(SCM)를 통해 조건 충족 여부를 확인하고 전환 목표 연도를 정하도록 건의하겠다고 설명했다. 일방적 선언에는 신중한 태도를 보였다. 김민석... ,https://www.sisaweek.com/news/articleView.html?idxno=238199,https://www.sisaweek.com/news/articleView.html?idxno=238199,"Fri, 02 Oct 2026 16:26:00 +0900"
진성준,10월의 시작…공소청·중수청 시대 개막[노컷한컷],황진환 기자 DMZ 지뢰 폭발 현장 점검 나선 국회 국방위 더불어민주당 김민석 대표와 진성준 국회 국방위원장을 비롯한 국방위원들이 28일 경기 연천군 육군 25사단 비룡전망대를 찾아 지뢰덧신과 지뢰 탐지장비 등을... ,https://www.nocutnews.co.kr/news/6586626?utm_source=naver&utm_medium=article&utm_campaign=20261002034624,https://n.news.naver.com/mnews/article/079/0004195309?sid=102,"Fri, 02 Oct 2026 15:47:00 +0900"
진성준,"진성준 &quot;DMZ 폭발, '불의의 사고' 표현이 무슨 문제…억지 주장 정치 공...",더불어민주당 소속 진성준 국회 국방위원장은 이재명 대통령이 비무장지대(DMZ) 지뢰 폭발 사고를 '불의의... 진성준 국회 국방위원장. [사진=뉴스핌 DB] 진 위원장은 지난달 21일 발생한 사고와 관련해 &quot;우리 군 수색요원들이... ,https://www.newspim.com/news/view/20261002000769,https://www.newspim.com/news/view/20261002000769,"Fri, 02 Oct 2026 13:48:00 +0900"
최기상,[굿모닝! 이 법안] 중견기업 졸업유예제도 도입법 대기 중⋯&quot;기업 성장...,[편집자주] ◆ 물가감시센터 법적 근거 마련법 더불어민주당 최기상 의원(서울 금천구)은 물가감시센터의 지정·운영 및 재정지원에 대한 법적 근거를 명시적으로 마련해 물가감시센터가 공적 기능을 보다 안정적으로... ,https://www.goodkyung.com/news/articleView.html?idxno=292022,https://www.goodkyung.com/news/articleView.html?idxno=292022,"Sun, 04 Oct 2026 08:30:00 +0900"
최기상,"영암군, 국회서 국립공원도시 지방정부협의회 첫 정기회의 주재","회원 지방정부 단체장과 관계자, 국회 기후에너지환경위원회 최기상·이건태 국회의원, 국립공원공단과 월출산국립공원사무소 관계자 등이 참석했다. 국립공원도시 지방정부협의회는 국립공원을 보유한 지방정부들이... ",http://www.newsmaker.or.kr/news/articleView.html?idxno=183550,http://www.newsmaker.or.kr/news/articleView.html?idxno=183550,"Fri, 02 Oct 2026 17:26:00 +0900"
최기상,'나 홀로 작업' 10년간 3884명 사망…&quot;위험업무 2인 1조 법제화해야&quot;,공공운수노조와 더불어민주당 강득구·김정호·최기상 의원은 2일 서울 여의도 국회 의원회관 제7간담회의실에서 '위험업무 2인 1조 법제화를 위한 토론회'를 개최했다. 발제를 맡은 곽이경 민주노총 노동안전보건국장이... ,https://www.fnnews.com/news/202610021408089820,https://n.news.naver.com/mnews/article/014/0005584377?sid=102,"Fri, 02 Oct 2026 15:40:00 +0900"
최기상,&quot;30년 전 과세기준 재정비해야&quot;…물가연동제 도입 촉구 결의안,"한편 이번 결의안에는 이광재 위원장을 비롯해 한병도 원내대표, 조승래 재정경제기획위원장, 오기형 재경위 간사, 정태호 예결위 간사, 정성호, 문진석, 김남준, 김영환, 김태년, 최기상, 맹성규, 박주민, 홍기원, 진선미... ",http://www.joseilbo.com/news/news_read.php?uid=576761&class=32&grp=,https://n.news.naver.com/mnews/article/123/0002391234?sid=100,"Fri, 02 Oct 2026 12:11:00 +0900"
송언석,"7월 폭락장, 국민연금도 못 피했다…국민 노후자금 10% 증발에 '부글부...",송언석 국민의힘 의원은 최근 자신의 페이스북에 &quot;국민의 노후자금이 무려 10% 급감했다&quot;며 &quot;단일종목 레버리지 ETF로 인한 충격을 국민연금조차 피해가지 못했다&quot;고 지적했다. 다만 리밸런싱 유예와 국내주식 비중... ,https://www.newsis.com/view/NISX20261002_0003813049,https://n.news.naver.com/mnews/article/003/0014232384?sid=101,"Sun, 04 Oct 2026 06:00:00 +0900"
송언석,"5.18 부상자회 반포매점 사업소장, 자신이 임원인 회사에 6억원 규모 자...","송언석 국민의힘 의원. [사진=송언석 의원실] 국회 정무위원회 소속 송언석 의원(국민의힘, 경북 김천)이 국가보훈부로부터 제출받은 5·18민주화운동부상자회 감사 및 수익사업 관련 자료를 분석한 결과, 부상자회가... ",https://www.ilyoseoul.co.kr/news/articleView.html?idxno=523328,https://www.ilyoseoul.co.kr/news/articleView.html?idxno=523328,"Sat, 03 Oct 2026 17:42:00 +0900"
송언석,"중국 자본, 한국 영화산업 투자 지형 뒤흔들다…2025년 신고액 5000만 달...",송언석 국민의힘 의원은 중국의 영화·비디오물 분야 투자 신고액이 급증한 상황에서 외국 자본이 콘텐츠 제작 과정에 어떤 영향을 미치는지 면밀한 검토가 필요하다고 밝혔다. 또한 정부가 투자 구조와 제작·배급... ,https://www.dailysportshankook.co.kr/news/articleView.html?idxno=434104,https://www.dailysportshankook.co.kr/news/articleView.html?idxno=434104,"Sat, 03 Oct 2026 14:18:00 +0900"
송언석,"국민의힘, 장동혁·정점식 지도부 이재명정권 안보·민생 총체적 실정 ..."," 송언석 의원 (대중국 영화·비디오물 외국인 투자 급증 및 역사 왜곡 우려) 국민의힘 송언석 의원은 최근 5년간 국가별 영화·비디오물 제작 및 배급업 분야의 외국인 투자 내역을 분석한 결과, 이재명... ",http://www.breaknews.com/1240860,http://www.breaknews.com/1240860,"Sat, 03 Oct 2026 10:20:00 +0900"
송언석,"[단독] 5·18 부상자회 수익사업소 소장, 자신이 임원인 회사에 6억 자금...","사업소장, 부상자회 내부 승인 없이 자신이 재직 중인 회사 두 곳에 자금 대여 2일 송언석 국민의힘 의원실이 보훈부로부터 제출받은 5·18민주화운동부상자회 감사 및 수익사업 관련 자료를 분석한 결과, 부상자회가... ",https://www.hankookilbo.com/news/article/A2026100214460003482?did=NA,https://n.news.naver.com/mnews/article/469/0000957468?sid=100,"Sat, 03 Oct 2026 04:30:00 +0900"
송언석,"[단독] 中, 2025년 韓 영화 제작·배급업에 700억 투자 … 직전 4년 총합...","2일 송언석 국민의힘 의원실이 산업통상자원부로부터 제출받은 '최근 5년간 연도별·국가별 영화... 이에 송언석 의원은 &quot;영화 암살자(들)의 역사왜곡 논란이 커지는 가운데, 중국 자본의 급격한 유입이 우리... ",https://www.newdaily.co.kr/site/data/html/2026/10/02/2026100200283.html,https://www.newdaily.co.kr/site/data/html/2026/10/02/2026100200283.html,"Fri, 02 Oct 2026 16:38:00 +0900"
박수영,[국민의힘 리더스] 숫자·논리로 입증한 '품격 보수' 박수영…경제통 넘...,박수영 국민의힘 의원이 경제·재정 분야의 전문성을 바탕으로 당의 정책 대응을 이끄는 핵심 인물로 입지를... 수락한 박수영 의원은 정부 경제정책 검증과 대안 마련에 앞장서며 지도부와 동료 의원들의 신뢰를 얻고... ,https://www.dailian.co.kr/news/view/1697537/?sc=Naver,https://n.news.naver.com/mnews/article/119/0003139323?sid=100,"Sun, 04 Oct 2026 08:00:00 +0900"
박수영,"제주 읍면 생활거점시설, 지속가능한 운영의 길을 찾다","이어진 종합토론에서는 이권능 사회정책연구소 소장이 좌장을 맡은 가운데 박수영 착한동네 대표, 강석보 세화리 도시재생현장지원센터 센터장과 발제자들이 참여해 생활거점시설의 운영 방향을 논의했다. 토론에서는... ",https://www.headlinejeju.co.kr/news/articleView.html?idxno=599964,https://www.headlinejeju.co.kr/news/articleView.html?idxno=599964,"Sat, 03 Oct 2026 15:50:00 +0900"
박수영,제주 마을에 세운 생활거점시설…&quot;이제는 운영에 관심 모아야&quot;,"사회정책연구소 이권능 소장이 좌장을 맡고, 박수영 착한동네 대표와 강석보 세화리 도시재생현장지원센터 센터장, 발제자들이 참여했다. 참석 주민들도 각 시설의 운영 경험과 의견을 나눴다. 문만석 제주특별자치도... ",https://www.gukjenews.com/news/articleView.html?idxno=3712482,https://www.gukjenews.com/news/articleView.html?idxno=3712482,"Sat, 03 Oct 2026 14:14:00 +0900"
박수영,"국민의힘, 장동혁·정점식 지도부 이재명정권 안보·민생 총체적 실정 ...", 박수영 의원 ('삼전닉스' ETF 부실 추진 및 투자자 보호 방치 규탄) 국회 재정경제기획위원회 소속 국민의힘 박수영 의원(부산 남구)은 이른바 '삼전닉스' 단일종목 ETF 상품 출시 전후 금융투자협회와... ,http://www.breaknews.com/1240860,http://www.breaknews.com/1240860,"Sat, 03 Oct 2026 10:20:00 +0900"
박수영,"[이슈체크] 검은 돈 판치는 코인시장, 신뢰 더 망가뜨리나…정치권은 또...","9월 29일 관세청이 박수영 국민의힘 의원실에 제출한 자료에 따르면, 2018년부터 지난 7월까지 가상자산을 이용한 환치기 규모는 12조1407억원에 달했다. 관세청이 이 기간동안 적발한 전체 환치기 금액의 67%이며, 이와... ",https://www.tfmedia.co.kr/news/article.html?no=207686,https://www.tfmedia.co.kr/news/article.html?no=207686,"Sat, 03 Oct 2026 08:46:00 +0900"
박수영,&quot;삼전닉스 ETF 출시 때 투자자 보호 대신 시장 확대만 급급&quot;,국회 재정경제기획위원회 소속 국민의힘 박수영 의원은 3일 금융투자협회(금투협) 자료 등을 근거로 이같이 밝힌 뒤 “투자자 보호에 앞장서야 할 금융당국이 6·3 지방선거 전 주가 부양에 올인한 채 시장 모니터링을... ,http://www.kookje.co.kr/news2011/asp/newsbody.asp?code=0200&key=20261003.99099000588,https://n.news.naver.com/mnews/article/658/0000157350?sid=101,"Sat, 03 Oct 2026 07:09:00 +0900"
박수영,이 투샷을 보다니...명배우 캐스팅으로 벌써 반응 난리난 '한국 영화',"김윤석, 구교환 외에 박수영, 노윤서 등도 출연한다.이번에 공개된 1차 예고편은 눈으로 하얗게 덮인 설오역에서 출발한다. 갑수와 현택은 선로를 점검하러 터널 안으로 들어간다. 현택이 &quot;아무 일도 안 일어나겠다&quot;며... ",https://www.wikitree.co.kr/articles/1163294,https://www.wikitree.co.kr/articles/1163294,"Sat, 03 Oct 2026 06:50:00 +0900"
박수영,"[2026 국감] 금융당국·금투업계, 삼전닉스 레버리지 소비자보호 뒷전?","3일 국회 재정경제기획위원회 소속 박수영 국민의힘 의원실이 단일종목 레버리지 출시 전후로 진행된 금융투자협회와 자산운용업계 간 회의 내용을 확보해 분석한 결과, 업계 초점은 소비자 보호보다 시장 확대에... ",https://www.dailian.co.kr/news/view/1697609/?sc=Naver,https://n.news.naver.com/mnews/article/119/0003139197?sid=101,"Sat, 03 Oct 2026 00:11:00 +0900"
박수영,"박수영 의원 “삼전닉스 ETF, 출시 전후에도 변동성 경고 없었다”","국민의힘 박수영 의원(재정경제기획위·부산 남구)이 2일 공개한 '금투협-자산운용사 기획임원단 회의(5월 26일)' 와 '금투협-자산운용사 사장단 회의(5월 28일)' 자료에 따르면, 두 회의 모두 ‘삼전닉스’ 출시 직전과 직후... ",https://www.tfmedia.co.kr/news/article.html?no=207678,https://www.tfmedia.co.kr/news/article.html?no=207678,"Fri, 02 Oct 2026 17:56:00 +0900"
박수영,“잘못 낸 세금 돌려주세요”…6년간 과오납환급 42조원 넘어,"박수영 국민의힘 국회의원(부산 남구)이 국세청으로부터 제출받은 자료에 따르면 2020년부터 2025년까지... 박수영 의원은 “세금은 국민이 스스로 신고하고 납부해야 하는 경우가 많은데, 세제가 복잡해질수록... ",https://www.nongmin.com/article/20261002500056,https://n.news.naver.com/mnews/article/662/0000105491?sid=102,"Fri, 02 Oct 2026 17:41:00 +0900"
박수영,'삼전닉스 ETF' 출시 당시 금융당국·업계는 '세금면제·규제완화'에만...,"박수영 의원 '롤러코스피'를 만든 이른바 '삼전닉스' 단일종목 ETF(상장지수펀드) 출시 다음 날, 금융투자협회... 국회 재정경제기획위원회 박수영 의원(국민의힘)은 '금투협-자산운용사 기획임원단 회의(2026년 5월 26일)'와... ",http://www.intn.co.kr/news/articleView.html?idxno=2053811,http://www.intn.co.kr/news/articleView.html?idxno=2053811,"Fri, 02 Oct 2026 16:20:00 +0900"
박수영,'호남권 메가프로젝트' 89조 사업 예타 면제...묻지마 퍼주기 논란,"2일 국회 재정경제기획위원회 소속 박수영 의원이 국회에 제출된 2027년도 기금운용계획안 첨부서류 등을 분석한 결과, 내년도 예산안에 포함된 사업 중 국무회의에서 호남권 등 메가프로젝트 관련으로 예타 면제가... ",http://www.joseilbo.com/news/news_read.php?uid=576777&class=32&grp=,https://n.news.naver.com/mnews/article/123/0002391250?sid=100,"Fri, 02 Oct 2026 15:21:00 +0900"
박수영,"전략수출기금 국회 문턱에…정부, 상생기여금 '절충' 고심","현재 국회에는 한정애·안도걸 더불어민주당 의원과 박수영 국민의힘 의원이 각각 대표발의한... 반면 박수영 의원안에는 상생기여금 부과 조항이 없다. 정부와 정책금융기관 출연금, 기금채권 발행자금 등을 통해 재원을... ",https://www.newspim.com/news/view/20261002000790,https://www.newspim.com/news/view/20261002000790,"Fri, 02 Oct 2026 14:24:00 +0900"
박수영,아펜젤러의 개척정신 잇는다…미래 리더십 모색,섬김의 자세로 새로운 길을 열어온 리더십의 역사&quot;라며 &quot;배재 고유의 정체성을 현대적으로 재해석하고 구성원 간 연대를 강화해 우리 사회의 미래를 이끌어갈 책임 있는 리더십 모델을 제시하겠다&quot;고 말했다.박수영 기자,https://www.joongdo.co.kr/web/view.php?key=20261002010000504,https://www.joongdo.co.kr/web/view.php?key=20261002010000504,"Fri, 02 Oct 2026 13:22:00 +0900"
박수영,"[개봉영화] 차별화된 액션, ‘부활남:더 레드’…솔직한 가족 이야기, ‘...","영국 작가 가이 배스의 동명 소설을 원작으로 한 영국 애니메이션으로 황정민과 추영우, 레드벨벳의 조이 박수영이 목소리 연기에 동참했습니다. KBS 뉴스 김상협입니다. 촬영기자:이경구 한상윤/영상편집:임호준... ",https://news.kbs.co.kr/news/pc/view/view.do?ncd=8676624&ref=A,https://n.news.naver.com/mnews/article/056/0012267031?sid=103,"Fri, 02 Oct 2026 12:52:00 +0900"
박대출,NH농협은행 5년여간 426명 징계…횡령·부당대출 등 잇따라,"오늘(4일) 국회 정무위원회 소속 박대출 국민의힘 의원이 금융감독원에서 받은 자료에 따르면, 2021년 1월부터 지난 8월까지 NH농협은행의 징계 건수는 426건이었습니다. 징계 이유는 복무규정 및 임직원행동지침... ",http://www.yonhapnewstv.co.kr/news/AKR20261004084853WUV,https://n.news.naver.com/mnews/article/422/0000912374?sid=101,"Sun, 04 Oct 2026 08:49:00 +0900"
박대출,"NH농협은행, 횡령, 부당대출 등 직원 400여명 징계","4일 국회 정무위원회 소속 박대출 국민의힘 의원이 금융감독원에서 받은 자료에 따르면, 2021년 1월부터 지난 8월까지 NH농협은행의 징계 건수는 426건으로 나타났다. 징계 이유로는 복무규정 및 임직원행동지침... ",https://www.daejonilbo.com/news/articleView.html?idxno=2304915,https://n.news.naver.com/mnews/article/656/0000188499?sid=101,"Sun, 04 Oct 2026 07:24:00 +0900"
박대출,횡령·부당대출 등…NH농협은행 5년여간 426명 징계,"4일 국회 정무위원회 소속 박대출 국민의힘 의원이 금융감독원에서 받은 자료에 따르면, 2021년 1월부터 지난 8월까지 NH농협은행의 징계 건수는 426건이었다. 징계 이유는 복무규정 및 임직원행동지침 위반이 100건... ",https://www.yna.co.kr/view/AKR20261002180700002?input=1195m,https://n.news.naver.com/mnews/article/001/0016356184?sid=101,"Sun, 04 Oct 2026 05:59:00 +0900"
박성훈,"국민의힘, 은행권 해킹사태에 &quot;전 금융권 점수점검&quot;",박성훈 수석대변인은 지난 3일자 논평에서 &quot;은행 보안은 국민의 재산과 신용을 지키는 금융시스템의 최후 방어선&quot;이라며 &quot;단순 개인정보 유출을 넘어 대한민국 금융안보의 방어망에 경고음이 울린 사안으로 봐야 한다&quot;며... ,https://www.financialpost.co.kr/news/articleView.html?idxno=278676,https://www.financialpost.co.kr/news/articleView.html?idxno=278676,"Sun, 04 Oct 2026 08:24:00 +0900"
박성훈,현금·주식 2300억 뿌린 증권사…서학개미에 2년간 980억 쏟았다,"증권사 10곳, 4년여간 현금성 지급액 2300억 넘어 국회 정무위원회 소속 박성훈 국민의힘 의원이 금융감독원에서 받은 '증권사 위탁매매 관련 이벤트 세부현황'을 분석해보면, 주요 증권사 10곳이 2022년부터... ",https://www.nocutnews.co.kr/news/6586700?utm_source=naver&utm_medium=article&utm_campaign=20261004050044,https://n.news.naver.com/mnews/article/079/0004195489?sid=101,"Sun, 04 Oct 2026 05:01:00 +0900"
박성훈,&quot;韓 축구 무려 20명 병역 특례&quot; AG 4연패와 함께 찾아온 '초대형 선물'....,"(인천), 박성훈(서울), 배현서(경남), 신민하(강원), 최석현(울산), 최우진(전북), 김민승(파주), 이승환(충북청주) 등 20명이다. 특히 이번 병역특례는 선수들의 향후 커리어에 상당한 힘이 될 전망이다. 가장 극적으로 병역... ",https://www.starnewskorea.com/sports/2026/10/04/2026100400151492998,https://m.sports.naver.com/kfootball/article/108/0003475770,"Sun, 04 Oct 2026 04:40:00 +0900"
박성훈,"국민의힘, 1년 만에 대규모 장외집회… &quot;이재명 정권 심판&quot; 총공세",투쟁보다는 다가오는 국정감사 등 원내 활동에 역량을 집중할 계획이다. 박성훈 수석대변인은 오늘 집회가 국감을 앞두고 국민적 여론을 결집하는 기폭제가 될 것이라며 향후 국정감사 승부에 집중하겠다는 입장을 밝혔다.,https://www.gukjenews.com/news/articleView.html?idxno=3712629,https://www.gukjenews.com/news/articleView.html?idxno=3712629,"Sun, 04 Oct 2026 00:20:00 +0900"
박성훈,"[현장] &quot;이재명 독재에 대한민국 지옥&quot;…국힘, '李 정권 심판 ' 장외집회",박성훈 수석대변인은 이날 국회에서 기자들과 만나 &quot;오늘 이후 예정된 집회는 없다&quot;고 했다. 국민의힘은 이날 오후 3시께 서울 숭례문 앞에서 '이재명 정권 심판 민생회복·안보수호 국민행동대회'를 열었다. 국민의힘... ,http://www.sisafocus.co.kr/news/articleView.html?idxno=365774,http://www.sisafocus.co.kr/news/articleView.html?idxno=365774,"Sat, 03 Oct 2026 22:54:00 +0900"
박성훈,'고민 해결' 엄지성 배준호 양민혁 이기혁 군대 안 간다! 일본 좌절→한...,"강상윤(전북현대), 황도윤(FC서울), 박성훈(FC서울), 배현서(경남FC), 신민하(강원FC), 최석현(울산HD), 최우진(전북 현대), 김민승(파주 프런티어FC), 이승환(충북청주FC), 강민준(포항 스틸러스), 박경섭(인천 유나이티드)... ",https://www.mydaily.co.kr/page/view/2026100321162855416,https://m.sports.naver.com/kfootball/article/117/0004111928,"Sat, 03 Oct 2026 22:41:00 +0900"
박성훈,"군대 안 간다! 상무 입대 앞뒀던 26살 이기혁, AG 금메달로 '인생 역전'...",김명준(헹크) 강상윤(전북) 박승수(뉴캐슬) 배준호(스토크시티) 양민혁(베스테를로) 양현준(셀틱) 엄지성(스완지시티) 이기혁(강원) 이현주(아로카) 황도윤(서울) 강민준(포항) 김지수(브렌트퍼드) 박경섭(인천) 박성훈... ,https://www.sportschosun.com/football/2026-10-03/202610030100024410001462,https://m.sports.naver.com/kfootball/article/076/0004452686,"Sat, 03 Oct 2026 22:14:00 +0900"
박성훈,"[아주경제 오늘의 뉴스 종합] 北, 김여정 대남 비난 이튿날 동해상 탄도...",박성훈 수석대변인은 국회에서 취재진에게 &quot;오늘 이후 예정된 장외집회 계획은 없다&quot;며 &quot;국감을 통해 민생과 안보 참사에 대한 국민 분노가 제대로 전달되기 위해 오늘 집회가 기폭제가 되리라 확신한다&quot;고 말했다.... ,https://www.ajunews.com/view/20261003214000645,https://www.ajunews.com/view/20261003214000645,"Sat, 03 Oct 2026 21:44:00 +0900"
박성훈,韓 축구 아시안게임 4연속 금메달 해냈다!…양민혁 번뜩 압박+크로스→...,"벤치에는 김민승, 이승환, 강민준, 최우진, 박성훈, 양현준, 이현주, 황도윤, 김명준, 박승수, 박경섭이 대기한다. 일본도 한국과 같은 4-2-3-1 전형으로 맞섰다. 아라키 루이 골키퍼가 골문을 지켰고 우메키 레이, 이치하라... ",https://www.xportsnews.com/article/2203918,https://m.sports.naver.com/kfootball/article/311/0002065190,"Sat, 03 Oct 2026 21:24:00 +0900"
박성훈,[현장 REVIEW] '양민혁-배준호 군면제 확정!' 金金金金 한국 축구 AG 4연...,"벤치에는 김민승, 이승환, 강민준, 최우진, 박성훈, 양현준, 강상윤, 이현주, 황도윤, 김명준, 박승수, 박경섭을 앉혔다. 오이와 고 감독이 지휘하는 일본은 아라키 루이, 우메키 레이, 이치하라 리온, 이시이 히사쓰구... ",https://www.spotvnews.co.kr/news/articleView.html?idxno=1011229,https://m.sports.naver.com/kfootball/article/477/0000631425,"Sat, 03 Oct 2026 21:23:00 +0900"
박성훈,"[속보] 양민혁이 해냈다!→미친 투지의 크로스, 엄지성 마무리!...한국 ...","벤치에는 김민승, 이승환, 강민준, 최우진, 박성훈, 양현준, 강상윤, 이현주, 황도윤, 김명준, 박승수, 박경섭을 앉혔다. 오이와 고 감독이 지휘하는 일본은 아라키 루이, 우메키 레이, 이치하라 리온, 이시이 히사쓰구... ",https://www.spotvnews.co.kr/news/articleView.html?idxno=1011228,https://m.sports.naver.com/kfootball/article/477/0000631424,"Sat, 03 Oct 2026 20:54:00 +0900"
박성훈,"국민의힘, 1년 만에 서울도심 '대규모 장외집회'… 숭례문서 &quot;이재명 정...",박성훈 수석대변인은 국회에서 취재진과 만나 &quot;오늘 이후 예정된 추가 장외집회 계획은 없다&quot;며 &quot;국감을 통해 민생 파탄과 안보 참사에 대한 국민의 분노가 제대로 전달되도록 오늘 집회가 강력한 기폭제가 될 것으로... ,https://www.fntoday.co.kr/news/articleView.html?idxno=394526,https://www.fntoday.co.kr/news/articleView.html?idxno=394526,"Sat, 03 Oct 2026 20:38:00 +0900"
박성훈,"韓 축구 4연패 도전 쉽지 않다→4만명 몰려든 역대급 AG 한·일전, 이민...","벤치에는 김민승, 이승환, 강민준, 최우진, 박성훈, 양현준, 이현주, 황도윤, 김명준, 박승수, 박경섭이 대기한다. 일본도 한국과 같은 4-2-3-1 전형으로 맞섰다. 아라키 루이 골키퍼가 골문을 지켰고 우메키 레이, 이치하라... ",https://www.xportsnews.com/article/2203884,https://m.sports.naver.com/kfootball/article/311/0002065158,"Sat, 03 Oct 2026 20:28:00 +0900"
박성훈,"국힘, 1년 만에 거리로…&quot;이성 상실한 독재에 대한민국 무너져&quot;","박성훈 수석대변인은 기자들과 만나 &quot;오늘 이후 예정된 집회는 없다&quot;며 &quot;민생을 향한 국민의 목소리, 안보 참사를 향한 국민의 분노가 국정감사에서 제대로 전달되고 책임을 소상히 묻는 데 오늘 집회가 기폭제가 될 것... ",https://www.shinailbo.co.kr/news/articleView.html?idxno=5068444,https://www.shinailbo.co.kr/news/articleView.html?idxno=5068444,"Sat, 03 Oct 2026 20:26:00 +0900"
박성훈,"[전수검증 ①] 647억은 취소, 153억은 7억 됐다…공정위 과징금 ‘첫 숫...",박성훈 의원실 자료에서 올해 7월까지 순환급액은 1065억4100만원이다. 2022∼2025년 연간액은 555억200만∼974억8800만원이었다. 지난해 698억4400만원보다는 52.5% 많다.... ,http://www.breaknews.com/1240895,http://www.breaknews.com/1240895,"Sat, 03 Oct 2026 20:22:00 +0900"
박성훈,"'한일 축구 격차 확실' 또 불거진 무전술 논란, 두 살 어린 일본 상대 유...","벤치에는 김민승, 이승환, 강민준, 최우진, 박성훈, 양현준, 강상윤, 이현주, 황도윤, 김명준, 박승수, 박경섭을 앉혔다. 오이와 고 감독이 지휘하는 일본은 아라키 루이, 우메키 레이, 이치하라 리온, 이시이 히사쓰구... ",https://www.spotvnews.co.kr/news/articleView.html?idxno=1011223,https://m.sports.naver.com/kfootball/article/477/0000631423,"Sat, 03 Oct 2026 20:20:00 +0900"
박성훈,與 &quot;北 도발 중단·우크라 사과&quot;…野 &quot;선택적 분노&quot;,"&lt;박성훈 / 국민의힘 수석대변인&gt; &quot;북한 앞에서는 굴종하고 침묵하며, 우방국 앞에서는 호통을 치는 이 대통령의 선택적 분노에는 도대체 어떤 기준이 있는 것입니까.&quot; 무소속 한동훈 의원도 &quot;북한 탄도 미사일 발사도 불의의... ",http://www.yonhapnewstv.co.kr/news/MYH202610032014309cj,https://n.news.naver.com/mnews/article/422/0000912317?sid=161,"Sat, 03 Oct 2026 20:15:00 +0900"
박성훈,국힘 1년 만에 장외집회…민주 “장동혁 세 과시”,박성훈 국민의힘 수석대변인은 “오늘 이후 예정된 장외집회 계획은 없다”며 “국감을 통해 민생과 안보 참사에 대한 국민 분노가 제대로 전달되기 위해 오늘 집회가 기폭제가 되리라 확신한다”고 말했다.,https://www.kwnews.co.kr/article/20261003500171,https://n.news.naver.com/mnews/article/087/0001221833?sid=100,"Sat, 03 Oct 2026 20:07:00 +0900"
박성훈,"국힘, 1년만에 장외로…장동혁 &quot;李지지율, 10%대로 평탄화될 것&quot;",박성훈 수석대변인은 국회에서 기자들과 만나 &quot;오늘 이후 예정된 (장외)집회는 없고 미정인 상태&quot;라며 &quot;(오늘 행사는) 다음 주 국감에 앞서 실정을 알리고 정부를 향한 분노를 생생하게 전달하는 자리&quot;라고 전했다.,https://www.nocutnews.co.kr/news/6586884?utm_source=naver&utm_medium=article&utm_campaign=20261003100640,https://n.news.naver.com/mnews/article/079/0004195476?sid=100,"Sat, 03 Oct 2026 20:07:00 +0900"
박성훈,전국 보훈병원 의사 4명 중 1명 퇴직…48명 모자라,국회 정무위원회 소속 박성훈 국민의힘 의원이 어제 한국보훈복지의료공단에서 받은 자료에따르면 지난해 보훈병원 의사직 퇴직률은 23%였습니다. 이는 2022년 24%에 이어 최근 10년간 두 번째로 높은 수준으로 지난... ,https://www.obsnews.co.kr/news/articleView.html?idxno=1539423,https://www.obsnews.co.kr/news/articleView.html?idxno=1539423,"Sat, 03 Oct 2026 20:06:00 +0900"
박성훈,"국힘, 숭례문서 대규모 장외집회…&quot;이재명 독재에 민생·안보·치안 모두...","박성훈 수석대변인은 국회에서 기자들과 만나 &quot;오늘 이후 예정된 집회는 없다&quot;며 &quot;민생을 향한 국민의 목소리, 안보 참사를 향한 국민의 분노가 국정감사에서 제대로 전달되고 책임을 소상히 묻는 데 오늘 집회가 기폭제가... ",https://www.newsis.com/view/NISX20261003_0003813680,https://n.news.naver.com/mnews/article/003/0014232115?sid=100,"Sat, 03 Oct 2026 20:02:00 +0900"
박성훈,"'금메달' 걸린 한일전, 선발 공개⋯양민혁·배준호 출격 '중계' 어디서?...","벤치에는 김민승, 이승환, 강민준, 최우진, 박성훈, 양현준, 이현주, 황도윤, 김명준, 박승수, 박경섭이 대기한다. 한국은 이번 대회 전승으로 결승에 올랐다. 조별리그에서 카타르를 4-1, 사우디아라비아를 2-0으로... ",https://www.etoday.co.kr/news/view/2632309,https://www.etoday.co.kr/news/view/2632309,"Sat, 03 Oct 2026 19:18:00 +0900"
박성훈,국힘 “돌아오는 건 北 조롱 뿐…‘종북 구걸 정책’ 폐기하라”,3일 박성훈 국민의힘 수석대변인은 이날 논평에서 “이재명 대통령이 북한의 눈치를 보며 굴종적인 자세로 일관한 결과 돌아온 것은 북한의 오만한 훈시와 조롱뿐이었다”며 “굴종적인 ‘종북 구걸 정책’을 폐기하라”... ,https://www.munhwa.com/article/11621263?ref=naver,https://n.news.naver.com/mnews/article/021/0002822924?sid=100,"Sat, 03 Oct 2026 19:04:00 +0900"
박성훈,"“국민과 국방 포기한 대통령, 국민이 거부해야”…국민의힘 서울서 대...",박성훈 수석대변인은 국회에서 기자들과 만나 “오늘 이후 예정된 장외 집회 계획은 없다”면서 “국감을 통해 민생과 안보 참사에 대한 국민 분노가 제대로 전달되기 위해 오늘 집회가 기폭제가 되리라 확신한다”고... ,https://news.kbs.co.kr/news/pc/view/view.do?ncd=8677195&ref=A,https://n.news.naver.com/mnews/article/056/0012267467?sid=100,"Sat, 03 Oct 2026 18:59:00 +0900"
박성훈,국힘 대규모 장외 집회…&quot;민생회복·안보수호&quot;,박성훈 수석대변인은 이날 국회에서 기자들과 만나 &quot;오늘 이후 예정된 장외집회 계획은 없다&quot;며 &quot;국감을 통해 민생과 안보 참사에 대한 국민 분노가 제대로 전달되기 위해 오늘 집회가 기폭제가 되리라 확신한다&quot;고... ,http://www.yonhapnewstv.co.kr/news/AKR202610031855287Dw,https://n.news.naver.com/mnews/article/422/0000912304?sid=100,"Sat, 03 Oct 2026 18:56:00 +0900"
박성훈,韓 축구 'AG 4연패' 향해→이영준+배준호+엄지성 유럽파 트리오 총출동...,"2선에 엄지성, 배준호, 양민혁, 최전방에 이영준이 출격한다. 벤치에는 김민승, 이승환, 강민준, 최우진, 박성훈, 양현준, 이현주, 황도윤, 김명준, 박승수, 박경섭이 대기한다. 사진=엑스포츠뉴스DB / 연합뉴스",https://www.xportsnews.com/article/2203873,https://m.sports.naver.com/kfootball/article/311/0002065129,"Sat, 03 Oct 2026 18:51:00 +0900"
박성훈,"'대망의 결승 韓日전' 이민성호, 일본 꺾고 '금메달 4연패' 쓸까…배준...","교체 명단에는 강민준, 최우진, 박성훈, 양현준, 김민승, 강상윤, 이현주, 황도윤, 김명준, 박승수, 박경섭, 이승환이 이름을 올렸다. 이에 맞서는 일본은 아라키 루이, 우메키 레이, 이치하라 리온, 이시이 히사쓰구... ",https://www.sportalkorea.com/news/articleView.html?idxno=2025052909553588165,https://m.sports.naver.com/kfootball/article/139/0002253998,"Sat, 03 Oct 2026 18:47:00 +0900"
박성훈,"‘운명의 한일전’ 4연패 도전! 이민성 감독, 파격 결정 ‘양민혁 선발...","벤치에는 김민승, 이승환, 강민준, 최우진, 박성훈, 양현준, 강상윤, 이현주, 황도윤, 김명준, 박승수, 박경섭이 앉는다. 한국은 이번 대회 조별리그부터 결승까지 전승으로 올라왔다. D조 첫 경기에서 엄지성의... ",https://www.spotvnews.co.kr/news/articleView.html?idxno=1011217,https://m.sports.naver.com/kfootball/article/477/0000631418,"Sat, 03 Oct 2026 18:38:00 +0900"
박성훈,"국힘, 1년 만에 대규모 장외집회 “사법파괴·안보참사에 국민 분노”",박성훈 수석대변인은 “오늘 이후 예정된 장외집회 계획은 없다”며 “국감을 통해 민생과 안보 참사에 대한 국민 분노가 제대로 전달되기 위해 오늘 집회가 기폭제가 되리라 확신한다”고 했다. 민주 “장동혁 대표 세... ,https://www.joongang.co.kr/article/25466917,https://n.news.naver.com/mnews/article/025/0003555543?sid=100,"Sat, 03 Oct 2026 18:38:00 +0900"
박성훈,한국 일본 아시안게임 축구 결승 중계 시간·선발 라인업,"골키퍼는 김민승·김준홍·이승환이며, 수비진에는 강민준·김지수·박경섭·박성훈·배현서·신민하·최석현·최우진이 이름을 올렸다. 중원과 측면 공격 자원으로는 강상윤·박승수·배준호·양민혁·이승원·이현주... ",https://www.bntnews.co.kr/article/view/bnt202610030146,https://www.bntnews.co.kr/article/view/bnt202610030146,"Sat, 03 Oct 2026 18:34:00 +0900"
유상범,83%가 위장전입…민간아파트 부정청약 5년간 1699건 적발,4일 국회 국토교통위원회 소속 국민의힘 유상범 의원이 국토교통부로부터 제출받은 ‘민간 분양 사업장 현장점검 결과 위반사항 적발 및 조치 실적’에 따르면 2021년부터 지난해 6월까지 전국 350개 민간분양... ,http://www.kookje.co.kr/news2011/asp/newsbody.asp?code=0200&key=20261004.99099000639,https://n.news.naver.com/mnews/article/658/0000157381?sid=101,"Sun, 04 Oct 2026 08:41:00 +0900"
유상범,청약 가점의 그늘…민간아파트 부정적발 &quot;5년간 1천700건 육박&quot;,4일 국회 국토교통위원회 소속 국민의힘 유상범 의원이 국토교통부로부터 확보한 '민간 분양 사업장... 유상범 의원은 &quot;부정 청약과 시행사 측의 임의 분양은 그동안 점수를 차곡차곡 쌓으며 공정한 기회를 고대해온... ,https://www.youthdaily.co.kr/news/article.html?no=227927,https://www.youthdaily.co.kr/news/article.html?no=227927,"Sun, 04 Oct 2026 08:36:00 +0900"
유상범,민간 아파트 '꼼수' 청약 5년새 1600건 돌파,4일 국회 국토교통위원회 소속 국민의힘 유상범 의원이 국토교통부로부터 제출받은 '민간 분양 사업장 현장점검 결과 위반사항 적발 및 조치 실적'에 따르면 지난 2021년부터 작년 6월까지 전국 350개 민간분양 단지... ,https://www.fnnews.com/news/202610040803103496,https://n.news.naver.com/mnews/article/014/0005584618?sid=101,"Sun, 04 Oct 2026 08:27:00 +0900"
유상범,"민간아파트 부정청약 5년간 1,699건 적발…'깜깜이 특혜 분양'도","국회 국토교통위원회 소속 국민의힘 유상범 의원실에 따르면 국토교통부는 지난 2021년부터 지난해 6월까지 전국 350개 민간분양 단지를 점검한 결과 이같이 적발해 수사의뢰 조치했습니다. 이 중 위장전입이 1,380건으로... ",http://www.yonhapnewstv.co.kr/news/AKR20261004082443dhN,https://n.news.naver.com/mnews/article/422/0000912368?sid=101,"Sun, 04 Oct 2026 08:25:00 +0900"
유상범,전국 부정청약 1669건...위장전입이 82.7%,▲부양가족 가점 노린 위장전입 1380건 4일 국회 국토교통위원회 소속 국민의힘 유상범 의원이... 유상범 의원은 &quot;부정청약과 사업 주체의 임의공급은 청약 가점을 성실히 쌓으며 공정한 기회를 기다려온 무주택 서민과... ,http://www.hansbiz.co.kr/news/articleView.html?idxno=869993,http://www.hansbiz.co.kr/news/articleView.html?idxno=869993,"Sun, 04 Oct 2026 08:20:00 +0900"
유상범,&quot;민간 아파트 부정청약 1천700건 적발&quot;…위장전입 80%,4일 국회 국토교통위원회 소속 국민의힘 유상범 의원이 국토교통부로부터 제출받은 '민간 분양 사업장... 유상범 의원은 &quot;부정청약과 사업 주체의 임의공급은 청약 가점을 성실히 쌓으며 공정한 기회를 기다려온... ,https://www.jnilbo.com/news/articleView.html?idxno=90000070764,https://www.jnilbo.com/news/articleView.html?idxno=90000070764,"Sun, 04 Oct 2026 08:13:00 +0900"
유상범,민간아파트 부정청약 적발 5년간 1천699건…83%가 위장전입,4일 국회 국토교통위원회 소속 국민의힘 유상범 의원이 국토교통부로부터 제출받은 '민간 분양 사업장... 유상범 의원은 &quot;부정청약과 사업 주체의 임의공급은 청약 가점을 성실히 쌓으며 공정한 기회를 기다려온... ,https://www.yna.co.kr/view/AKR20261004004000003?input=1195m,https://n.news.naver.com/mnews/article/001/0016356240?sid=101,"Sun, 04 Oct 2026 07:03:00 +0900"
유상범,LH 승인 뒤 3년 넘게 미착공 공공임대 1.3만호…38%는 취소 수순,국회 국토교통위원회 소속 유상범 국민의힘 의원(강원 홍천·횡성·영월·평창)이 LH로부터 제출받은 'LH 공공임대주택 사업승인 후 미착공 및 착공 지연 실태 점검' 자료에 따르면 올해 8월 말 기준 사업승인 뒤... ,https://www.news1.kr/politics/assembly/6309160,https://n.news.naver.com/mnews/article/421/0009208560?sid=100,"Sun, 04 Oct 2026 06:00:00 +0900"
유상범,"국힘, 1년 만에 '거리'로⋯숭례문 집회 현역 의원 대거 집결[현장]","현장에는 장동혁 대표와 정점식 원내대표, 정희용 사무총장 등 당 지도부를 비롯해 박덕흠 국회부의장, 김기현 전 대표, 윤재옥 전 원내대표, 안철수·나경원·유상범·신동욱·조배숙·조정훈·김태규 의원 등 현역 의원들이... ",http://www.inews24.com/view/2011651,https://n.news.naver.com/mnews/article/031/0001063325?sid=100,"Sat, 03 Oct 2026 15:58:00 +0900"
유상범,"국민의힘, 장동혁·정점식 지도부 이재명정권 안보·민생 총체적 실정 ...", 유상범 의원(국토교통부 PIS 펀드 수백억 대 부실 및 깜깜이 관리 실태 고발) 국회 국토교통위원회 소속 국민의힘 유상범 의원은 국토교통부가 해외 인프라 수주 지원을 위해 조성한 '플랜트·인프라... ,http://www.breaknews.com/1240860,http://www.breaknews.com/1240860,"Sat, 03 Oct 2026 10:20:00 +0900"
유상범,"'공급 부족 외치는데'…LH 임대주택 1만가구, 2년 넘게 ‘빈집’",3일 국회 국토교통위원회 소속 유상범 국민의힘 의원이 LH에서 제출받은 자료에 따르면 올해 7월 기준... 유상범 의원은 &quot;정부가 도심 내 주택 공급을 늘리겠다며 대책을 쏟아내는 와중에 이미 수천억원의 국비를... ,http://www.joseilbo.com/news/news_read.php?uid=576807&class=16&grp=,https://n.news.naver.com/mnews/article/123/0002391279?sid=101,"Sat, 03 Oct 2026 09:19:00 +0900"
유상범,“호가 1억 뛰었어요” 세종 집값 들썩인다는데…정말 그럴까[100투더세...,유상범 국민의힘 의원실이 국토교통부에서 받은 ‘2026년 6월 기준 혁신도시 이전 공공기관 종사자 이주 및 정착 현황’에 따르면 지난 2010년부터 2019년까지 진행된 1차 공공기관 지방 이전 대상 직원은 총 4만8128명으로... ,https://www.segye.com/newsView/20261002515124?OutUrl=naver,https://n.news.naver.com/mnews/article/022/0004163749?sid=101,"Sat, 03 Oct 2026 08:02:00 +0900"
유상범,유상범 &quot;국토부 PIS펀드 '관리 경고등'…1단계 346억 확정손실&quot;,"유상범 국민의힘 의원(강원 홍천군·횡성군·영월군·평창군). [사진 = 유상범 의원실] 해외 인프라 수주를 뒷받침하기 위해 정부와 공공기관, 민간이 함께 조성한 플랜트·인프라·스마트시티(PIS) 펀드가 투자 손실과... ",https://www.apnews.kr/news/articleView.html?idxno=3051703,https://www.apnews.kr/news/articleView.html?idxno=3051703,"Sat, 03 Oct 2026 05:16:00 +0900"
유상범,&quot;갓 쪄낸 찐빵 맛보세요&quot;…횡성 안흥찐빵 축제 막 올라,"개막식에는 유상범 국회의원과 박승남 횡성군의회 의장, 최태영 횡성부군수, 이현일 안흥찐빵 축제위원장, 지역 주민, 방문객 등이 참석해 축제의 시작을 함께했다. 축제는 4일까지 사흘간 이어지며 안흥찐빵 만들기와 팥... ",http://www.enewstoday.co.kr/news/articleView.html?idxno=2476897,http://www.enewstoday.co.kr/news/articleView.html?idxno=2476897,"Fri, 02 Oct 2026 21:46:00 +0900"
유상범,나주혁신도시 가족동반 이주률 전국 4위,"국민의힘 유상범 의원이 국토교통부에서 받은 자료에 따르면, 기혼자만을 기준으로 한 전국 평균 가족 동반 이주율은 60.6%로, 나주혁신도시는 평균을 웃돌았습니다. 유 의원은 공공기관 이전의 실효성을 더욱 높이기... ",https://ysmbc.co.kr/NewsArticle/1539473,https://ysmbc.co.kr/NewsArticle/1539473,"Fri, 02 Oct 2026 21:04:00 +0900"
유상범,나주혁신도시 가족동반 이주률 전국 4위,"국민의힘 유상범 의원이 국토교통부에서 받은 자료에 따르면, 기혼자만을 기준으로 한 전국 평균 가족 동반 이주율은 60.6%로, 나주혁신도시는 평균을 웃돌았습니다. 유 의원은 공공기관 이전의 실효성을 더욱 높이기... ",https://kjmbc.co.kr/NewsArticle/1539461,https://kjmbc.co.kr/NewsArticle/1539461,"Fri, 02 Oct 2026 20:40:00 +0900"
유상범,[2026 국감이슈] 국토부 PIS 펀드서 450억 부실…346억 손실,"2일 국회 국토교통위원회 소속 유상범 국민의힘 의원이 국토부로부터 제출받은 자료에 따르면, 2019년... 유상범 의원은 &quot;국토부가 22억 달러 수주·수출 견인이라는 화려한 외형만 내세웠지만, 실제로는 정책펀드에서... ",http://www.newslock.co.kr/news/articleView.html?idxno=137373,http://www.newslock.co.kr/news/articleView.html?idxno=137373,"Fri, 02 Oct 2026 16:16:00 +0900"
유상범,"유상범 &quot;22억달러 성과 뒤 450억 부실, 국토부는 원인도 몰라&quot;",▲유상범 의원에 따르면 국토부가 추진한 PIS 1단계 펀드에서 346억원 전액 상각과 103억원 평가손실 등 총... 유상범 의원이 조사한 국토교통부 자료에 따르면 2019년 조성된 1조5000억원 규모의 PIS 1단계 펀드에서... ,https://www.gukjenews.com/news/articleView.html?idxno=3711724,https://www.gukjenews.com/news/articleView.html?idxno=3711724,"Fri, 02 Oct 2026 15:16:00 +0900"
유상범,나주혁신도시 가족동반 이주률 전국 4위,"국민의힘 유상범 의원이 국토교통부에서 받은 자료에 따르면, 기혼자만을 기준으로 한 전국 평균 가족 동반 이주율은 60.6%로, 나주혁신도시는 평균을 웃돌았습니다. 유 의원은 공공기관 이전의 실효성을 더욱 높이기... ",https://ysmbc.co.kr/NewsArticle/1539397,https://ysmbc.co.kr/NewsArticle/1539397,"Fri, 02 Oct 2026 14:22:00 +0900"
유상범,[단독] 건설사 해외 수주 지원 펀드 450억 손실 위기,2일 국회 국토교통위원회 소속 유상범 국민의힘 의원실이 국토교통부로부터 받은 ‘PIS(플랜트·인프라·스마트시티) 펀드 투자 집행 및 실적’ 자료에 따르면 1단계 펀드에서 발생한 부실 규모는 449억 원으로... ,https://www.sedaily.com/article/20097592?ref=naver,https://n.news.naver.com/mnews/article/011/0004667724?sid=101,"Fri, 02 Oct 2026 14:15:00 +0900"
윤영석,부영그룹 “물금고 야구부 기숙사 기증하겠다” 확답,"윤영석 국회의원(국민의힘, 양산갑)은 부영그룹 이중근 회장을 면담하고 물금고교 야구부 기숙사 건립 약속... 윤영석 의원은 “물금고 야구부는 전국대회 준우승이라는 값진 성과로 양산시민의 자긍심이 됐다. 선수들에게... ",https://www.kukinews.com/article/view/kuk202610020091,https://www.kukinews.com/article/view/kuk202610020091,"Fri, 02 Oct 2026 12:14:00 +0900"
이인선,"이인선 의원, 동대구역 박정희 동상 대구시 승소에 “박정희 세대 헌신...",이에 이인선 국회의원은 이번 판결을 계기로 특정 인물에 대한 찬반을 넘어 대한민국 현대사를 보다 균형... 국민의힘 이인선 국회의원(대구 수성구을)은 2일 대구지방법원의 1심 판결과 관련해 “지역의 민심을 헤아려준... ,https://tk.newdaily.co.kr/site/data/html/2026/10/03/2026100300027.html,https://tk.newdaily.co.kr/site/data/html/2026/10/03/2026100300027.html,"Sat, 03 Oct 2026 13:20:00 +0900"
이인선,"국민의힘, 장동혁·정점식 지도부 이재명정권 안보·민생 총체적 실정 ...", 이인선 교육위 간사 (영화 '암살자(들)' 단체관람 자료 요구 및 전교조·여당 비판) 이인선 교육위 간사는 시도교육청에 요청한 영화 ‘암살자(들)’ 단체 관람 현황 자료 제출을 거부하는 행태를... ,http://www.breaknews.com/1240860,http://www.breaknews.com/1240860,"Sat, 03 Oct 2026 10:20:00 +0900"
이인선,"이인선 의원, “박정희 동상 판결 환영…대한민국 현대사 균형 있게 봐...","대구지법, 국가철도공단의 구조물 인도 청구 기각 “산업화 세대 헌신 기억하고 법적 다툼 마무리되길&quot; 대구=에너지경제신문 손중모기자 국민의힘 이인선 국회의원(대구 수성구을)은 동대구역 광장에 설치된 박정희 전... ",https://www.ekn.kr/web/view.php?key=20261003024261938,https://www.ekn.kr/web/view.php?key=20261003024261938,"Sat, 03 Oct 2026 05:40:00 +0900"
이인선,이인선 &quot;'암살자들' 학교 단체관람 자료 요구는 정당한 국감 활동&quot;,국회 교육위원회 국민의힘 간사인 이인선(대구 수성구을) 의원이 국회의 정당한 국정감사 활동을 방해해서는 안 된다고 주장했다. 영화 '암살자들'의 학교 단체관람 현황 자료 요구를 두고 일부 교원단체 등이 '교육검열... ,https://www.kyongbuk.co.kr/news/articleView.html?idxno=4086126,https://www.kyongbuk.co.kr/news/articleView.html?idxno=4086126,"Fri, 02 Oct 2026 22:30:00 +0900"
이인선,"국민의힘 대구 의원, ‘암살자들’ 연이어 비판",국회 교육위 간사인 이인선 의원은 일부 교원단체가 학교 단체 관람 현황 자료 요구를 교육 검열이라며 비판한 데 대해 내로남불'이라 반박하며 국정감사에서 따져 묻겠다고 강조했습니다.,https://news.kbs.co.kr/news/pc/view/view.do?ncd=8676968&ref=A,https://n.news.naver.com/mnews/article/056/0012267312?sid=100,"Fri, 02 Oct 2026 22:11:00 +0900"
이인선,"강남구의회,코엑스 3층 오디토리움에서 열린'제30회 노인의 날 기념식'...",10월 경로의 달과 2일 노인의 날을 기념해 열린 이날 행사에는 김현정 부의장·이인선 행정안전위원장·송영광 경제도시위원장·오온누리 복지문화위원장·복진경 의원·이상애 의원·김진경 의원·박대용 의원·김윤희... ,https://www.cnbizm.com/news/articleView.html?idxno=317051,https://www.cnbizm.com/news/articleView.html?idxno=317051,"Fri, 02 Oct 2026 21:50:00 +0900"
이인선,"이인선 의원, 법원의 박정희 동상 존치 결정에 &quot;성숙한 현대사 바라보는...",국민의힘 이인선 의원(대구 수성을)이 동대구역 광장의 박정희 전 대통령 동상 존치를 결정한 법원의 판단에... 이인선 의원은 2일 자신의 페이스북을 통해 대구지방법원이 동대구역 박정희 전 대통령 동상 관련... ,https://www.pennmike.com/news/articleView.html?idxno=128901,https://www.pennmike.com/news/articleView.html?idxno=128901,"Fri, 02 Oct 2026 20:58:00 +0900"
이인선,"[아유경제_행정] 강남구의회, 제30회 노인의 날 기념식 참석 &quot;아름다운...","번째 이인선 행정안전위원장, 우측 일곱 번째 송영광 경제도시위원장, 여섯 번째 오온누리 복지문화위원장)... 10월 경로의 달과 2일 노인의 날을 기념해 열린 이날 행사에는 김현정 부의장ㆍ이인선... ",http://www.areyou.co.kr/news/articleView.html?idxno=95655,http://www.areyou.co.kr/news/articleView.html?idxno=95655,"Fri, 02 Oct 2026 19:52:00 +0900"
이인선,"강남구의회, 제30회 노인의 날 기념식 참석…어르신 헌신·지혜에 감사","10월 경로의 달과 2일 노인의 날을 맞아 마련된 이날 행사에는 김현정 부의장을 비롯해 이인선 행정안전위원장, 송영광 경제도시위원장, 오온누리 복지문화위원장과 복진경·이상애·김진경·박대용·김윤희·염희옥... ",http://www.enewstoday.co.kr/news/articleView.html?idxno=2476884,http://www.enewstoday.co.kr/news/articleView.html?idxno=2476884,"Fri, 02 Oct 2026 19:50:00 +0900"
이인선,이인선 국회의원 &quot;정당한 국정감사 방해 중단해야&quot;,일부 교원단체 학교 단체관람 현황 자료요구 반발에 ［충북일보］ 속보=국민의힘 이인선(대구 수성을)... &lt;1일 온라인 보도&gt; 이인선 의원은 2일 국민의힘 국정감사 대책회의에서 &quot;교육의 정치적 중립성을 점검하기 위한... ,https://www.inews365.com/news/article.html?no=937974,https://www.inews365.com/news/article.html?no=937974,"Fri, 02 Oct 2026 18:48:00 +0900"
이인선,이인선 &quot;‘암살자들’ 단체관람 자료요구는 국회의 책무…교육검열 아...,김성은 인턴 기자 = 영화 '암살자들'의 학교 단체관람 현황 조사를 둘러싸고 논란이 이어지는 가운데 이인선 국민의힘 의원이 자료요구의 정당성을 주장했다. 국회 교육위원회 국민의힘 간사인 이인선 의원(대구 수성구을)... ,https://www.newsis.com/view/NISX20261002_0003812778,https://n.news.naver.com/mnews/article/003/0014230759?sid=100,"Fri, 02 Oct 2026 16:31:00 +0900"
이인선,"&quot;지방교육재정교부금 개편안, 아이들에게 피해 줘&quot;","지난달 7일 시도교육감 대표단과 국회를 찾아 교육위원회 소속 국회의원들을 만난 데 이어, 9일에도 김희정 교육위원장, 이인선 간사 등과 간담회를 열고 안정적인 교육재정 확보를 요청했다. 지난달 16일에도 국회... ",https://www.ohmynews.com/NWS_Web/View/at_pg.aspx?CNTN_CD=A0003272226&CMPT_CD=P0010&utm_source=naver&utm_medium=newsearch&utm_campaign=naver_news,https://n.news.naver.com/mnews/article/047/0002531049?sid=102,"Fri, 02 Oct 2026 15:56:00 +0900"
이인선,"강남구의회, 수서동 복합문화센터 시설 살펴··· 운영 지원 약속","현장에는 이인선 행정안전위원장과 송영광 경제도시위원장, 복진경·이동호·이상애·박대용·황태현·고은진 의원이 참석해 센터 조성 과정과 시설에 대한 설명을 들었다. 송영광 경제도시위원장은 축사를 통해... ",https://www.siminilbo.co.kr/news/newsview.php?ncode=1160286565738555,https://www.siminilbo.co.kr/news/newsview.php?ncode=1160286565738555,"Fri, 02 Oct 2026 15:02:00 +0900"
이인선,이인선 의원 “‘암살자들’ 단체관람 자료 요구는 정당”…교원단체 ...,"이인선 국민의힘 교육위원회 간사(대구 수성구을)가 최근 영화 ‘암살자들’의 학교 단체관람 현황 자료를 요구한 것을 두고 교원단체가 반발하자, “국회의 정당한... ",http://www.breaknews.com/1240759,http://www.breaknews.com/1240759,"Fri, 02 Oct 2026 14:56:00 +0900"
이인선,조용식 울산교육감 &quot;교육재정 개편 졸속 추진 안돼&quot;,지난달 7일 시도교육감 대표단과 함께 국회를 찾아 교육위원회 소속 국회의원들을 만난 데 이어 9일에는 김희정 교육위원장과 이인선 간사 등을 만나 안정적인 교육재정 확보를 요청했다. 지난달 16일에는 국회 소통관에서... ,https://www.newsis.com/view/NISX20261002_0003812610,https://n.news.naver.com/mnews/article/003/0014230338?sid=102,"Fri, 02 Oct 2026 14:29:00 +0900"
이인선,'암살자(들)' 제작비 190억 회수할까…고발·불매 등 변수로,국회 교육위원회 국민의힘 간사인 이인선 의원의 요구로 서울시교육청과 전북교육청은 지난달 29일 학교에 '암살자(들)' 단체관람 현황을 제출하라는 공문을 보냈다. 전북교육청 공문은 '해당 없음'인 학교도 제출하게... ,https://www.hankyung.com/article/202610020176H,https://n.news.naver.com/mnews/article/015/0005338575?sid=102,"Fri, 02 Oct 2026 14:21:00 +0900"
임이자,[국민의힘 리더스] 숫자·논리로 입증한 '품격 보수' 박수영…경제통 넘...,정책위가 4개 분과로 나뉜 가운데 임이자 정책위의장은 경제 분야에서 박 의원에게 상당 부분 역할을 맡기고 있는 것으로 전해졌다. 주요 현안을 분석한 보고서를 정점식 원내대표에게 전달하는 등 원내지도부와도 수시로... ,https://www.dailian.co.kr/news/view/1697537/?sc=Naver,https://n.news.naver.com/mnews/article/119/0003139323?sid=100,"Sun, 04 Oct 2026 08:00:00 +0900"
임이자,[포토] &quot;이재명 OUT&quot; 외친 국민의힘 의원들,(사진 / 이훈 기자)임이자 국민의힘 정책위의장이 3일 오후 3시 서울 숭례문 앞에서 열린 민생회복-안보수호 국민대회에서 발언을 하고 있다. (사진 / 이훈 기자)김재원 국민의힘 최고위원이 3일 오후 3시 서울 숭례문... ,http://www.sisafocus.co.kr/news/articleView.html?idxno=365778,http://www.sisafocus.co.kr/news/articleView.html?idxno=365778,"Sat, 03 Oct 2026 23:18:00 +0900"
임이자,"[현장] &quot;이재명 독재에 대한민국 지옥&quot;…국힘, '李 정권 심판 ' 장외집회","(사진 / 이훈 기자) 최고위원들, 임이자 정책위의장 등 주요 당직자들도 연단에 섰다. 김민수 최고위원은 &quot;대한민국을 산산조각 내는 이재명은 내려오라&quot;고 했고, 신동욱 최고위원은 &quot;좌스러운 이 대통령 귀에 꽂힐 수... ",http://www.sisafocus.co.kr/news/articleView.html?idxno=365774,http://www.sisafocus.co.kr/news/articleView.html?idxno=365774,"Sat, 03 Oct 2026 22:54:00 +0900"
임이자,국힘 집회 중 ‘돌발 상황’…거센 야유에 “선수 보호 차원에서”,"국민의힘 장동혁 대표와 정점식 원내대표, 임이자 정책위의장 등 당지도부가 3일 오후 서울 중구 숭례문 앞에서 열린 민생회복·안보수호 국민행동대회에 참석해 피켓을 들고 구호를 외치고 있다. 2026.10.3(사진=뉴스1) 3일... ",https://www.edaily.co.kr/News/Read?newsId=03171766645609312&mediaCodeNo=257&utm_source=naver&utm_medium=referral&utm_campaign=news_syndication&utm_content=original_article,https://n.news.naver.com/mnews/article/018/0006380424?sid=100,"Sat, 03 Oct 2026 21:25:00 +0900"
임이자,"국힘, 1년 만에 거리로…&quot;이성 상실한 독재에 대한민국 무너져&quot;","현장에는 장동혁 당 대표와 정점식 원내대표, 정희용 사무총장, 임이자 정책위의장 등 지도부를 비롯해... 정희용 사무총장은 &quot;현역 의원과 원외 당협위원장이 함께 대응하겠다&quot;고 밝혔고, 임이자 정책위의장은 오는... ",https://www.shinailbo.co.kr/news/articleView.html?idxno=5068444,https://www.shinailbo.co.kr/news/articleView.html?idxno=5068444,"Sat, 03 Oct 2026 20:26:00 +0900"
임이자,"국힘, 1년만에 장외로…장동혁 &quot;李지지율, 10%대로 평탄화될 것&quot;","이 자리에는 당 '투톱'인 장 대표와 정점식 원내대표, 정희용 사무총장, 임이자 정책위의장, 박준태 당대표 비서실장 등 지도부와 60여 명의 현역 의원들이 참석했다. 전국에서 모인 당협위원장들과 당원들도 함께했다.... ",https://www.nocutnews.co.kr/news/6586884?utm_source=naver&utm_medium=article&utm_campaign=20261003100640,https://n.news.naver.com/mnews/article/079/0004195476?sid=100,"Sat, 03 Oct 2026 20:07:00 +0900"
임이자,"국힘, 숭례문서 대규모 장외집회…&quot;이재명 독재에 민생·안보·치안 모두...","임이자 정책위의장과 정희용 사무총장, 최고위원 등 주요 당직자들도 연단에 올랐다. 임 정책위의장은 &quot;여성과 아이들은 치안에 떨고 있고, 우리 국군 장병들은 나라 지키러 가 피를 흘리고 있다. 이게 나라인가&quot;라며 &quot;이번... ",https://www.newsis.com/view/NISX20261003_0003813680,https://n.news.naver.com/mnews/article/003/0014232115?sid=100,"Sat, 03 Oct 2026 20:02:00 +0900"
임이자,"&quot;분통 터진다&quot;⋯거리로 나온 국힘, '李정부 정조준'[현장 종합]","현장에는 장동혁 당 대표와 정점식 원내대표, 정희용 사무총장, 임이자 정책위의장 등 지도부를 비롯해... 정희용 사무총장이 &quot;현역 의원과 원외 당협위원장이 함께 대응하겠다&quot;고 한데 이어 임이자 정책위의장은 오는... ",http://www.inews24.com/view/2011659,https://n.news.naver.com/mnews/article/031/0001063337?sid=100,"Sat, 03 Oct 2026 19:56:00 +0900"
임이자,개천절 갈라진 여·야⋯&quot;장동혁 세과시&quot; VS &quot;李정권 심판을&quot;,"임이자 정책위의장은 자영업·소상공인, 청년 일자리, 군 장병 안전 등을 거론하며 &quot;이번 국감에서 민주당과 이재명 정권을 박살 내겠다&quot;고 밝혔다. 정희용 사무총장도 &quot;이재명 정부의 안보 파괴, 사법 파괴, 민생 파괴에... ",http://www.inews24.com/view/2011663,https://n.news.naver.com/mnews/article/031/0001063335?sid=100,"Sat, 03 Oct 2026 19:17:00 +0900"
임이자,장외집회로 국감 포문 연 국민의힘…&quot;나라 망치는 가짜주인 끌어내야&quot;,"임이자 정책위의장은 &quot;여성과 아이들은 치안에, 자영업자·소상공인은 장사가 안돼서, 청년들은 일자리가 없어 떤다&quot;며 &quot;국군 장병이 나라를 지키러 가 피 흘리는 게 나라냐&quot;고 했다. 이어 &quot;국정감사에서 더불어민주당과... ",https://www.mt.co.kr/politics/2026/10/03/2026100317360974428,https://n.news.naver.com/mnews/article/008/0005421874?sid=100,"Sat, 03 Oct 2026 19:09:00 +0900"
임이자,'20만 국힘' 숭례문 집결…&quot;李 재판 재개하고 국정 기조 전환하라&quot;(종합...,"이밖에 신동욱 수석최고위원을 비롯한 최고위원들, 임이자 정책위의장, 정희용 사무총장, 임종득·김민전 의원 등이 정권의 실정을 비판하는 연설자로 나섰다. 당원과 시민들은 참석 의원들이 소개되거나 연단에 올라... ",https://www.news1.kr/politics/assembly/6309916,https://n.news.naver.com/mnews/article/421/0009208284?sid=100,"Sat, 03 Oct 2026 18:41:00 +0900"
임이자,"국힘, 1년만의 장외집회…“李 재판 재개해야…北에 대북송금 이상 약점...","장동혁 대표와 정점식 원내대표, 정희용 사무총장, 임이자 정책위의장 등 당 지도부와 현역 의원 60여 명, 원외 당협위원장, 당원 등이 참석했다. 국민의힘이 서울 도심에서 대규모 장외집회를 연 것은 지난해 9월 28일... ",https://www.donga.com/news/Politics/article/all/20261003/134780482/2,https://n.news.naver.com/mnews/article/020/0003752546?sid=100,"Sat, 03 Oct 2026 18:19:00 +0900"
임이자,“李정부 1년 반 만에 대한민국 지옥”…국힘 장외집회서 정부 맹공,"이날 집회에는 장 대표와 정 원내대표를 비롯해 임이자 정책위의장, 정희용 사무총장, 김민수·조광한·양향자·신동욱·김재원 최고위원, 우재준 청년최고위원과 서명옥·윤용근·나경원·안철수·이진숙 의원 등이... ",https://www.kukinews.com/article/view/kuk202610030029,https://www.kukinews.com/article/view/kuk202610030029,"Sat, 03 Oct 2026 17:54:00 +0900"
임이자,"1년 만에 장외집회 나선 국민의힘…&quot;이재명, 대한민국 대통령 맞나&quot;","이 자리에는 장동혁 대표와 정점식 원내대표, 정희용 사무총장, 임이자 정책위의장, 박준태 비서실장 등 당 지도부를 비롯한 60여 명의 현역 의원과 원외 당협위원장, 일반 당원 등이 참석했다. 국민의힘이 서울 도심에서... ",https://news.einfomax.co.kr/news/articleView.html?idxno=4437706,https://news.einfomax.co.kr/news/articleView.html?idxno=4437706,"Sat, 03 Oct 2026 17:48:00 +0900"
임이자,숭례문 앞 몰려든 국힘..&quot;이재명 OUT&quot; 외쳐,장동혁 대표·정점식 원내대표·임이자 정책위의장·정희용 사무총장 등 지도부를 비롯해 국민의힘 소속 의원 60여명과 원외 당협위원장 등이 자리에 모였다. 이들은 정치·외교·안보·경제 등 분야를 막론하고 정부의... ,https://www.fnnews.com/news/202610031710016988,https://n.news.naver.com/mnews/article/014/0005584580?sid=100,"Sat, 03 Oct 2026 17:44:00 +0900"
임이자,거리로 나선 국민의힘,"국민의힘 장동혁 대표와 정점식 원내대표, 임이자 정책위의장 등 당지도부가 3일 오후 서울 중구 숭례문 앞에서 열린 민생회복·안보수호 국민행동대회에 참석해 피켓을 들고 구호를 외치고 있다. 2026.10.3/뉴스1",https://www.news1.kr/photos/8141566,https://n.news.naver.com/mnews/article/421/0009208208?sid=100,"Sat, 03 Oct 2026 17:24:00 +0900"
임이자,개천절에 거리로 나선 국힘…안보·사법 내세워 &quot;이재명 아웃&quot;,"집회에는 장동혁 대표와 정점식 원내대표, 정희용 사무총장, 임이자 정책위의장, 박준태 비서실장 등 지도부를 비롯해 현역 의원 60여명과 원외 당협위원장, 당원 등이 참석했다. 국민의힘이 국회 밖 서울 도심에서 대규모... ",https://www.fnnews.com/news/202610031634504797,https://n.news.naver.com/mnews/article/014/0005584574?sid=100,"Sat, 03 Oct 2026 16:47:00 +0900"
임이자,"국민의힘, 1년 만에 도심 장외집회","국민의힘 장동혁 대표와 정점식 원내대표, 임이자 정책위의장 등 당지도부가 3일 오후 서울 중구 숭례문 앞에서 열린 민생회복·안보수호 국민행동대회에 참석해 피켓을 들고 구호를 외치고 있다. 2026.10.3/뉴스1",https://www.news1.kr/photos/8141492,https://n.news.naver.com/mnews/article/421/0009208156?sid=100,"Sat, 03 Oct 2026 16:33:00 +0900"
임이자,"국힘, 1년만에 도심 장외집회…민주 &quot;국감 내팽개치고 세과시&quot;","집회에는 장동혁 대표와 정점식 원내대표, 정희용 사무총장, 임이자 정책위의장 등 당 지도부는 물론 박덕흠 국회부의장과 5선 나경원 의원 등 현역 국회의원들과 전국 당협위원장, 지방의원, 당직자 등이 대거... ",http://mbn.mk.co.kr/pages/news/newsView.php?category=mbn00006&news_seq_no=5222901,https://n.news.naver.com/mnews/article/057/0001971866?sid=100,"Sat, 03 Oct 2026 16:28:00 +0900"
임이자,"&quot;이재명 내려와야&quot;⋯국힘 최고위원들, 숭례문서 '강경 발언'[현장]","최고위원, 임이자 정책위의장, 정희용 사무총장 등이 차례로 연단에 올랐다. 가장 직접적인 구호를 내건 것은... 임이자 정책위의장은 장외집회에서 제기한 문제를 사흘 뒤 국정감사로 이어가겠다는 뜻을 분명히 했다. 임... ",http://www.inews24.com/view/2011652,https://n.news.naver.com/mnews/article/031/0001063326?sid=100,"Sat, 03 Oct 2026 16:20:00 +0900"
임이자,1년 만에 거리로 나선 국힘…안보·사법 내걸고 &quot;이재명 아웃&quot;,"이 자리에는 장동혁 대표와 정점식 원내대표, 정희용 사무총장, 임이자 정책위의장, 박준태 비서실장 등 당... 임이자 정책위의장은 분노 표출이나 선전·선동이 아닌 &quot;오직 대한민국을 지키고 우리의 미래를 지키기 위해서... ",https://www.news1.kr/politics/assembly/6309834,https://n.news.naver.com/mnews/article/421/0009208127?sid=100,"Sat, 03 Oct 2026 16:19:00 +0900"
임이자,"정부 추산 피해액 외 ‘숨은 충격’ 우려…“CPTPP, 종합대책 마련부터...",임이자 국민의힘 정책위의장은 “농업은 한번 생산기반이 무너지면 다시 세우기 어렵다”며 “대책은 결정 전에 마련해야 한다”고 말했다. 서용석 한농연 사무총장은 “농업계와의 실질적인 합의 없는 일방적 CPTPP... ,https://www.nongmin.com/article/20261002500610,https://n.news.naver.com/mnews/article/662/0000105526?sid=102,"Sat, 03 Oct 2026 14:01:00 +0900"
임이자,"문경시, 민선9기 주택·관광·예산·AI 활용 등 현안 점검","김 시장은 지난 9월 임이자 국회의원과의 정책간담회와 더불어민주당 정책간담회, 경북도지사 방문 등을 사례로 들며 정당과 장소를 가리지 않고 문경 발전에 필요한 지원책을 마련하겠다는 뜻도 밝혔다. 전날 열린... ",https://www.hidomin.com/news/articleView.html?idxno=723500,https://www.hidomin.com/news/articleView.html?idxno=723500,"Sat, 03 Oct 2026 12:44:00 +0900"
임이자,"국민의힘, 장동혁·정점식 지도부 이재명정권 안보·민생 총체적 실정 ...","국민의힘 국정감사대책회의 지도부 발언  임이자 정책위의장(李정권 10대 실정 정조준 및 외교·안보 파탄 질타) 먼저, 임이자 정책위의장은 이재명 정권의 10대 정책 실패를 이번 국정감사에서 정조준해... ",http://www.breaknews.com/1240860,http://www.breaknews.com/1240860,"Sat, 03 Oct 2026 10:20:00 +0900"
임이자,국힘 “국감 1순위는 현지조사 진상규명”,"임이자 정책위의장은 “이재명 정권의 10대 정책 실패에 대해 이번 국감에서 그 책임을 묻고, 정책 방향 전환을 반드시 이끌어 내겠다”며 “정책 실패의 청구서를 국민에게 떠넘기는 무책임한 정치는 이제 끝내야 한다”... ",https://www.donga.com/news/Politics/article/all/20261002/134779451/2,https://n.news.naver.com/mnews/article/020/0003752465?sid=100,"Sat, 03 Oct 2026 01:42:00 +0900"
임이자,"문경시, 민선9기 시정방향 공유…주요 현안사업 추진 점검","지난 9월 임이자 국회의원 정책간담회와 더불어민주당 정책간담회, 경상북도지사 방문을 언급하며 문경 발전을 위한 지원책을 강구하겠다고 밝혔다. 전날 확대간부회의에서는 문경대상 수상자로 선정된 김삼식 한지장 등... ",http://www.metroseoul.co.kr/article/20261002500248,http://www.metroseoul.co.kr/article/20261002500248,"Fri, 02 Oct 2026 22:02:00 +0900"
임이자,대통령 '묵은 밭 태양광' 발언에…&quot;왜 밭이 묵었는지부터 봐야&quot;,"임이자 국민의힘 정책위의장도 &quot;농지 전수조사로 농민 가슴에 대못을 박아놓고 이제 느닷없이 태양광 농사를 꺼내 들었다&quot;고 비판하며, 과거 태양광 사업 과정에서 제기됐던 문제들이 농촌에서 반복돼서는 안된다고... ",https://www.agrinet.co.kr/news/articleView.html?idxno=407679,https://www.agrinet.co.kr/news/articleView.html?idxno=407679,"Fri, 02 Oct 2026 19:58:00 +0900"
임이자,[CPTPP 정책토론회] &quot;지역·농장 단위 검역 인정 땐 과수산업 사형선고&quot;,"임이자 국민의힘 정책위의장은 &quot;정부가 농업인의 질문에 먼저 답해야 한다. 품목별 개방 정도, 가격 하락 시 영농 지속 가능성, 정부 대책 등을 설명하지 않고 동의를 구하는 것은 '백지수표 서명'을 요구하는 것과 같다... ",https://www.agrinet.co.kr/news/articleView.html?idxno=407671,https://www.agrinet.co.kr/news/articleView.html?idxno=407671,"Fri, 02 Oct 2026 19:58:00 +0900"
임이자,"[2026국감] 국민의힘, 국감 상황실 현판 걸고 '국감 체제' 전환","단일종목 레버리지ETF 등 '10대 정책 실패' 제시 임이자 정책위의장은 국정감사대책회의 자리에서 정부의 '10대 정책 실패'를 발표했다. 부동산, 증시(단일종목 레버리지 ETF), 농지 전수조사, 비무장지대(DMZ) 지뢰 사고를... ",https://www.polinews.co.kr/news/articleView.html?idxno=744774,https://www.polinews.co.kr/news/articleView.html?idxno=744774,"Fri, 02 Oct 2026 19:29:00 +0900"
임이자,"국힘, 검찰청 폐지 첫날 관계성 범죄 피해자 보호책 논의…&quot;촘촘한 안전...",임이자 정책위의장은 &quot;피해자가 가해자로부터 벗어난 순간부터 안전하게 일상으로 돌아갈 때까지 국가의 보호가 이어져야 한다&quot;며 &quot;피해자의 주소와 개인정보 보호·접근금지·신변보호 조치가 실제 현장에서 제대로... ,https://www.newsis.com/view/NISX20261002_0003813215,https://n.news.naver.com/mnews/article/003/0014231074?sid=100,"Fri, 02 Oct 2026 19:16:00 +0900"
최은석,"국민의힘, 은행권 해킹사태에 &quot;전 금융권 점수점검&quot;","최은석 원내수석대변인도 논평에서 &quot;국민의 정보가 빠져나가는 동안 은행의 감시체계는 무엇을 하고 있었냐&quot;며 질타히고 &quot;사고가 터지면 사과하고, 얼마 지나지 않아 같은 일이 되풀이되는 악순환은 이제 끝나야 한다&quot;고... ",https://www.financialpost.co.kr/news/articleView.html?idxno=278676,https://www.financialpost.co.kr/news/articleView.html?idxno=278676,"Sun, 04 Oct 2026 08:24:00 +0900"
최은석,아시안게임 최은석 vs Road to UFC 2위,"‘아시안게임 국대’ 최은석 vs ‘RTU 준우승’ 하라구치 신… 11월1일 장충체육관에서 격돌 아시안게임으로 기량 급성장 최은석, ‘UFC 관문’ 검증된 강자 하라구치와 로드FC 맞대결 ◆ 아시안게임 국대 최은석... ",https://www.mk.co.kr/article/12167867,https://m.sports.naver.com/general/article/410/0001142228,"Sun, 04 Oct 2026 02:27:00 +0900"
최은석,"2년 만에 돌아온 솔로비예프, 박시원과 맞붙는다…ROAD FC 079 대진 확정",일본의 그래플러 하라구치 신(28·BRAVE GYM)과 MMA 국가대표 출신 최은석(20·로드FC 전주)이 페더급에서 만난다. 여성 아톰급에서는 박서영(23·로드FC 군산)과 일본의 와다 세리나(24·JAPAN TOP TEAM)가 맞붙는다. 1부... ,https://isplus.com/article/view/isp202610030004,https://m.sports.naver.com/general/article/241/0003533704,"Sun, 04 Oct 2026 00:15:00 +0900"
최은석,국힘 “돌아오는 건 北 조롱 뿐…‘종북 구걸 정책’ 폐기하라”,최은석 국민의힘 원내수석대변인도 김 총무부장의 ‘자작 광대극’ 발언을 두고 “책임을 부인하는 것도 모자라 우리 군의 조사 결과와 대한민국을 거듭 모욕하고 있다”고 비판했다. 그러면서 정부에 김 총무부장의... ,https://www.munhwa.com/article/11621263?ref=naver,https://n.news.naver.com/mnews/article/021/0002822924?sid=100,"Sat, 03 Oct 2026 19:04:00 +0900"
최은석,은행 해킹에 국민의힘 &quot;금융권 전수 점검&quot;…국감서 감독 책임 따진다,최은석 국민의힘 원내수석대변인도 같은 날 논평을 내고 정보가 유출되는 동안 은행의 감시 체계가 작동했는지 문제를 제기했다. 사고 이후 사과에 그치고 유사한 피해가 반복되는 상황을 끊어야 한다고 강조했다. 특히... ,https://www.econovill.com/news/articleView.html?idxno=752671,https://www.econovill.com/news/articleView.html?idxno=752671,"Sat, 03 Oct 2026 17:16:00 +0900"
최은석,"野, 은행 해킹 사태에 &quot;당국도 책임져야…국감서 따져 물을 것&quot;","최은석 원내수석대변인도 이날 논평에서 &quot;국민의 정보가 빠져나가는 동안 은행의 감시 체계는 무엇을 하고 있었느냐&quot;며 &quot;사고가 터지면 사과하고, 얼마 지나지 않아 같은 일이 되풀이되는 악순환은 이제 끝내야 한다&quot;고... ",https://www.news1.kr/politics/assembly/6309823,https://n.news.naver.com/mnews/article/421/0009208073?sid=100,"Sat, 03 Oct 2026 15:41:00 +0900"
최은석,[단독] &quot;국내 도입 신중&quot;…금감원 용역 경고 묵살됐나,&lt;최은석 / 국민의힘 의원&gt; &quot;이번 국정감사에서도 (단일종목 레버리지 관련) 증인 출석이 제대로 이뤄지지 않고 있습니다. 이 상품의 출시를 김용범 정책실장이나 그 윗선에서 결정했는지 명확히 밝혀져야 합니다.&quot; 출시... ,http://www.yonhapnewstv.co.kr/news/MYH20261003153651jtJ,https://n.news.naver.com/mnews/article/422/0000912269?sid=101,"Sat, 03 Oct 2026 15:37:00 +0900"
최은석,"국힘, 은행권 해킹 사태에 &quot;韓 금융안보 경고음, 당국 책임&quot;","최은석 원내수석대변인도 이날 논평에서 &quot;국민의 정보가 빠져나가는 동안 은행의 감시체계는 무엇을 하고... 낱낱이 밝히고, 확인된 부실에는 엄중히 책임을 물으라&quot;고 촉구했습니다. #국민의힘 #해킹 #은행 #박성훈 #최은석",http://www.yonhapnewstv.co.kr/news/AKR20261003140455sxF,https://n.news.naver.com/mnews/article/422/0000912246?sid=100,"Sat, 03 Oct 2026 14:05:00 +0900"
최은석,최은석 국민의힘 수석대변인 &quot;北적반하장·금융 뚫려...이재명 정부 결...,국민의힘 최은석 원내수석대변인은 3일 ▲북한의 계속되는 모욕적 담화와 ▲금융권의 잇따른 개인정보 유출 사태를 강하게 비판하고 나섰다. 최은석... ,http://www.breaknews.com/1240886,http://www.breaknews.com/1240886,"Sat, 03 Oct 2026 14:02:00 +0900"
최은석,"국힘 &quot;은행 AI 해킹, 금융당국도 책임&quot;…국정감사서 감독 부실 추궁 예고",최은석 원내수석대변인도 논평을 내고 &quot;국민의 정보가 빠져나가는 동안 은행의 감시체계는 무엇을 하고 있었느냐&quot;며 &quot;사고가 터지면 사과하고 얼마 지나지 않아 같은 일이 되풀이되는 악순환은 끝나야 한다&quot;고 말했다.... ,http://www.lawissue.co.kr/view.php?ud=202610031351384499817d053b9_12,http://www.lawissue.co.kr/view.php?ud=202610031351384499817d053b9_12,"Sat, 03 Oct 2026 13:54:00 +0900"
최은석,국민의힘 “금융권 해킹 반복…원인·피해·당국 대응 등 낱낱이 밝혀야...,최은석 원내수석대변인도 별도 논평을 통해 금융회사의 보안 대응과 금융당국의 감독 책임을 함께 문제 삼았다. 최 원내수석대변인은 “국민의 정보가 빠져나가는 동안 은행의 감시체계는 무엇을 하고 있었느냐”며... ,https://www.munhwa.com/article/11621233?ref=naver,https://n.news.naver.com/mnews/article/021/0002822895?sid=100,"Sat, 03 Oct 2026 13:50:00 +0900"
최은석,"野, 은행권 정보유출에 “보안 비상등”…전 금융권 전수 점검 촉구",최은석 원내수석대변인은 별도 논평을 통해 유출 정보가 금융사기에 활용될 위험을 경고했다. 최 원내수석대변인은 “국민의 정보가 빠져나가는 동안 은행의 감시체계는 무엇을 하고 있었나”라며 “이름과 전화번호는... ,http://www.segyebiz.com/newsView/20261003504260?OutUrl=naver,http://www.segyebiz.com/newsView/20261003504260?OutUrl=naver,"Sat, 03 Oct 2026 13:42:00 +0900"
최은석,은행권 연쇄 정보유출에 보안 우려 확산…대응 역량 '시험대',"최은석 국민의힘 원내수석대변인도 &quot;금융권 공동 대응과 감독체계 전반을 철저히 점검해야 한다&quot;며 &quot;사고가 터지면 사과하고, 얼마 지나지 않아 같은 일이 되풀이되는 악순환은 이제 끝내야 한다&quot;고 말했다. 국회... ",http://www.newsian.co.kr/news/articleView.html?idxno=96482,http://www.newsian.co.kr/news/articleView.html?idxno=96482,"Sat, 03 Oct 2026 13:30:00 +0900"
최은석,"김여정 담화·北 미사일…국힘, 정부에 &quot;굴종적 종북 정책 버려라&quot;",최은석 원내수석대변인은 김여정이 사건을 '자작 광대극'이라 부른 것을 두고 &quot;책임을 부인하는 것도 모자라 우리 군의 조사 결과와 대한민국을 거듭 모욕하고 있다&quot;며 &quot;대북송금 의혹에 떳떳하다면 이제 그만 굴종적... ,http://www.sisafocus.co.kr/news/articleView.html?idxno=365765,http://www.sisafocus.co.kr/news/articleView.html?idxno=365765,"Sat, 03 Oct 2026 13:26:00 +0900"
최은석,"시중은행 AI 해킹사태에…국힘 &quot;금융당국의 감독, 제대로 작동했나&quot;",최은석 원내수석대변인도 이날 별도 논평을 통해 은행의 감시체계와 정부의 대응을 비판했다. 최 원내수석대변인은 &quot;국민의 정보가 빠져나가는 동안 은행의 감시체계는 무엇을 하고 있었냐&quot;며 &quot;사고가 터지면 사과하고... ,https://www.wolyo.co.kr/news/articleView.html?idxno=318629,https://www.wolyo.co.kr/news/articleView.html?idxno=318629,"Sat, 03 Oct 2026 13:24:00 +0900"
최은석,"野, 은행 해킹 사태에 &quot;뚫리면 조사하는 사후약방문…국감서 파헤칠 것...","최은석 원내수석대변인 역시 이날 논평에서 &quot;이재명 정부와 금융당국도 책임을 피할 수 없다&quot;며 &quot;사고 원인과 피해 규모, 대응 과정의 허점을 낱낱이 밝히고 확인된 부실에는 엄중히 책임을 물어라&quot;고 꼬집었다.... ",https://www.daejonilbo.com/news/articleView.html?idxno=2304876,https://n.news.naver.com/mnews/article/656/0000188472?sid=100,"Sat, 03 Oct 2026 13:20:00 +0900"
최은석,국민의힘 &quot;AI 해킹에 은행 보안망 뚫려…금융권 시스템 전수점검해야&quot;,"최은석 원내수석대변인도 이날 논평을 내고 &quot;국민의 정보가 빠져나가는 동안 은행의 감시체계는 무엇을 하고 있었냐&quot;며 &quot;사고가 터지면 사과하고, 얼마 지나지 않아 같은 일이 되풀이되는 악순환은 이제 끝나야 한다&quot;고... ",https://www.kado.net/news/articleView.html?idxno=2076260,https://n.news.naver.com/mnews/article/654/0000203719?sid=100,"Sat, 03 Oct 2026 13:13:00 +0900"
최은석,"은행 해킹 사태에 금융권 보안 도마… 금융 보안체계, 국감 쟁점되나","국민의힘 최은석 원내수석대변인도 이날 논평에서 &quot;국민의 정보가 빠져나가는 동안 은행의 감시체계는 무엇을 하고 있었느냐&quot;며 &quot;사고가 터지면 사과하고, 얼마 지나지 않아 같은 일이 되풀이되는 악순환은 이제 끝나야... ",https://www.newscj.com/news/articleView.html?idxno=3437611,https://www.newscj.com/news/articleView.html?idxno=3437611,"Sat, 03 Oct 2026 13:00:00 +0900"
최은석,"국민의힘 &quot;은행 AI 해킹, 금융당국도 책임…전수 점검해야&quot;",최은석 원내수석대변인도 이날 논평을 통해 은행의 감시체계와 금융당국의 대응을 비판했다. 최 원내수석대변인은 &quot;국민의 정보가 빠져나가는 동안 은행의 감시체계는 무엇을 하고 있었냐&quot;며 &quot;사고가 터지면 사과하고... ,https://www.ebn.co.kr/news/articleView.html?idxno=1726658,https://www.ebn.co.kr/news/articleView.html?idxno=1726658,"Sat, 03 Oct 2026 12:54:00 +0900"
최은석,"野 “은행 해킹 사태에 금융당국도 책임, 국감서 따질 것”","최은석 원내수석대변인도 이날 논평에서 “이재명 정부의 금융당국도 책임을 피할 수 없다”며 “사고 원인과 피해 규모, 대응 과정의 허점을 낱낱이 밝히고 확인된 부실에는 엄중히 책임을 물으라”고 촉구했다.",https://www.kmib.co.kr/article/view.asp?arcid=9000019541&cp=nv,https://n.news.naver.com/mnews/article/005/0001876548?sid=100,"Sat, 03 Oct 2026 12:39:00 +0900"
최은석,"野, 은행 해킹 사태에 “당국도 책임…감독 작동했는지 따질 것”","최은석 국민의힘 원내수석대변인도 이날 논평에서 “국민의 정보가 빠져나가는 동안 은행의 감시체계는 무엇을 하고 있었느냐”며 “사고가 터지면 사과하고, 얼마 지나지 않아 같은 일이 되풀이되는 악순환은 이제... ",https://biz.heraldcorp.com/article/10892486?ref=naver,https://n.news.naver.com/mnews/article/016/0002705141?sid=100,"Sat, 03 Oct 2026 12:09:00 +0900"
최은석,"국힘, 은행 해킹사태에 “이재명 정부 금융당국 책임 못피해”","최은석 원내수석대변인도 이날 논평에서 “국민의 정보가 빠져나가는 동안 은행의 감시체계는 무엇을 하고 있었냐”며 “사고가 터지면 사과하고, 얼마 지나지 않아 같은 일이 되풀이되는 악순환은 이제 끝나야 한다”고... ",https://www.dt.co.kr/article/12087234?ref=naver,https://n.news.naver.com/mnews/article/029/0003051256?sid=100,"Sat, 03 Oct 2026 12:09:00 +0900"
최은석,"국힘 &quot;北에 돌아온 건 조롱뿐... 靑, 굴종적 종북 구걸 정책 버려야&quot;",최은석 원내수석대변인 역시 논평을 통해 김 부장이 DMZ 지뢰 폭발 사건을 '자작 광대극'이라고 매도한 점을 언급하며 &quot;책임을 부인하는 것도 모자라 우리 군의 조사 결과와 대한민국을 거듭 모욕하고 있다&quot;며 &quot;대북송금... ,https://www.hidomin.com/news/articleView.html?idxno=723493,https://www.hidomin.com/news/articleView.html?idxno=723493,"Sat, 03 Oct 2026 11:58:00 +0900"
최은석,"野, 은행 해킹 사태에 &quot;당국도 책임…감독 작동했는지 따질 것&quot;","최은석 원내수석대변인도 이날 논평에서 &quot;국민의 정보가 빠져나가는 동안 은행의 감시체계는 무엇을 하고 있었냐&quot;며 &quot;사고가 터지면 사과하고, 얼마 지나지 않아 같은 일이 되풀이되는 악순환은 이제 끝나야 한다&quot;고... ",https://www.yna.co.kr/view/AKR20261003026600001?input=1195m,https://n.news.naver.com/mnews/article/001/0016355367?sid=100,"Sat, 03 Oct 2026 11:43:00 +0900"
최은석,"대구창조경제혁신센터, 로봇 기반 공간컴퓨팅 스타트업 IR 데모데이 성료","말했다.최은석 국회의원은 “유망 창업기업의 성장을 위해서는 우수한 기술이 투자와 사업화로 이어지는 기회가 중요하다”며 “동대구벤처밸리를 중심으로 기업과 대학, 연구기관 간 협력을 강화해 지역 혁신성장의... ",https://www.kbsm.net/news/view.php?idx=536392,https://www.kbsm.net/news/view.php?idx=536392,"Sat, 03 Oct 2026 11:42:00 +0900"
최은석,"국민의힘, 북한 김여정의 조롱에 &quot;이재명 정부는 무엇을 하고 있나&quot; 직격",최은석 국민의힘 원내수석대변인이 비무장지대(DMZ) 지뢰 폭발 사고를 두고 김여정 북한 노동당 총무부장이 재차 '자작광대극'이라고 주장한 데 대해 이재명 정부의 보다 단호한 대응을 촉구했다. 최 원내수석대변인은 3일... ,https://www.pennmike.com/news/articleView.html?idxno=128912,https://www.pennmike.com/news/articleView.html?idxno=128912,"Sat, 03 Oct 2026 11:12:00 +0900"
최은석,"국힘, 잇단 은행권 정보 유출·해킹에 &quot;韓 금융안보 방어망에 경고음&quot;","최은석 원내수석대변인도 논평에서 &quot;국민의 정보가 빠져나가는 동안 은행의 감시체계는 무엇을 하고 있었나&quot;라며 &quot;이름과 전화번호는 물론 연소득과 대출한도, 일부 주민등록번호까지 유출됐다. 보이스피싱과 대출 사기에... ",https://www.newsis.com/view/NISX20261003_0003813445,https://n.news.naver.com/mnews/article/003/0014231503?sid=100,"Sat, 03 Oct 2026 10:53:00 +0900"
최은석,"국민의힘, 李정부에 &quot;굴종적 '종북 구걸 정책' 폐기하라&quot;",최은석 원내수석대변인도 같은 날 논평에서 김 부장이 DMZ 지뢰 폭발 사건을 '자작 광대극'이라 한 것에 대해 &quot;책임을 부인하는 것도 모자라 우리 군의 조사 결과와 대한민국을 거듭 모욕하고 있다&quot;고 비판했다. 최... ,https://www.dailian.co.kr/news/view/1697647/?sc=Naver,https://n.news.naver.com/mnews/article/119/0003139243?sid=100,"Sat, 03 Oct 2026 10:50:00 +0900"
최은석,국힘 “北 눈치 보자 돌아온 건 조롱뿐”,최은석 원내수석대변인도 논평에서 김 총무부장이 DMZ 지뢰 폭발 사건을 ‘자작 광대극’이라 한 것에 대해 “책임을 부인하는 것도 모자라 우리 군의 조사 결과와 대한민국을 거듭 모욕하고 있다”고 했다. 그는... ,https://www.chosun.com/politics/diplomacy-defense/2026/10/03/2L3LCMOM2ZCVZB3WIJ7GW22NMI/?utm_source=naver&utm_medium=referral&utm_campaign=naver-news,https://n.news.naver.com/mnews/article/023/0004001941?sid=100,"Sat, 03 Oct 2026 10:48:00 +0900"
최은석,"北, 김여정 &quot;광대극&quot; 다음 날 도발… 野 &quot;靑, 굴종적 종북 정책 버려야&quot;",최은석 원내수석대변인도 김 부장 담화를 두고 &quot;우리 군의 조사 결과를 부정하고 장병들의 피해를 조롱하는 북한에 분명하게 항의하고 책임을 묻는 것 역시 대통령의 책무&quot;라며 &quot;대화는 필요하다. 그러나 북한이 우리를... ,https://www.hankookilbo.com/news/article/A2026100310210000424?did=NA,https://n.news.naver.com/mnews/article/469/0000957495?sid=100,"Sat, 03 Oct 2026 10:48:00 +0900"
권영세,공공임대 문턱 낮추는 정부···청년 주거난 해소는 '글쎄',"한국은행이 권영세 국민의힘 의원실에 제출한 자료에 따르면 올해 2분기 말 기준 20대 차주 1인당 평균 주택담보대출 잔액은 2억394만원으로, 통계 작성 이후 처음으로 2억원을 넘어섰다. 40대의 1억8586만원, 50대의... ",https://www.seoulfn.com/news/articleView.html?idxno=639143,https://www.seoulfn.com/news/articleView.html?idxno=639143,"Sat, 03 Oct 2026 10:00:00 +0900"
권영세,한·우크라 외교갈등 확산… 李 &quot;사과 없으면 추가 조치&quot;,권영세 국민의힘 의원도 &quot;북한에 물어야 할 책임을 우방에 묻고 있는 것&quot;이라고 비판했다. 그는 북한군 포로의 한국 송환 과정에서 우크라이나의 협조가 있었다는 점을 거론하며 향후 한국행을 원하는 북한군 포로가... ,https://www.newscj.com/news/articleView.html?idxno=3437548,https://www.newscj.com/news/articleView.html?idxno=3437548,"Fri, 02 Oct 2026 23:00:00 +0900"
권영세,"野, '우크라에 공개사과 요구' 李대통령에 &quot;선택적 분노&quot;","통일부 장관을 지낸 5선 권영세 의원은 SNS 글에서 &quot;우크라이나는 러시아, 그리고 러시아에 파병된 북한군과 싸우고 있는 우리의 우방&quot;이라면서 &quot;우리 장병을 다치게 한 북한에는 사과 한마디 요구하지 않던 대통령이... ",https://biz.sbs.co.kr/article_hub/20000338190?division=NAVER,https://n.news.naver.com/mnews/article/374/0000536138?sid=101,"Fri, 02 Oct 2026 18:12:00 +0900"
권영세,&quot;우크라이나 사과 거부하면 추가 조치&quot; 경고,"권영세 의원은 아예 &quot;우크라이나는 러시아, 그리고 러시아에 파병된 북한군과 싸우고 있는 우리의 우방&quot;이라고 했고, 안철수 의원은 &quot;김여정이 지뢰 도발을 '자작극'이라고 거짓을 설파할 땐 침묵하고, 우크라이나에 뒷북... ",https://www.koreareport.co.kr/news/articleView.html?idxno=53390,https://www.koreareport.co.kr/news/articleView.html?idxno=53390,"Fri, 02 Oct 2026 16:32:00 +0900"
권영세,"野, 우크라에 사과 요구하는 李 대통령에 “北에는 찍소리도 못하면서”","통일부 장관을 지낸 권영세 의원은 이 대통령을 향해 “북한에 물어야 할 책임을 우방에 묻고 있는 것”이라고 했다. 권 의원은 이날 페이스북에 올린 글에서 “우크라이나는 러시아, 그리고 러시아에 파병된 북한군과... ",https://www.chosun.com/politics/politics_general/2026/10/02/NPMJ7ZQUGFENBNZPQQ2RKWN5AY/?utm_source=naver&utm_medium=referral&utm_campaign=naver-news,https://n.news.naver.com/mnews/article/023/0004001805?sid=100,"Fri, 02 Oct 2026 16:06:00 +0900"
권영세,"국힘, '우크라 사과 요구' 이 대통령에 &quot;북한엔 왜 한마디 못하나&quot;","통일부 장관을 지낸 5선 권영세 의원은 SNS 글에서 &quot;우크라이나는 러시아, 그리고 러시아에 파병된 북한군과 싸우고 있는 우리의 우방&quot;이라면서 &quot;우리 장병을 다치게 한 북한에는 사과 한마디 요구하지 않던 대통령이... ",https://www.mediapen.com/news/view/1127589,https://www.mediapen.com/news/view/1127589,"Fri, 02 Oct 2026 15:24:00 +0900"
권영세,"野, '우크라에 공개사과 요구' 이 대통령에 &quot;선택적 분노&quot;","통일부 장관을 지낸 5선 권영세 의원은 SNS 글에서 &quot;우크라이나는 러시아, 그리고 러시아에 파병된 북한군과 싸우고 있는 우리의 우방&quot;이라면서 &quot;우리 장병을 다치게 한 북한에는 사과 한마디 요구하지 않던 대통령이... ",http://www.yonhapnewstv.co.kr/news/AKR20261002151407SqG,https://n.news.naver.com/mnews/article/422/0000911962?sid=100,"Fri, 02 Oct 2026 15:15:00 +0900"
권영세,국힘 &quot;선택적 분노&quot;…李대통령 우크라 사과 요구에 일제 포화,"장동혁 &quot;이란·북한엔 침묵, 우방에만 분노&quot; 권영세·안철수·한동훈 등 여야 중진들도 잇따라 비판 지난달... 통일부 장관을 지낸 5선 권영세 의원은 SNS에 &quot;우크라이나는 러시아, 그리고 러시아에 파병된 북한군과 싸우고... ",https://www.tjb.co.kr/news05/bodo/view/id/104348,https://www.tjb.co.kr/news05/bodo/view/id/104348,"Fri, 02 Oct 2026 15:04:00 +0900"
권영세,"李, 우크라에 “대통령 거짓말쟁이 만들어”…사과 거부 땐 추가 조치",권영세·안철수 국민의힘 의원 등도 우크라이나는 러시아와 북한군을 상대로 전쟁 중인 국가라며 북한에 물어야 할 책임을 우크라이나에 돌리고 있다고 비판했다. 김용태 의원은 포로 송환 문제를 공개 충돌이 아닌 외교... ,https://www.kukinews.com/article/view/kuk202610020136,https://www.kukinews.com/article/view/kuk202610020136,"Fri, 02 Oct 2026 15:02:00 +0900"
권영세,이 대통령 '우크라 사과 요구'에…국힘 &quot;북한에는 왜 못하나&quot;,"통일부 장관을 지낸 5선 권영세 의원은 SNS 글에서 &quot;우크라이나는 러시아, 그리고 러시아에 파병된 북한군과 싸우고 있는 우리의 우방&quot;이라면서 &quot;우리 장병을 다치게 한 북한에는 사과 한마디 요구하지 않던 대통령이... ",http://mbn.mk.co.kr/pages/news/newsView.php?category=mbn00006&news_seq_no=5222727,https://n.news.naver.com/mnews/article/057/0001971739?sid=100,"Fri, 02 Oct 2026 15:01:00 +0900"
권영세,"&quot;우크라엔 분노, 북한엔 침묵&quot;…국힘 '李 선택적 외교' 맹공","우크라이나냐&quot; 권영세·안철수도 가세…&quot;우방엔 책임 묻고 北 도발엔 침묵&quot; 국민의힘이 2일 이재명 대통령의... 통일부 장관을 지낸 권영세 의원도 가세했다. 권 의원은 SNS에서 &quot;우크라이나는 러시아, 그리고 러시아에 파병된... ",https://www.sisajournal.com/news/articleView.html?idxno=389098,https://n.news.naver.com/mnews/article/586/0000139342?sid=100,"Fri, 02 Oct 2026 14:59:00 +0900"
권영세,"국힘, ‘우크라이나 사과 요구’ 이 대통령 향해 “선택적 분노”","통일부 장관을 지낸 5선 권영세 의원은 SNS에서 ”우크라이나는 러시아, 그리고 러시아에 파병된 북한군과 싸우고 있는 우리의 우방“이라면서 ”우리 장병을 다치게 한 북한에는 사과 한마디 요구하지 않던 대통령이... ",https://news.kbs.co.kr/news/pc/view/view.do?ncd=8676702&ref=A,https://n.news.naver.com/mnews/article/056/0012267065?sid=100,"Fri, 02 Oct 2026 14:40:00 +0900"
권영세,"국힘, '우크라에 공개사과 요구' 李대통령에 &quot;선택적 분노&quot;","통일부 장관을 지낸 5선 권영세 의원은 SNS 글에서 &quot;우크라이나는 러시아, 그리고 러시아에 파병된 북한군과 싸우고 있는 우리의 우방&quot;이라면서 &quot;우리 장병을 다치게 한 북한에는 사과 한마디 요구하지 않던 대통령이... ",https://www.yna.co.kr/view/AKR20261002108900001?input=1195m,https://n.news.naver.com/mnews/article/001/0016353794?sid=100,"Fri, 02 Oct 2026 14:27:00 +0900"
차규근,11월 12일 불법 공유숙박 단속 시행…중개 플랫폼에 500만원 과태료,"2024년 국정감사 때 차규근 의원실에 제출된 국세청 자료로는 지자체가 단속한 무신고 숙박공유 750건 가운데 세무 추징은 48건, 6.4%에 그쳤다. ◆ 오피스텔·고시원은 신고 자체가 불가능하다 예약자가 가장 많이... ",https://www.imaeil.com/page/view/2026100307190111877,https://n.news.naver.com/mnews/article/088/0001031989?sid=102,"Sat, 03 Oct 2026 07:21:00 +0900"
차규근,추모 넘어 기록·교육으로…대구 10월항쟁 정책 제도화 촉구,"한편, 10월항쟁 80주년 행사위원회를 포함해 윤종오 진보당 원내대표와 차규근 조국혁신당 의원은 오는 6일 국회 소통관에서 기자회견을 열고 &quot;10월항쟁 특별법 제정을 더 이상 늦춰서는 안 된다&quot;며 국회와 정치권의... ",https://www.kyongbuk.co.kr/news/articleView.html?idxno=4086128,https://www.kyongbuk.co.kr/news/articleView.html?idxno=4086128,"Fri, 02 Oct 2026 22:30:00 +0900"
차규근,‘검찰범죄’ 특검을 해야 하는 50가지 이유⑪ 검찰청은 사라졌으나 검...,"-차규근 위원: 강백신 증인, 증인은 대장동 사건, 윤석열 명예훼손 사건 수사하셨는데 범죄수사가 필요하다고... -강백신 증인: 예, 당연히 적법절차를 지켜서 수사를 하였습니다.(중략) -차규근 위원: 내 편이라도 엄정하게... ",https://newstapa.org/article/JxNr2,https://n.news.naver.com/mnews/article/607/0000003519?sid=102,"Fri, 02 Oct 2026 19:10:00 +0900"
차규근,민변 2026 국회 입법감시 의견서 발표,더불어민주당 김남근·박주민 의원과 조국혁신당 차규근 의원이 기자회견에 동참했다. 여 부회장은... 차규근 의원은 &quot;이번 국회에서는 반드시 집단소송법을 통과시켰으면 좋겠다&quot;면서 &quot;그 밖에도 제안되는 여러 법안에... ,https://www.newsclaim.co.kr/news/articleView.html?idxno=3077352,https://www.newsclaim.co.kr/news/articleView.html?idxno=3077352,"Fri, 02 Oct 2026 18:54:00 +0900"
차규근,[2026 국감] '곪아 터진' 중진공 한계기업 대출 1조 돌파…강석진 이사장...,2일 국회 산업통상자원중소벤처기업위원회 소속 차규근 의원(조국혁신당)에 따르면... 강석진 중소벤처기업진흥공단 이사장 [사진=뉴스핌 DB] 차규근 의원은 &quot;정책금융은 일시적인 경영위기를 겪는 기업이... ,https://www.newspim.com/news/view/20261002001210,https://www.newspim.com/news/view/20261002001210,"Fri, 02 Oct 2026 17:21:00 +0900"
차규근,&quot;지역별 전기요금 자칫하면 보조금에 그칠수도&quot;,&quot;인하만 있는 구조는 가격제가 아니다.&quot; 10일 김대욱 숭실대학교 경제학과 교수는 국회 김종민·서왕진·차규근 의원과 기후시민프로젝트는 '산업용 지역 전기요금제 설계안 진단 및 개선방향 토론회'의 발제자로 나서 최근... ,https://www.electimes.com/news/articleView.html?idxno=373070,https://www.electimes.com/news/articleView.html?idxno=373070,"Fri, 02 Oct 2026 16:52:00 +0900"
차규근,"이재명, '친윤 검사들에게 호의적'이란 비판에 반박 나섰다 : &quot;세상사라...","특히 김학의 전 법무부 차관 출국금지 사건과 관련해 이광철 전 청와대 민정비서관과 차규근 조국혁신당 의원(당시 법무부 출입국 외국인정책본부 본부장)은 기소하고, 친윤 검사였던 윤대진 전 검찰국장은 불기소 결정을... ",https://www.huffingtonpost.kr/article/260965,https://www.huffingtonpost.kr/article/260965,"Fri, 02 Oct 2026 16:26:00 +0900"
차규근,사람은 부족한데 심사는 늘었다…특허심사관 1명이 연 201건 처리,2일 국회 산업통상자원중소벤처기업위원회 소속 차규근 의원(조국혁신당)이 지식재산처로부터... 차규근 의원은 &quot;특허심사는 기업의 기술경쟁력과 직결되는 만큼 심사관에게 충분한 검토 시간이 보장돼야... ,https://www.news1.kr/local/daejeon-chungnam/6309094,https://n.news.naver.com/mnews/article/421/0009206784?sid=102,"Fri, 02 Oct 2026 15:02:00 +0900"
차규근,[이슈] 78년만 檢폐지②…與 &quot;시스템 안착 총력&quot; 국힘 &quot;치안 지옥문 열려...,차규근 최고위원은 &quot;국가수사본부와 중수청이 초기 수사를 충실히 진행해야 수사 공백이 사라지고 공소청의 보완수사 요구 부담과 피해자의 기다림이 줄어든다&quot;고 제시했다. 이어 차 최고위원은 &quot;이를 막는 걸림돌이 바로... ,https://www.polinews.co.kr/news/articleView.html?idxno=744735,https://www.polinews.co.kr/news/articleView.html?idxno=744735,"Fri, 02 Oct 2026 14:39:00 +0900"
차규근,"78년 검찰 중수청·공소청으로...청장 없이, 정원 66%, 판사 출신 3명",춘천지법·의정부지법·서울행정법원 판사를 지내고 2006년 변호사로 나와 김학의 전 차관 불법 출국금지 사건의 차규근 의원과 조국 전 대표 일가를 변호했다. 서울중수청장에는 검사 출신 최재민(55·30기) 변호사가... ,https://www.thepublic.kr/news/articleView.html?idxno=321011,https://www.thepublic.kr/news/articleView.html?idxno=321011,"Fri, 02 Oct 2026 14:10:00 +0900"
차규근,[검찰청 폐지 D-day] 공소청 찾은 조국혁신당 &quot;수사권은 국민을 위해&quot;,차규근 혁신당 최고위원은 국가수사본부(이하 국수본)와 중수청의 초기 수사가 전제돼야 공소청의 보완수사요구 업무 부담이 줄고 사건 처리가 빨라진다며 현행 수사준칙 제29조의 제3항의 삭제를 촉구했다. 해당 조항은... ,https://www.sisaweek.com/news/articleView.html?idxno=238190,https://www.sisaweek.com/news/articleView.html?idxno=238190,"Fri, 02 Oct 2026 12:56:00 +0900"
오늘의 국회일정,&quot;트럼프 압박 vs 상업적 합리성&quot;…한국 대미투자 출발부터 암초,건설 일정 등 개별 원전 프로젝트를 구체화하고 사업별로 상업적 합리성 검토와 국회 보고 절차를 거쳐... 김 장관은 양국의 대미투자 프로젝트 발표 후 &quot;오늘의 발표는 끝이 아닌 새로운 시작&quot;이라고 말했다. 그는... ,https://www.jnilbo.com/news/articleView.html?idxno=90000070755,https://www.jnilbo.com/news/articleView.html?idxno=90000070755,"Sun, 04 Oct 2026 07:12:00 +0900"
오늘의 국회일정,"트럼프 압박까지…대미투자, 알래스카 LNG 암초에 산 넘어 산",건설 일정 등 개별 원전 프로젝트를 구체화하고 사업별로 상업적 합리성 검토와 국회 보고 절차를 거쳐... 김 장관은 양국의 대미투자 프로젝트 발표 후 &quot;오늘의 발표는 끝이 아닌 새로운 시작&quot;이라고 말했다. 그는... ,https://www.yna.co.kr/view/AKR20260923183200003?input=1195m,https://n.news.naver.com/mnews/article/001/0016356178?sid=101,"Sun, 04 Oct 2026 05:55:00 +0900"
오늘의 국회일정,"[오늘의 주요일정] 정치·정부 (4일, 일)",도라산역) ◇국방부 -장·차관 ◇국가보훈부 -장·차관 ◇감사원 -원장 ◇국민권익위원회 -위원장 ◇국회 -국회의장 ◇더불어민주당 -당대표·원내대표 ◇국민의힘 -당대표·원내대표 ◇조국혁신당 -당대표 15:30 10·4... ,https://www.news1.kr/politics/assembly/6309920,https://n.news.naver.com/mnews/article/421/0009208534?sid=100,"Sun, 04 Oct 2026 05:00:00 +0900"
오늘의 국회일정,"[아주경제 오늘의 뉴스 종합] 北, 김여정 대남 비난 이튿날 동해상 탄도...",박성훈 수석대변인은 국회에서 취재진에게 &quot;오늘 이후 예정된 장외집회 계획은 없다&quot;며 &quot;국감을 통해 민생과... 악시오스는 트럼프 행정부가 사전에 일정을 공개하지 않고 캠프 데이비드에서 극비 수뇌부 회동을 연 것은... ,https://www.ajunews.com/view/20261003214000645,https://www.ajunews.com/view/20261003214000645,"Sat, 03 Oct 2026 21:44:00 +0900"
오늘의 국회일정,제72회 백제문화제 공주·부여서 개막…&quot;웅진·사비백제 역사 꽃피울 것...,"축제 일정에 들어갔다. 중부권 대표 역사문화축제인 백제문화제는 올해 공주와 부여에서 각각 '청동거울... 이용우 부여군수, 박수현 충남지사, 백용달 부여군의장, 윤용근 국회의원(국민의힘, 공주 부여 청양), 박정현... ",https://news.tf.co.kr/read/national/2372811.htm,https://n.news.naver.com/mnews/article/629/0000539262?sid=102,"Sat, 03 Oct 2026 20:30:00 +0900"
오늘의 국회일정,"[기자수첩] 안량 벤 관우, 노회찬 비극 부른 '오세훈법'… 눈물 훔칠 일...",정치자금 부정수수죄로 벌금 100만원 이상의 형이 확정될 경우 일정 기간 공직 취임을 제한하고 이미 공직에... 특히 현역 국회의원이 아닌 정치인과 정치 신인에게 불리하다는 비판이 이어졌다. 정치자금법은 깨끗한... ,https://www.newscj.com/news/articleView.html?idxno=3437652,https://www.newscj.com/news/articleView.html?idxno=3437652,"Sat, 03 Oct 2026 18:30:00 +0900"
오늘의 국회일정,[현장] 제17회 대전효문화뿌리축제… &quot;뿌리 찾아 효(孝) 새기는 뿌리공...,"3일간의 일정을 마무리한다. 문중의 깃발에서 시작한 이날의 '뿌리 찾기'는 어느새 아이들의 놀이와 가족사진, 먹거리와 음악으로 이어지고 있었다. 누구의 후손인지를 확인하는 데서 한 걸음 더 나아가, 오늘 함께... ",https://www.newscj.com/news/articleView.html?idxno=3437623,https://www.newscj.com/news/articleView.html?idxno=3437623,"Sat, 03 Oct 2026 15:28:00 +0900"
오늘의 국회일정,"[오늘의 주요일정] 정치·정부 (3일, 토)",경축식 ◇외교부 -장관 -1차관 -2차관 ◇통일부 -장관 -차관 ◇국방부 -장관 -차관 ◇국가보훈부 -장관 -차관 ◇감사원 -원장 ◇국민권익위원회 -위원장 ◇국회 -국회의장 ◇더불어민주당 -당대표 10:00 부산... ,https://www.news1.kr/politics/assembly/6309574,https://n.news.naver.com/mnews/article/421/0009207630?sid=100,"Sat, 03 Oct 2026 05:00:00 +0900"
오늘의 국회일정,[오늘의 주요일정]정치(10월3일 토요일),공개일정 없음 ◇국민의힘【당대표】 12:00 한국노총 공공노련 단식농성 천막방문(국회 정문 단식농성장) 15:00 '이재명 정권 심판' 민생회복·안보수호 국민행동대회(서울 중구 세종대로 55 숭례문(부영태평빌딩... ,https://www.newsis.com/view/NISX20261002_0003813304,https://n.news.naver.com/mnews/article/003/0014231258?sid=100,"Sat, 03 Oct 2026 05:00:00 +0900"
오늘의 국회일정,[2026 국감] 윤준병 의원 &quot;'농업민생 6법' 현장 안착 중요…제대로 작동...,국회 농림축산식품해양수산위원회에서 여야 협상과 의사일정을 이끌고 있는 윤준병 더불어민주당 의원과... 농지조사는 어제 오늘의 일이 아니다. 매년 전체 농지의 10% 정도에 대해서는 꾸준히 조사를 해왔다. 전수조사는... ,https://www.agrinet.co.kr/news/articleView.html?idxno=407659,https://www.agrinet.co.kr/news/articleView.html?idxno=407659,"Fri, 02 Oct 2026 19:58:00 +0900"
오늘의 국회일정,[2026 국감] 10월 6일부터 25일간 돌입…국회사무처 종합상황실 가동,당일 실시되는 국정감사 일정은 카카오톡 채널 '오늘의 국회'를 통해 매일 아침 확인할 수 있다. 각 위원회가 채택한 국정감사계획서 등 관련 자료는 위원회별 홈페이지에서도 확인할 수 있다.,https://www.newspim.com/news/view/20261002000833,https://www.newspim.com/news/view/20261002000833,"Fri, 02 Oct 2026 14:32:00 +0900"
오늘의 국회일정,기후·에너지 전환부터 산업경쟁력까지…국감 25일간 정책 실행력 점검,"당일 감사일정은 카카오톡 채널 '오늘의 국회'에서 매일 아침 확인할 수 있으며, 감사계획서 등은 위원회별 홈페이지에서 제공된다. 세부 일정과 대상기관은 변경될 수 있다. 감사 정보의 공개는 국민과 산업계가... ",https://www.energydaily.co.kr/news/articleView.html?idxno=203779,https://www.energydaily.co.kr/news/articleView.html?idxno=203779,"Fri, 02 Oct 2026 14:14:00 +0900"
오늘의 국회일정,"국회사무처, '국정감사 종합상황실' 현판식 개최","국정감사에 대한 국민들의 관심과 정보 접근성을 높이기 위해 국정감사수첩과 종합일정표는 국회 홈페이지에 공개할 예정이며, 당일 실시되는 국정감사 일정은 카카오톡 채널 '오늘의 국회'에서도 매일 아침 받아볼... ",http://www.thevaluenews.co.kr/news/view.php?idx=202075,http://www.thevaluenews.co.kr/news/view.php?idx=202075,"Fri, 02 Oct 2026 14:04:00 +0900"
오늘의 국회일정,"국회사무처, 6일부터 25일간 국정감사…846개 기관 대상","국정감사수첩과 종합일정표는 국회 홈페이지를 통해 공개하고, 당일 국정감사 일정은 카카오톡 채널 '오늘의 국회'를 통해 안내한다. 위원회별 국정감사계획서 등 관련 자료도 각 위원회 홈페이지에서 확인할 수... ",https://www.thefairnews.co.kr/news/articleView.html?idxno=89704,https://www.thefairnews.co.kr/news/articleView.html?idxno=89704,"Fri, 02 Oct 2026 13:46:00 +0900"
오늘의 국회일정,"[성기노의 뉴스 피처링] 이재명, 정청래와 4시간 '식사정치'…'유시민 고...","하루 10분, 오늘의 주요 이슈를 사실-맥락-관점의 세 축으로 풀어드립니다. 음악에서 '피처링'은 협업과... 국회 법제사법위원회 위원장인 서영교(오른쪽) 더불어민주당 의원과 법사위 소속 박은정 조국혁신당 의원이 지난달... ",https://www.ntoday.co.kr/news/articleView.html?idxno=129800,https://www.ntoday.co.kr/news/articleView.html?idxno=129800,"Fri, 02 Oct 2026 13:10:00 +0900"
세종풍향계,[통신 풍향계] LGU+ '토큰 최적화' 고도화·KT '소상공인 경영지원' 확대...,"현장에는 충남대, 한국교통연구원, 쎄트렉아이를 포함해 대전, 세종, 충남, 충북 지역의 주요 기업과 기관 관계자 약 150명이 참석했다. 행사는 산업 현장에서 검증된 AI와 AI 에이전트, 클라우드, 데이터 등 주요 기술... ",https://www.newsworks.co.kr/news/articleView.html?idxno=855523,https://www.newsworks.co.kr/news/articleView.html?idxno=855523,"Fri, 02 Oct 2026 18:26:00 +0900"
세종25시,1244회 로또 고액 당첨 명당 85곳 주소…인터넷 1등 1매·GS25서 2등 4매 ...,"로또25시, 울산 인생로또, 전남광주 천국열쇠, 충남 참사랑복권방은 이번 회차에 올해 첫 1등을 각각... 동남구 세종로 4928 씨동 1층 104호 천안역아시아마트: 충남 천안시 동남구 대흥로 237 아시아마트내... ",https://www.econovill.com/news/articleView.html?idxno=752676,https://www.econovill.com/news/articleView.html?idxno=752676,"Sun, 04 Oct 2026 00:24:00 +0900"
관가는 지금,경기도 2차 추경예산안 협상 '기한 없는' 줄다리기,"경기도 관가와 도의회 안팎에서는 도의회가 못박았던 이날 오전, 최후 통첩성 기한에 맞춰 도의회 예결위... 쥔 지금의 심경을 묻는 본지 기자의 질문에 &quot;무엇보다도 도민들 앞에 너무 죄송하고 무거운 마음&quot;이라면서... ",https://www.m-i.kr/news/articleView.html?idxno=2002414,https://www.m-i.kr/news/articleView.html?idxno=2002414,"Fri, 02 Oct 2026 17:16:00 +0900"
관가,[동네톡톡] 충청 4개 시도 ‘원팀’ 선언… 공공기관 유치엔 ‘각자도생...,"충청권 4개 시도 “6개 현안 공동 대응” 4일 관가에 따르면 충청권 4개 시도지사는 지난 2일 업무협약을 맺고, 충청광역연합의 특별법 제정을 위해 공동 대응하기로 했습니다. 충청광역연합이 검토 중인 특별법안은... ",https://biz.chosun.com/topics/topics_social/2026/10/04/DRZE4NG2FNGNNMJCSXIUEPGCHI/?utm_source=naver&utm_medium=original&utm_campaign=biz,https://n.news.naver.com/mnews/article/366/0001196036?sid=102,"Sun, 04 Oct 2026 06:01:00 +0900"
관가,[이기자의 메디컬나우] '권덕철·박민수' 복지부 출신 靑선임행정관 22명,관가 소식통은 &quot;청와대 파견 근무는 건강히 일하다 1년 채우고 복지부에 복귀하는 것이 정답&quot;이라며 &quot;여기에 승진과 희망 보직까지 받게 되면 금상첨화&quot;라고 말했다. 이상구 의약전문기자,https://www.sisajournal-e.com/news/articleView.html?idxno=424110,https://www.sisajournal-e.com/news/articleView.html?idxno=424110,"Sat, 03 Oct 2026 06:00:00 +0900"
관가,경기도 2차 추경예산안 협상 '기한 없는' 줄다리기,"경기도 관가와 도의회 안팎에서는 도의회가 못박았던 이날 오전, 최후 통첩성 기한에 맞춰 도의회 예결위 쪽으로 협상안을 제시한 것으로 알려지며 한 때 협상에 모종의 실마리가 풀리는 것이 아니냐는 관측도... ",https://www.m-i.kr/news/articleView.html?idxno=2002414,https://www.m-i.kr/news/articleView.html?idxno=2002414,"Fri, 02 Oct 2026 17:16:00 +0900"
관가,“충청판 김두관?”… 군수에서 장관급 파격 발탁 박정현 지방시대위원...,1일 대통령 직속 지방시대위원회를 이끌 신임 위원장(장관급)에 박정현 전 충남 부여군수가 임명되면서 관가와 정치권의 시선이 집중되고 있다. 기초단체장 출신 인사가 장관급 국가 균형발전 총괄 사령탑으로 직행한 것은... ,https://www.munhwa.com/article/11621162?ref=naver,https://n.news.naver.com/mnews/article/021/0002822830?sid=102,"Fri, 02 Oct 2026 16:02:00 +0900"
관가,[2026 전관 지도]③ 공직 떠나면 몸값 몇배…민간이 매긴 '경험의 가격',◇ 높아진 몸값의 반대편…비어가는 관가의 '허리' 민간에서 높아진 몸값의 반대편에는 실무인력이 빠져나가면서 생기는 공공부문의 공백이 있다. 금융감독원에서는 2022년부터 올해 7월까지 481명이 퇴직했고 이 중 20... ,https://www.peoplewatch.co.kr/article/view/ppw202610020009,https://www.peoplewatch.co.kr/article/view/ppw202610020009,"Fri, 02 Oct 2026 14:54:00 +0900"
관료,美 미래전쟁 전략 연구에 머스크 참여…&quot;이해충돌 우려&quot; 제기,2일(현지시간) 정치 전문매체 폴리티코는 이날 국방부 전·현직 관료 9명의 의견을 종합해 머스크가 미래 전쟁... 한 전직 국방부 관료는 &quot;당연히 이해충돌이다. (프로젝트 메리디언에서) 어떤 결과가 나오든 국가가 아니라... ,https://www.tfmedia.co.kr/news/article.html?no=207703,https://www.tfmedia.co.kr/news/article.html?no=207703,"Sun, 04 Oct 2026 08:54:00 +0900"
관료,[국민의힘 리더스] 숫자·논리로 입증한 '품격 보수' 박수영…경제통 넘...,또 다른 국민의힘 초선 의원은 &quot;엘리트 경제 관료 출신인 박 의원은 지방 정부부터 중앙정부까지 우리나라 경제 정책 돌아가는 데 대해서는 너무나 잘 알고 있는 분&quot;이라며 &quot;의정활동도 굉장히 열심히 하며 무슨 일이든... ,https://www.dailian.co.kr/news/view/1697537/?sc=Naver,https://n.news.naver.com/mnews/article/119/0003139323?sid=100,"Sun, 04 Oct 2026 08:00:00 +0900"
관료,12·3 내란군 별들의 오만은 어디서 나왔나,"당시 윤석열은 대국민 담화를 통해 더불어민주당의 정부 관료 탄핵소추 추진, 2025년도 예산안 삭감 등으로 국정이 마비됐다고 주장하며 비상계엄을 선포했고, 이후 집회·시위 등 일체의 정치활동을 금지하는 포고령을... ",https://h21.hani.co.kr/arti/society/society_general/59987.html,https://n.news.naver.com/mnews/article/036/0000054272?sid=102,"Sun, 04 Oct 2026 07:38:00 +0900"
관료,"中, ASML '액침 DUV' 340대 싹쓸이 비축에 美 '전면 금수' 압박 고조","10월 3일(현지시각) 홍콩 영자 일간지 사우스차이나모닝포스트(SCMP) 보도에 따르면, 전직 미국 무역·기술 고위 관료들이 작성한 이번 보고서는 네덜란드 등 동맹국을 향한 미국의 수출통제 수위를 어디까지... ",https://www.g-enews.com/view.php?ud=2026100318085693400c8c1c064d_1,https://www.g-enews.com/view.php?ud=2026100318085693400c8c1c064d_1,"Sun, 04 Oct 2026 06:36:00 +0900"
관료,"트럼프 ‘결단’ 내렸나…美수뇌부, 대통령 별장서 ‘극비 회동’","미 매체 악시오스는 3일(현지시간) 세 명의 미 관료를 인용해 밴스가 주재하고 마코 루비오 국무장관, 스콧 베센트 재무장관, 피트 헤그세스 국방장관, 스티브 윗코프 대통령 특사, 존 랫클리프 중앙정보국(CIA) 국장, 댄... ",https://www.joongang.co.kr/article/25466951,https://n.news.naver.com/mnews/article/025/0003555575?sid=104,"Sun, 04 Oct 2026 06:14:00 +0900"
관료,푸틴과 갈라선 옛 러시아 총리 “러·우크라 전쟁은 실수”,AFP연합뉴스 1957년 모스크바에서 태어난 카시야노프는 옛 소련에서 경제 관료로 경력을 쌓았다. 1991년 소련 해체 후 보리스 옐친 러시아 대통령의 눈에 든 그는 재무부에서 승진을 거듭하다가 1999년에는 재무장관으로... ,https://www.segye.com/newsView/20261004500638?OutUrl=naver,https://n.news.naver.com/mnews/article/022/0004163854?sid=104,"Sun, 04 Oct 2026 06:13:00 +0900"
관료,'관치 회귀'냐 '민간 수성'이냐…차기 은행연합회장 선출 초읽기,"과거 고위급 관료와 한국은행 출신이 주도했던 회장 자리는 2014년 이후 민간 금융인 중심으로 무게가... 다시 관료 출신으로 돌아갈지, 민간 강세가 이어질지가 관심이다. ◇10월 회추위 가동 전망…후보군 하마평... ",https://www.ziksir.com/news/articleView.html?idxno=147869,https://www.ziksir.com/news/articleView.html?idxno=147869,"Sun, 04 Oct 2026 06:00:00 +0900"
관료,[김대호 인물] 마크 잔디... 뉴욕증시 곧 거품붕괴 &quot;무디스 무서운 경고...,"이 회사는 정부 관료, 월가 기관투자자, 다국적 기업들을 대상으로 방대한 계량 데이터 기반의 거시경제 전망 보고서를 제공하며 명성을 쌓았다. 이후 2005년 무디스가 이코노미닷컴을 전격 인수하면서 잔디는 무디스... ",https://www.g-enews.com/view.php?ud=202609291119126896906806b77b_1,https://www.g-enews.com/view.php?ud=202609291119126896906806b77b_1,"Sat, 03 Oct 2026 23:56:00 +0900"
관료,&quot;일자리가 고양의 미래 결정…현장에서 답 찾겠다&quot;,고양시 제공 지난 1일 취임한 오후석 고양시 제2부시장은 중앙정부와 광역·기초자치단체에서 정책과 현장을 아우른 정통 관료 출신이다. 경기도 행정2부지사로 재임하던 2023년에는 일산테크노밸리 착공식에 참석하기도... ,http://www.mygoyang.com/news/articleView.html?idxno=90579,http://www.mygoyang.com/news/articleView.html?idxno=90579,"Sat, 03 Oct 2026 21:06:00 +0900"
관료,끝내 오지 않은 국빈만찬 초청장…CEO 대기시킨 베이징 속사정 [차이나...,"미·중 정상회담 국빈만찬, 중국 CEO들 불참 “중국은 기업인 포함, 미국은 관료만” 해석 이견 미국 내 中... 모두 관료들이었다. 트럼프-시진핑 국빈 만찬. AP연합뉴스 당초 외신들은 이번 국빈방문에 중국 주요 기업... ",https://www.segye.com/newsView/20261002504638?OutUrl=naver,https://n.news.naver.com/mnews/article/022/0004163827?sid=104,"Sat, 03 Oct 2026 20:37:00 +0900"
관료,"[비구니로 다시 읽는 한국사] 제2회 '가야산의 70대 비구니, 김종직과 어...","그런데 정각암에 있던 70대 비구니가 &quot;김종직이라는 유명한 문인이자 관료가 지금 해인사에 와 있다&quot;는 사실을 알고 있습니다. 그리고 시축을 보냅니다. 누군가 그 소식을 도원에게 전했을 것이고, 또 누군가는 도원의... ",https://news.bbsi.co.kr/news/articleView.html?idxno=4110025,https://news.bbsi.co.kr/news/articleView.html?idxno=4110025,"Sat, 03 Oct 2026 20:34:00 +0900"
관료,"‘스타십 도박’ 성공한 스페이스X, NASA와 DNA 달랐다 [김기혁의 테슬라...",책의 12장 ‘NASA와 스페이스X가 맞붙은 이유’에서 다루듯 국가 예산으로 운영되며 실패를 극도로 회피하는 NASA의 보수적 관료주의와 ‘빠르게 실패하고 수정하라’는 실리콘밸리식 스페이스X의 접근법은 끊임없이... ,https://www.sedaily.com/article/20097601?ref=naver,https://n.news.naver.com/mnews/article/011/0004668027?sid=101,"Sat, 03 Oct 2026 20:01:00 +0900"
관료,"머스크, 미래 전쟁 전략 연구 참여…'이해충돌' 우려 확산",정치 전문매체 폴리티코는 현지 시간 2일 국방부(전쟁부) 전·현직 관료 9명의 의견을 종합해 머스크가 미래... 한 전직 국방부 관료는 이를 두고 당연히 이해충돌이라며 &quot;(프로젝트 메리디언에서) 어떤 결과가 나오든 국가가... ,http://mbn.mk.co.kr/pages/news/newsView.php?category=mbn00008&news_seq_no=5222916,https://n.news.naver.com/mnews/article/057/0001971881?sid=104,"Sat, 03 Oct 2026 18:02:00 +0900"
관료,충무로는 어떻게 저들의 '진지'가 됐나 [문화 진지전 ①],"CJ가 제작을 하거나 투자를 한 작품들을 보면 경찰이나 군대, 관료들이 매우 무능하고 부패한 '공공의 적'으로 묘사된 경우가 흔하다. '쉬리' '한반도' '괴물' '공공의 적' '강철중' '살인의 추억' '아저씨' '화려한 휴가' 등... ",https://www.newdaily.co.kr/site/data/html/2026/10/03/2026100300070.html,https://www.newdaily.co.kr/site/data/html/2026/10/03/2026100300070.html,"Sat, 03 Oct 2026 18:00:00 +0900"
관료,이란 작전 임박? 미군 수뇌부 비밀 회의,작년 이스라엘의 이란 공습 전에도 비슷한 회의 이란 협상단은 “미국 공식 입장 기다리고 있어” 도널드 트럼프 미국 행정부의 고위급 관료들이 2일 캠프 데이비드에 비밀리에 회의한 것으로 알려졌다. 회의는 현재... ,https://www.chosun.com/international/international_general/2026/10/03/7XM2DBVYDVC2RJY4JZFHP2BWHA/?utm_source=naver&utm_medium=referral&utm_campaign=naver-news,https://n.news.naver.com/mnews/article/023/0004001964?sid=104,"Sat, 03 Oct 2026 16:12:00 +0900"
관료,'73세' 시진핑 또 건강 이상설…美언론이 주목한 장면,시 주석이 쉬는 동안에는 백악관 관료는 물론 비서실장을 포함한 중국 대표단조차 출입이 엄격히 통제됐다. 방미 한 달 전부터 중국 사전 준비팀은 9월 24일로 예정됐던 도널드 트럼프 미국 대통령과의 업무 오찬도... ,http://www.wowtv.co.kr/NewsCenter/News/Read?articleId=A202610030026&t=NN,https://n.news.naver.com/mnews/article/215/0001268100?sid=104,"Sat, 03 Oct 2026 15:51:00 +0900"
관료,미래전쟁 전략 연구에 머스크 참여…&quot;이해충돌 우려&quot;,정치 전문매체 폴리티코는 2일(현지시간) 국방부 전·현직 관료 9명의 의견을 종합해 머스크가 미래 전쟁... 한 전직 국방부 관료는 &quot;당연히 이해충돌이다. (프로젝트 메리디언에서) 어떤 결과가 나오든 국가가 아니라... ,http://mbnmoney.mbn.co.kr/news/view?news_no=MM1005931334,http://mbnmoney.mbn.co.kr/news/view?news_no=MM1005931334,"Sat, 03 Oct 2026 14:48:00 +0900"
관료,"미국도, 인간 본성도, 톰 크루즈도 까발린 '디거' [여의도시네마]","디거 록웰의 야욕의 혜택을 함께 누린 대통령(존 굿맨)과 관료들의 태도도 다를 바 없다. 디거 록웰은 돈이, 미국 대통령은 그저 미국이 중요하다. 빙하 덩어리가 떨어져 나갔듯, 문제를 깨끗이 도려내 (미국 밖) 저 어딘가... ",https://news.mtn.co.kr/news-detail/2026093016405519169,https://news.mtn.co.kr/news-detail/2026093016405519169,"Sat, 03 Oct 2026 14:04:00 +0900"
관료,"[AI 프리즘] 'AI' 대신 'SI'?…트럼프의 '초지능' 사용 행정명령, 업계가...","만큼 관료들이 이에 따를 것이라고 했다. 트럼프는 약 일주일 전 유엔 총회 연설에서 이러한 리브랜딩을 추진하겠다고 밝혔으며, 이미 외교관들에게 해당 용어를 사용하기 시작하라고 명령했다. 그는 또한... ",http://www.wikileaks-kr.org/news/articleView.html?idxno=192682,http://www.wikileaks-kr.org/news/articleView.html?idxno=192682,"Sat, 03 Oct 2026 14:00:00 +0900"
관료,"국민의힘, 개천절 숭례문 집회로 이재명 정부 심판 총력전",판·검사 및 관료 출신 엘리트 중심의 정당 색채 탓에 거리에서 목소리를 높이는 투쟁 방식보다는 원내 협상과 제도권 내 대응에 주력해 온 것이 사실이다. 그러나 장동혁 대표 체제 이후 국민의힘은 이러한 전통적 틀을... ,https://www.fntoday.co.kr/news/articleView.html?idxno=394507,https://www.fntoday.co.kr/news/articleView.html?idxno=394507,"Sat, 03 Oct 2026 13:12:00 +0900"
관료,美 미래전쟁 전략 연구에 머스크 참여…이해상충 논란 번지나,정치 전문매체 폴리티코는 2일(현지시간) 국방부 전·현직 관료 9명의 의견을 종합해 머스크가 미래 전쟁 전략을 짜게 될 경우 복잡한 이해충돌 문제가 빚어질 수 있다고 지적했습니다. 국방부는 최근 '프로젝트 메리디언... ,https://biz.sbs.co.kr/article_hub/20000338218?division=NAVER,https://n.news.naver.com/mnews/article/374/0000536194?sid=101,"Sat, 03 Oct 2026 13:01:00 +0900"
관료,"中 연계 해커, 전 백악관 관료 사칭…美 AI 전문가 계정 노렸다","중국 정부 연계 해커 집단이 전직 백악관 관료를 사칭해 미국 인공지능(AI) 정책 전문가들의 이메일 계정... 전 백악관 관료 사칭한 계정 탈취 공작 보안기업 푸르프포인트 분석 결과, TA419는 백악관 과학기술정책실(OSTP)... ",https://www.g-enews.com/view.php?ud=202610021501364115fda4f5ab74_1,https://www.g-enews.com/view.php?ud=202610021501364115fda4f5ab74_1,"Sat, 03 Oct 2026 12:30:00 +0900"
관료,美 미래전쟁 전략 연구에 머스크 참여…&quot;이해충돌 우려&quot; 제기,정치 전문매체 폴리티코는 2일(현지시간) 국방부 전·현직 관료 9명의 의견을 종합해 머스크가 미래 전쟁... 한 전직 국방부 관료는 &quot;당연히 이해충돌이다. (프로젝트 메리디언에서) 어떤 결과가 나오든 국가가 아니라... ,https://www.yna.co.kr/view/AKR20261003027700075?input=1195m,https://n.news.naver.com/mnews/article/001/0016355399?sid=104,"Sat, 03 Oct 2026 12:24:00 +0900"
관료,&quot;사실은 사관에 우선한다&quot;… 김부식을 다시 읽다,&quot;김부식이 작성한 '사론'은 그의 사유를 직접적으로 대변합니다.&quot;(6쪽) 사론과 시문을 따라가면 여진의 금이 급부상하고 요가 멸망했으며 북송마저 남쪽으로 밀려나던 격변기에 정치와 외교 현장을 지킨 관료의 얼굴이... ,https://www.kyosu.net/news/articleView.html?idxno=210890,https://www.kyosu.net/news/articleView.html?idxno=210890,"Sat, 03 Oct 2026 12:02:00 +0900"
관료,[새 책] 은폐된 전쟁 외,"이는 관료제 화신이나 무자비한 학살자라는 단편적 초상을 넘어 스탈린의 입체적이고 모순된 내면 세계까지 규명하려는 학문적 고투다. 21세기북스·952쪽·6만9,900원 △오늘의 감각 김미경 지음. 국립중앙박물관 '뮷즈... ",https://www.hankookilbo.com/news/article/A2026092217100004467?did=NA,https://n.news.naver.com/mnews/article/469/0000957504?sid=103,"Sat, 03 Oct 2026 12:00:00 +0900"
관료,"美 공습지원 거부에도…사우디, 예멘 후티 겨냥 대규모 지상·공중전 채...",로이터통신은 2일(현지시간) 걸프 지역 관료와 서방 외교관 등 6명의 소식통을 인용해 사우디가 지난 9월 후티에 빼앗긴 홍해 핵심 요충지 바브엘만데브 해협의 통제권을 회복하기 위해 작전을 준비하고 있다고 보도했다.... ,https://www.g-enews.com/view.php?ud=202610030908047419fda4f5ab74_1,https://www.g-enews.com/view.php?ud=202610030908047419fda4f5ab74_1,"Sat, 03 Oct 2026 10:44:00 +0900"
관료,머스크 등이 주도하는 미국 &quot;전쟁 위원회&quot;,"과거 민주당과 공화당 소속 국방장관들은 수십 년 동안 군사 기술 개발을 가속화하기 위해 전문 관료와... 이 자리는 머스크에게 또 다른 잠재적인 영향력 행사처가 될 수 있는데, 그는 작년에 공격적인 관료주의 타파... ",http://www.newstown.co.kr/news/articleView.html?idxno=717615,http://www.newstown.co.kr/news/articleView.html?idxno=717615,"Sat, 03 Oct 2026 09:46:00 +0900"
관료,"[회고 영화관] '십년', 죽음이 복지가 되는 디스토피아 [유진모 칼럼]",플라톤의 '국가'가 공동체의 질서와 교육을 통해 이상적인 인간을 길러 내려 했던 고전적 유토피아의 그림자가 있다면 이 작품은 그것이 기술관료주의와 결합했을 때 얼마나 섬뜩한 형태로 변질될 수 있는지를 보여 준다.... ,https://www.mediafine.co.kr/news/articleView.html?idxno=91517,https://www.mediafine.co.kr/news/articleView.html?idxno=91517,"Sat, 03 Oct 2026 09:46:00 +0900"
관료,"정화예대 오세혁 교수 연출, '관저의 100시간', 일본 도요오카 연극제 전...","일본 르포작가 기무라 히데아키의 원작을 바탕으로 한 &lt;관저의 100시간&gt;은 동일본 대지진과 후쿠시마 원전 사고를 배경으로 재난 상황에서 드러나는 정치와 관료체계, 인간의 선택과 책임을 다룬 작품이다. 2025년... ",http://www.enewstoday.co.kr/news/articleView.html?idxno=2476900,http://www.enewstoday.co.kr/news/articleView.html?idxno=2476900,"Sat, 03 Oct 2026 08:05:00 +0900"
관료,'낙제점' 日 아시안게임…2036 전주올림픽에 던진 경고,"아사히신문은 아시안게임이 이대로 비대해지면 &quot;거액을 투입할 수 있는 나라에서만 개최할 수 있게 된다&quot;고 우려했고, JOC의 와타나베 모리나리 부회장은 &quot;정치인이나 관료가 아니라 스포츠 지식이 있는 리더가 필요하다... ",https://www.sisajournal.com/news/articleView.html?idxno=388901,https://n.news.naver.com/mnews/article/586/0000139374?sid=104,"Sat, 03 Oct 2026 08:00:00 +0900"
박수영,[국민의힘 리더스] 숫자·논리로 입증한 '품격 보수' 박수영…경제통 넘...,박수영 국민의힘 의원이 경제·재정 분야의 전문성을 바탕으로 당의 정책 대응을 이끄는 핵심 인물로 입지를... 수락한 박수영 의원은 정부 경제정책 검증과 대안 마련에 앞장서며 지도부와 동료 의원들의 신뢰를 얻고... ,https://www.dailian.co.kr/news/view/1697537/?sc=Naver,https://n.news.naver.com/mnews/article/119/0003139323?sid=100,"Sun, 04 Oct 2026 08:00:00 +0900"
박수영,"제주 읍면 생활거점시설, 지속가능한 운영의 길을 찾다","이어진 종합토론에서는 이권능 사회정책연구소 소장이 좌장을 맡은 가운데 박수영 착한동네 대표, 강석보 세화리 도시재생현장지원센터 센터장과 발제자들이 참여해 생활거점시설의 운영 방향을 논의했다. 토론에서는... ",https://www.headlinejeju.co.kr/news/articleView.html?idxno=599964,https://www.headlinejeju.co.kr/news/articleView.html?idxno=599964,"Sat, 03 Oct 2026 15:50:00 +0900"
박수영,제주 마을에 세운 생활거점시설…&quot;이제는 운영에 관심 모아야&quot;,"사회정책연구소 이권능 소장이 좌장을 맡고, 박수영 착한동네 대표와 강석보 세화리 도시재생현장지원센터 센터장, 발제자들이 참여했다. 참석 주민들도 각 시설의 운영 경험과 의견을 나눴다. 문만석 제주특별자치도... ",https://www.gukjenews.com/news/articleView.html?idxno=3712482,https://www.gukjenews.com/news/articleView.html?idxno=3712482,"Sat, 03 Oct 2026 14:14:00 +0900"
박수영,"국민의힘, 장동혁·정점식 지도부 이재명정권 안보·민생 총체적 실정 ...", 박수영 의원 ('삼전닉스' ETF 부실 추진 및 투자자 보호 방치 규탄) 국회 재정경제기획위원회 소속 국민의힘 박수영 의원(부산 남구)은 이른바 '삼전닉스' 단일종목 ETF 상품 출시 전후 금융투자협회와... ,http://www.breaknews.com/1240860,http://www.breaknews.com/1240860,"Sat, 03 Oct 2026 10:20:00 +0900"
박수영,"[이슈체크] 검은 돈 판치는 코인시장, 신뢰 더 망가뜨리나…정치권은 또...","9월 29일 관세청이 박수영 국민의힘 의원실에 제출한 자료에 따르면, 2018년부터 지난 7월까지 가상자산을 이용한 환치기 규모는 12조1407억원에 달했다. 관세청이 이 기간동안 적발한 전체 환치기 금액의 67%이며, 이와... ",https://www.tfmedia.co.kr/news/article.html?no=207686,https://www.tfmedia.co.kr/news/article.html?no=207686,"Sat, 03 Oct 2026 08:46:00 +0900"
박수영,&quot;삼전닉스 ETF 출시 때 투자자 보호 대신 시장 확대만 급급&quot;,국회 재정경제기획위원회 소속 국민의힘 박수영 의원은 3일 금융투자협회(금투협) 자료 등을 근거로 이같이 밝힌 뒤 “투자자 보호에 앞장서야 할 금융당국이 6·3 지방선거 전 주가 부양에 올인한 채 시장 모니터링을... ,http://www.kookje.co.kr/news2011/asp/newsbody.asp?code=0200&key=20261003.99099000588,https://n.news.naver.com/mnews/article/658/0000157350?sid=101,"Sat, 03 Oct 2026 07:09:00 +0900"
박수영,이 투샷을 보다니...명배우 캐스팅으로 벌써 반응 난리난 '한국 영화',"김윤석, 구교환 외에 박수영, 노윤서 등도 출연한다.이번에 공개된 1차 예고편은 눈으로 하얗게 덮인 설오역에서 출발한다. 갑수와 현택은 선로를 점검하러 터널 안으로 들어간다. 현택이 &quot;아무 일도 안 일어나겠다&quot;며... ",https://www.wikitree.co.kr/articles/1163294,https://www.wikitree.co.kr/articles/1163294,"Sat, 03 Oct 2026 06:50:00 +0900"
박수영,"[2026 국감] 금융당국·금투업계, 삼전닉스 레버리지 소비자보호 뒷전?","3일 국회 재정경제기획위원회 소속 박수영 국민의힘 의원실이 단일종목 레버리지 출시 전후로 진행된 금융투자협회와 자산운용업계 간 회의 내용을 확보해 분석한 결과, 업계 초점은 소비자 보호보다 시장 확대에... ",https://www.dailian.co.kr/news/view/1697609/?sc=Naver,https://n.news.naver.com/mnews/article/119/0003139197?sid=101,"Sat, 03 Oct 2026 00:11:00 +0900"
박수영,"박수영 의원 “삼전닉스 ETF, 출시 전후에도 변동성 경고 없었다”","국민의힘 박수영 의원(재정경제기획위·부산 남구)이 2일 공개한 '금투협-자산운용사 기획임원단 회의(5월 26일)' 와 '금투협-자산운용사 사장단 회의(5월 28일)' 자료에 따르면, 두 회의 모두 ‘삼전닉스’ 출시 직전과 직후... ",https://www.tfmedia.co.kr/news/article.html?no=207678,https://www.tfmedia.co.kr/news/article.html?no=207678,"Fri, 02 Oct 2026 17:56:00 +0900"
박수영,“잘못 낸 세금 돌려주세요”…6년간 과오납환급 42조원 넘어,"박수영 국민의힘 국회의원(부산 남구)이 국세청으로부터 제출받은 자료에 따르면 2020년부터 2025년까지... 박수영 의원은 “세금은 국민이 스스로 신고하고 납부해야 하는 경우가 많은데, 세제가 복잡해질수록... ",https://www.nongmin.com/article/20261002500056,https://n.news.naver.com/mnews/article/662/0000105491?sid=102,"Fri, 02 Oct 2026 17:41:00 +0900"
박수영,'삼전닉스 ETF' 출시 당시 금융당국·업계는 '세금면제·규제완화'에만...,"박수영 의원 '롤러코스피'를 만든 이른바 '삼전닉스' 단일종목 ETF(상장지수펀드) 출시 다음 날, 금융투자협회... 국회 재정경제기획위원회 박수영 의원(국민의힘)은 '금투협-자산운용사 기획임원단 회의(2026년 5월 26일)'와... ",http://www.intn.co.kr/news/articleView.html?idxno=2053811,http://www.intn.co.kr/news/articleView.html?idxno=2053811,"Fri, 02 Oct 2026 16:20:00 +0900"
박수영,'호남권 메가프로젝트' 89조 사업 예타 면제...묻지마 퍼주기 논란,"2일 국회 재정경제기획위원회 소속 박수영 의원이 국회에 제출된 2027년도 기금운용계획안 첨부서류 등을 분석한 결과, 내년도 예산안에 포함된 사업 중 국무회의에서 호남권 등 메가프로젝트 관련으로 예타 면제가... ",http://www.joseilbo.com/news/news_read.php?uid=576777&class=32&grp=,https://n.news.naver.com/mnews/article/123/0002391250?sid=100,"Fri, 02 Oct 2026 15:21:00 +0900"
박수영,"전략수출기금 국회 문턱에…정부, 상생기여금 '절충' 고심","현재 국회에는 한정애·안도걸 더불어민주당 의원과 박수영 국민의힘 의원이 각각 대표발의한... 반면 박수영 의원안에는 상생기여금 부과 조항이 없다. 정부와 정책금융기관 출연금, 기금채권 발행자금 등을 통해 재원을... ",https://www.newspim.com/news/view/20261002000790,https://www.newspim.com/news/view/20261002000790,"Fri, 02 Oct 2026 14:24:00 +0900"
박수영,아펜젤러의 개척정신 잇는다…미래 리더십 모색,섬김의 자세로 새로운 길을 열어온 리더십의 역사&quot;라며 &quot;배재 고유의 정체성을 현대적으로 재해석하고 구성원 간 연대를 강화해 우리 사회의 미래를 이끌어갈 책임 있는 리더십 모델을 제시하겠다&quot;고 말했다.박수영 기자,https://www.joongdo.co.kr/web/view.php?key=20261002010000504,https://www.joongdo.co.kr/web/view.php?key=20261002010000504,"Fri, 02 Oct 2026 13:22:00 +0900"
박수영,"[개봉영화] 차별화된 액션, ‘부활남:더 레드’…솔직한 가족 이야기, ‘...","영국 작가 가이 배스의 동명 소설을 원작으로 한 영국 애니메이션으로 황정민과 추영우, 레드벨벳의 조이 박수영이 목소리 연기에 동참했습니다. KBS 뉴스 김상협입니다. 촬영기자:이경구 한상윤/영상편집:임호준... ",https://news.kbs.co.kr/news/pc/view/view.do?ncd=8676624&ref=A,https://n.news.naver.com/mnews/article/056/0012267031?sid=103,"Fri, 02 Oct 2026 12:52:00 +0900"
박대출,NH농협은행 5년여간 426명 징계…횡령·부당대출 등 잇따라,"오늘(4일) 국회 정무위원회 소속 박대출 국민의힘 의원이 금융감독원에서 받은 자료에 따르면, 2021년 1월부터 지난 8월까지 NH농협은행의 징계 건수는 426건이었습니다. 징계 이유는 복무규정 및 임직원행동지침... ",http://www.yonhapnewstv.co.kr/news/AKR20261004084853WUV,https://n.news.naver.com/mnews/article/422/0000912374?sid=101,"Sun, 04 Oct 2026 08:49:00 +0900"
박대출,"NH농협은행, 횡령, 부당대출 등 직원 400여명 징계","4일 국회 정무위원회 소속 박대출 국민의힘 의원이 금융감독원에서 받은 자료에 따르면, 2021년 1월부터 지난 8월까지 NH농협은행의 징계 건수는 426건으로 나타났다. 징계 이유로는 복무규정 및 임직원행동지침... ",https://www.daejonilbo.com/news/articleView.html?idxno=2304915,https://n.news.naver.com/mnews/article/656/0000188499?sid=101,"Sun, 04 Oct 2026 07:24:00 +0900"
박대출,횡령·부당대출 등…NH농협은행 5년여간 426명 징계,"4일 국회 정무위원회 소속 박대출 국민의힘 의원이 금융감독원에서 받은 자료에 따르면, 2021년 1월부터 지난 8월까지 NH농협은행의 징계 건수는 426건이었다. 징계 이유는 복무규정 및 임직원행동지침 위반이 100건... ",https://www.yna.co.kr/view/AKR20261002180700002?input=1195m,https://n.news.naver.com/mnews/article/001/0016356184?sid=101,"Sun, 04 Oct 2026 05:59:00 +0900"
박성훈,"국민의힘, 은행권 해킹사태에 &quot;전 금융권 점수점검&quot;",박성훈 수석대변인은 지난 3일자 논평에서 &quot;은행 보안은 국민의 재산과 신용을 지키는 금융시스템의 최후 방어선&quot;이라며 &quot;단순 개인정보 유출을 넘어 대한민국 금융안보의 방어망에 경고음이 울린 사안으로 봐야 한다&quot;며... ,https://www.financialpost.co.kr/news/articleView.html?idxno=278676,https://www.financialpost.co.kr/news/articleView.html?idxno=278676,"Sun, 04 Oct 2026 08:24:00 +0900"
박성훈,현금·주식 2300억 뿌린 증권사…서학개미에 2년간 980억 쏟았다,"증권사 10곳, 4년여간 현금성 지급액 2300억 넘어 국회 정무위원회 소속 박성훈 국민의힘 의원이 금융감독원에서 받은 '증권사 위탁매매 관련 이벤트 세부현황'을 분석해보면, 주요 증권사 10곳이 2022년부터... ",https://www.nocutnews.co.kr/news/6586700?utm_source=naver&utm_medium=article&utm_campaign=20261004050044,https://n.news.naver.com/mnews/article/079/0004195489?sid=101,"Sun, 04 Oct 2026 05:01:00 +0900"
박성훈,&quot;韓 축구 무려 20명 병역 특례&quot; AG 4연패와 함께 찾아온 '초대형 선물'....,"(인천), 박성훈(서울), 배현서(경남), 신민하(강원), 최석현(울산), 최우진(전북), 김민승(파주), 이승환(충북청주) 등 20명이다. 특히 이번 병역특례는 선수들의 향후 커리어에 상당한 힘이 될 전망이다. 가장 극적으로 병역... ",https://www.starnewskorea.com/sports/2026/10/04/2026100400151492998,https://m.sports.naver.com/kfootball/article/108/0003475770,"Sun, 04 Oct 2026 04:40:00 +0900"
박성훈,"국민의힘, 1년 만에 대규모 장외집회… &quot;이재명 정권 심판&quot; 총공세",투쟁보다는 다가오는 국정감사 등 원내 활동에 역량을 집중할 계획이다. 박성훈 수석대변인은 오늘 집회가 국감을 앞두고 국민적 여론을 결집하는 기폭제가 될 것이라며 향후 국정감사 승부에 집중하겠다는 입장을 밝혔다.,https://www.gukjenews.com/news/articleView.html?idxno=3712629,https://www.gukjenews.com/news/articleView.html?idxno=3712629,"Sun, 04 Oct 2026 00:20:00 +0900"
박성훈,"[현장] &quot;이재명 독재에 대한민국 지옥&quot;…국힘, '李 정권 심판 ' 장외집회",박성훈 수석대변인은 이날 국회에서 기자들과 만나 &quot;오늘 이후 예정된 집회는 없다&quot;고 했다. 국민의힘은 이날 오후 3시께 서울 숭례문 앞에서 '이재명 정권 심판 민생회복·안보수호 국민행동대회'를 열었다. 국민의힘... ,http://www.sisafocus.co.kr/news/articleView.html?idxno=365774,http://www.sisafocus.co.kr/news/articleView.html?idxno=365774,"Sat, 03 Oct 2026 22:54:00 +0900"
박성훈,'고민 해결' 엄지성 배준호 양민혁 이기혁 군대 안 간다! 일본 좌절→한...,"강상윤(전북현대), 황도윤(FC서울), 박성훈(FC서울), 배현서(경남FC), 신민하(강원FC), 최석현(울산HD), 최우진(전북 현대), 김민승(파주 프런티어FC), 이승환(충북청주FC), 강민준(포항 스틸러스), 박경섭(인천 유나이티드)... ",https://www.mydaily.co.kr/page/view/2026100321162855416,https://m.sports.naver.com/kfootball/article/117/0004111928,"Sat, 03 Oct 2026 22:41:00 +0900"
박성훈,"군대 안 간다! 상무 입대 앞뒀던 26살 이기혁, AG 금메달로 '인생 역전'...",김명준(헹크) 강상윤(전북) 박승수(뉴캐슬) 배준호(스토크시티) 양민혁(베스테를로) 양현준(셀틱) 엄지성(스완지시티) 이기혁(강원) 이현주(아로카) 황도윤(서울) 강민준(포항) 김지수(브렌트퍼드) 박경섭(인천) 박성훈... ,https://www.sportschosun.com/football/2026-10-03/202610030100024410001462,https://m.sports.naver.com/kfootball/article/076/0004452686,"Sat, 03 Oct 2026 22:14:00 +0900"
박성훈,"[아주경제 오늘의 뉴스 종합] 北, 김여정 대남 비난 이튿날 동해상 탄도...",박성훈 수석대변인은 국회에서 취재진에게 &quot;오늘 이후 예정된 장외집회 계획은 없다&quot;며 &quot;국감을 통해 민생과 안보 참사에 대한 국민 분노가 제대로 전달되기 위해 오늘 집회가 기폭제가 되리라 확신한다&quot;고 말했다.... ,https://www.ajunews.com/view/20261003214000645,https://www.ajunews.com/view/20261003214000645,"Sat, 03 Oct 2026 21:44:00 +0900"
박성훈,韓 축구 아시안게임 4연속 금메달 해냈다!…양민혁 번뜩 압박+크로스→...,"벤치에는 김민승, 이승환, 강민준, 최우진, 박성훈, 양현준, 이현주, 황도윤, 김명준, 박승수, 박경섭이 대기한다. 일본도 한국과 같은 4-2-3-1 전형으로 맞섰다. 아라키 루이 골키퍼가 골문을 지켰고 우메키 레이, 이치하라... ",https://www.xportsnews.com/article/2203918,https://m.sports.naver.com/kfootball/article/311/0002065190,"Sat, 03 Oct 2026 21:24:00 +0900"
박성훈,[현장 REVIEW] '양민혁-배준호 군면제 확정!' 金金金金 한국 축구 AG 4연...,"벤치에는 김민승, 이승환, 강민준, 최우진, 박성훈, 양현준, 강상윤, 이현주, 황도윤, 김명준, 박승수, 박경섭을 앉혔다. 오이와 고 감독이 지휘하는 일본은 아라키 루이, 우메키 레이, 이치하라 리온, 이시이 히사쓰구... ",https://www.spotvnews.co.kr/news/articleView.html?idxno=1011229,https://m.sports.naver.com/kfootball/article/477/0000631425,"Sat, 03 Oct 2026 21:23:00 +0900"
박성훈,"[속보] 양민혁이 해냈다!→미친 투지의 크로스, 엄지성 마무리!...한국 ...","벤치에는 김민승, 이승환, 강민준, 최우진, 박성훈, 양현준, 강상윤, 이현주, 황도윤, 김명준, 박승수, 박경섭을 앉혔다. 오이와 고 감독이 지휘하는 일본은 아라키 루이, 우메키 레이, 이치하라 리온, 이시이 히사쓰구... ",https://www.spotvnews.co.kr/news/articleView.html?idxno=1011228,https://m.sports.naver.com/kfootball/article/477/0000631424,"Sat, 03 Oct 2026 20:54:00 +0900"
박성훈,"국민의힘, 1년 만에 서울도심 '대규모 장외집회'… 숭례문서 &quot;이재명 정...",박성훈 수석대변인은 국회에서 취재진과 만나 &quot;오늘 이후 예정된 추가 장외집회 계획은 없다&quot;며 &quot;국감을 통해 민생 파탄과 안보 참사에 대한 국민의 분노가 제대로 전달되도록 오늘 집회가 강력한 기폭제가 될 것으로... ,https://www.fntoday.co.kr/news/articleView.html?idxno=394526,https://www.fntoday.co.kr/news/articleView.html?idxno=394526,"Sat, 03 Oct 2026 20:38:00 +0900"
박성훈,"韓 축구 4연패 도전 쉽지 않다→4만명 몰려든 역대급 AG 한·일전, 이민...","벤치에는 김민승, 이승환, 강민준, 최우진, 박성훈, 양현준, 이현주, 황도윤, 김명준, 박승수, 박경섭이 대기한다. 일본도 한국과 같은 4-2-3-1 전형으로 맞섰다. 아라키 루이 골키퍼가 골문을 지켰고 우메키 레이, 이치하라... ",https://www.xportsnews.com/article/2203884,https://m.sports.naver.com/kfootball/article/311/0002065158,"Sat, 03 Oct 2026 20:28:00 +0900"
박성훈,"국힘, 1년 만에 거리로…&quot;이성 상실한 독재에 대한민국 무너져&quot;","박성훈 수석대변인은 기자들과 만나 &quot;오늘 이후 예정된 집회는 없다&quot;며 &quot;민생을 향한 국민의 목소리, 안보 참사를 향한 국민의 분노가 국정감사에서 제대로 전달되고 책임을 소상히 묻는 데 오늘 집회가 기폭제가 될 것... ",https://www.shinailbo.co.kr/news/articleView.html?idxno=5068444,https://www.shinailbo.co.kr/news/articleView.html?idxno=5068444,"Sat, 03 Oct 2026 20:26:00 +0900"
박성훈,"[전수검증 ①] 647억은 취소, 153억은 7억 됐다…공정위 과징금 ‘첫 숫...",박성훈 의원실 자료에서 올해 7월까지 순환급액은 1065억4100만원이다. 2022∼2025년 연간액은 555억200만∼974억8800만원이었다. 지난해 698억4400만원보다는 52.5% 많다.... ,http://www.breaknews.com/1240895,http://www.breaknews.com/1240895,"Sat, 03 Oct 2026 20:22:00 +0900"
박성훈,"'한일 축구 격차 확실' 또 불거진 무전술 논란, 두 살 어린 일본 상대 유...","벤치에는 김민승, 이승환, 강민준, 최우진, 박성훈, 양현준, 강상윤, 이현주, 황도윤, 김명준, 박승수, 박경섭을 앉혔다. 오이와 고 감독이 지휘하는 일본은 아라키 루이, 우메키 레이, 이치하라 리온, 이시이 히사쓰구... ",https://www.spotvnews.co.kr/news/articleView.html?idxno=1011223,https://m.sports.naver.com/kfootball/article/477/0000631423,"Sat, 03 Oct 2026 20:20:00 +0900"
박성훈,與 &quot;北 도발 중단·우크라 사과&quot;…野 &quot;선택적 분노&quot;,"&lt;박성훈 / 국민의힘 수석대변인&gt; &quot;북한 앞에서는 굴종하고 침묵하며, 우방국 앞에서는 호통을 치는 이 대통령의 선택적 분노에는 도대체 어떤 기준이 있는 것입니까.&quot; 무소속 한동훈 의원도 &quot;북한 탄도 미사일 발사도 불의의... ",http://www.yonhapnewstv.co.kr/news/MYH202610032014309cj,https://n.news.naver.com/mnews/article/422/0000912317?sid=161,"Sat, 03 Oct 2026 20:15:00 +0900"
박성훈,국힘 1년 만에 장외집회…민주 “장동혁 세 과시”,박성훈 국민의힘 수석대변인은 “오늘 이후 예정된 장외집회 계획은 없다”며 “국감을 통해 민생과 안보 참사에 대한 국민 분노가 제대로 전달되기 위해 오늘 집회가 기폭제가 되리라 확신한다”고 말했다.,https://www.kwnews.co.kr/article/20261003500171,https://n.news.naver.com/mnews/article/087/0001221833?sid=100,"Sat, 03 Oct 2026 20:07:00 +0900"
박성훈,"국힘, 1년만에 장외로…장동혁 &quot;李지지율, 10%대로 평탄화될 것&quot;",박성훈 수석대변인은 국회에서 기자들과 만나 &quot;오늘 이후 예정된 (장외)집회는 없고 미정인 상태&quot;라며 &quot;(오늘 행사는) 다음 주 국감에 앞서 실정을 알리고 정부를 향한 분노를 생생하게 전달하는 자리&quot;라고 전했다.,https://www.nocutnews.co.kr/news/6586884?utm_source=naver&utm_medium=article&utm_campaign=20261003100640,https://n.news.naver.com/mnews/article/079/0004195476?sid=100,"Sat, 03 Oct 2026 20:07:00 +0900"
박성훈,전국 보훈병원 의사 4명 중 1명 퇴직…48명 모자라,국회 정무위원회 소속 박성훈 국민의힘 의원이 어제 한국보훈복지의료공단에서 받은 자료에따르면 지난해 보훈병원 의사직 퇴직률은 23%였습니다. 이는 2022년 24%에 이어 최근 10년간 두 번째로 높은 수준으로 지난... ,https://www.obsnews.co.kr/news/articleView.html?idxno=1539423,https://www.obsnews.co.kr/news/articleView.html?idxno=1539423,"Sat, 03 Oct 2026 20:06:00 +0900"
박성훈,"국힘, 숭례문서 대규모 장외집회…&quot;이재명 독재에 민생·안보·치안 모두...","박성훈 수석대변인은 국회에서 기자들과 만나 &quot;오늘 이후 예정된 집회는 없다&quot;며 &quot;민생을 향한 국민의 목소리, 안보 참사를 향한 국민의 분노가 국정감사에서 제대로 전달되고 책임을 소상히 묻는 데 오늘 집회가 기폭제가... ",https://www.newsis.com/view/NISX20261003_0003813680,https://n.news.naver.com/mnews/article/003/0014232115?sid=100,"Sat, 03 Oct 2026 20:02:00 +0900"
박성훈,"'금메달' 걸린 한일전, 선발 공개⋯양민혁·배준호 출격 '중계' 어디서?...","벤치에는 김민승, 이승환, 강민준, 최우진, 박성훈, 양현준, 이현주, 황도윤, 김명준, 박승수, 박경섭이 대기한다. 한국은 이번 대회 전승으로 결승에 올랐다. 조별리그에서 카타르를 4-1, 사우디아라비아를 2-0으로... ",https://www.etoday.co.kr/news/view/2632309,https://www.etoday.co.kr/news/view/2632309,"Sat, 03 Oct 2026 19:18:00 +0900"
박성훈,국힘 “돌아오는 건 北 조롱 뿐…‘종북 구걸 정책’ 폐기하라”,3일 박성훈 국민의힘 수석대변인은 이날 논평에서 “이재명 대통령이 북한의 눈치를 보며 굴종적인 자세로 일관한 결과 돌아온 것은 북한의 오만한 훈시와 조롱뿐이었다”며 “굴종적인 ‘종북 구걸 정책’을 폐기하라”... ,https://www.munhwa.com/article/11621263?ref=naver,https://n.news.naver.com/mnews/article/021/0002822924?sid=100,"Sat, 03 Oct 2026 19:04:00 +0900"
박성훈,"“국민과 국방 포기한 대통령, 국민이 거부해야”…국민의힘 서울서 대...",박성훈 수석대변인은 국회에서 기자들과 만나 “오늘 이후 예정된 장외 집회 계획은 없다”면서 “국감을 통해 민생과 안보 참사에 대한 국민 분노가 제대로 전달되기 위해 오늘 집회가 기폭제가 되리라 확신한다”고... ,https://news.kbs.co.kr/news/pc/view/view.do?ncd=8677195&ref=A,https://n.news.naver.com/mnews/article/056/0012267467?sid=100,"Sat, 03 Oct 2026 18:59:00 +0900"
박성훈,국힘 대규모 장외 집회…&quot;민생회복·안보수호&quot;,박성훈 수석대변인은 이날 국회에서 기자들과 만나 &quot;오늘 이후 예정된 장외집회 계획은 없다&quot;며 &quot;국감을 통해 민생과 안보 참사에 대한 국민 분노가 제대로 전달되기 위해 오늘 집회가 기폭제가 되리라 확신한다&quot;고... ,http://www.yonhapnewstv.co.kr/news/AKR202610031855287Dw,https://n.news.naver.com/mnews/article/422/0000912304?sid=100,"Sat, 03 Oct 2026 18:56:00 +0900"
박성훈,韓 축구 'AG 4연패' 향해→이영준+배준호+엄지성 유럽파 트리오 총출동...,"2선에 엄지성, 배준호, 양민혁, 최전방에 이영준이 출격한다. 벤치에는 김민승, 이승환, 강민준, 최우진, 박성훈, 양현준, 이현주, 황도윤, 김명준, 박승수, 박경섭이 대기한다. 사진=엑스포츠뉴스DB / 연합뉴스",https://www.xportsnews.com/article/2203873,https://m.sports.naver.com/kfootball/article/311/0002065129,"Sat, 03 Oct 2026 18:51:00 +0900"
박성훈,"'대망의 결승 韓日전' 이민성호, 일본 꺾고 '금메달 4연패' 쓸까…배준...","교체 명단에는 강민준, 최우진, 박성훈, 양현준, 김민승, 강상윤, 이현주, 황도윤, 김명준, 박승수, 박경섭, 이승환이 이름을 올렸다. 이에 맞서는 일본은 아라키 루이, 우메키 레이, 이치하라 리온, 이시이 히사쓰구... ",https://www.sportalkorea.com/news/articleView.html?idxno=2025052909553588165,https://m.sports.naver.com/kfootball/article/139/0002253998,"Sat, 03 Oct 2026 18:47:00 +0900"
박성훈,"‘운명의 한일전’ 4연패 도전! 이민성 감독, 파격 결정 ‘양민혁 선발...","벤치에는 김민승, 이승환, 강민준, 최우진, 박성훈, 양현준, 강상윤, 이현주, 황도윤, 김명준, 박승수, 박경섭이 앉는다. 한국은 이번 대회 조별리그부터 결승까지 전승으로 올라왔다. D조 첫 경기에서 엄지성의... ",https://www.spotvnews.co.kr/news/articleView.html?idxno=1011217,https://m.sports.naver.com/kfootball/article/477/0000631418,"Sat, 03 Oct 2026 18:38:00 +0900"
박성훈,"국힘, 1년 만에 대규모 장외집회 “사법파괴·안보참사에 국민 분노”",박성훈 수석대변인은 “오늘 이후 예정된 장외집회 계획은 없다”며 “국감을 통해 민생과 안보 참사에 대한 국민 분노가 제대로 전달되기 위해 오늘 집회가 기폭제가 되리라 확신한다”고 했다. 민주 “장동혁 대표 세... ,https://www.joongang.co.kr/article/25466917,https://n.news.naver.com/mnews/article/025/0003555543?sid=100,"Sat, 03 Oct 2026 18:38:00 +0900"
박성훈,한국 일본 아시안게임 축구 결승 중계 시간·선발 라인업,"골키퍼는 김민승·김준홍·이승환이며, 수비진에는 강민준·김지수·박경섭·박성훈·배현서·신민하·최석현·최우진이 이름을 올렸다. 중원과 측면 공격 자원으로는 강상윤·박승수·배준호·양민혁·이승원·이현주... ",https://www.bntnews.co.kr/article/view/bnt202610030146,https://www.bntnews.co.kr/article/view/bnt202610030146,"Sat, 03 Oct 2026 18:34:00 +0900"
유상범,83%가 위장전입…민간아파트 부정청약 5년간 1699건 적발,4일 국회 국토교통위원회 소속 국민의힘 유상범 의원이 국토교통부로부터 제출받은 ‘민간 분양 사업장 현장점검 결과 위반사항 적발 및 조치 실적’에 따르면 2021년부터 지난해 6월까지 전국 350개 민간분양... ,http://www.kookje.co.kr/news2011/asp/newsbody.asp?code=0200&key=20261004.99099000639,https://n.news.naver.com/mnews/article/658/0000157381?sid=101,"Sun, 04 Oct 2026 08:41:00 +0900"
유상범,청약 가점의 그늘…민간아파트 부정적발 &quot;5년간 1천700건 육박&quot;,4일 국회 국토교통위원회 소속 국민의힘 유상범 의원이 국토교통부로부터 확보한 '민간 분양 사업장... 유상범 의원은 &quot;부정 청약과 시행사 측의 임의 분양은 그동안 점수를 차곡차곡 쌓으며 공정한 기회를 고대해온... ,https://www.youthdaily.co.kr/news/article.html?no=227927,https://www.youthdaily.co.kr/news/article.html?no=227927,"Sun, 04 Oct 2026 08:36:00 +0900"
유상범,민간 아파트 '꼼수' 청약 5년새 1600건 돌파,4일 국회 국토교통위원회 소속 국민의힘 유상범 의원이 국토교통부로부터 제출받은 '민간 분양 사업장 현장점검 결과 위반사항 적발 및 조치 실적'에 따르면 지난 2021년부터 작년 6월까지 전국 350개 민간분양 단지... ,https://www.fnnews.com/news/202610040803103496,https://n.news.naver.com/mnews/article/014/0005584618?sid=101,"Sun, 04 Oct 2026 08:27:00 +0900"
유상범,"민간아파트 부정청약 5년간 1,699건 적발…'깜깜이 특혜 분양'도","국회 국토교통위원회 소속 국민의힘 유상범 의원실에 따르면 국토교통부는 지난 2021년부터 지난해 6월까지 전국 350개 민간분양 단지를 점검한 결과 이같이 적발해 수사의뢰 조치했습니다. 이 중 위장전입이 1,380건으로... ",http://www.yonhapnewstv.co.kr/news/AKR20261004082443dhN,https://n.news.naver.com/mnews/article/422/0000912368?sid=101,"Sun, 04 Oct 2026 08:25:00 +0900"
유상범,전국 부정청약 1669건...위장전입이 82.7%,▲부양가족 가점 노린 위장전입 1380건 4일 국회 국토교통위원회 소속 국민의힘 유상범 의원이... 유상범 의원은 &quot;부정청약과 사업 주체의 임의공급은 청약 가점을 성실히 쌓으며 공정한 기회를 기다려온 무주택 서민과... ,http://www.hansbiz.co.kr/news/articleView.html?idxno=869993,http://www.hansbiz.co.kr/news/articleView.html?idxno=869993,"Sun, 04 Oct 2026 08:20:00 +0900"
유상범,&quot;민간 아파트 부정청약 1천700건 적발&quot;…위장전입 80%,4일 국회 국토교통위원회 소속 국민의힘 유상범 의원이 국토교통부로부터 제출받은 '민간 분양 사업장... 유상범 의원은 &quot;부정청약과 사업 주체의 임의공급은 청약 가점을 성실히 쌓으며 공정한 기회를 기다려온... ,https://www.jnilbo.com/news/articleView.html?idxno=90000070764,https://www.jnilbo.com/news/articleView.html?idxno=90000070764,"Sun, 04 Oct 2026 08:13:00 +0900"
유상범,민간아파트 부정청약 적발 5년간 1천699건…83%가 위장전입,4일 국회 국토교통위원회 소속 국민의힘 유상범 의원이 국토교통부로부터 제출받은 '민간 분양 사업장... 유상범 의원은 &quot;부정청약과 사업 주체의 임의공급은 청약 가점을 성실히 쌓으며 공정한 기회를 기다려온... ,https://www.yna.co.kr/view/AKR20261004004000003?input=1195m,https://n.news.naver.com/mnews/article/001/0016356240?sid=101,"Sun, 04 Oct 2026 07:03:00 +0900"
유상범,LH 승인 뒤 3년 넘게 미착공 공공임대 1.3만호…38%는 취소 수순,국회 국토교통위원회 소속 유상범 국민의힘 의원(강원 홍천·횡성·영월·평창)이 LH로부터 제출받은 'LH 공공임대주택 사업승인 후 미착공 및 착공 지연 실태 점검' 자료에 따르면 올해 8월 말 기준 사업승인 뒤... ,https://www.news1.kr/politics/assembly/6309160,https://n.news.naver.com/mnews/article/421/0009208560?sid=100,"Sun, 04 Oct 2026 06:00:00 +0900"
유상범,"국힘, 1년 만에 '거리'로⋯숭례문 집회 현역 의원 대거 집결[현장]","현장에는 장동혁 대표와 정점식 원내대표, 정희용 사무총장 등 당 지도부를 비롯해 박덕흠 국회부의장, 김기현 전 대표, 윤재옥 전 원내대표, 안철수·나경원·유상범·신동욱·조배숙·조정훈·김태규 의원 등 현역 의원들이... ",http://www.inews24.com/view/2011651,https://n.news.naver.com/mnews/article/031/0001063325?sid=100,"Sat, 03 Oct 2026 15:58:00 +0900"
유상범,"국민의힘, 장동혁·정점식 지도부 이재명정권 안보·민생 총체적 실정 ...", 유상범 의원(국토교통부 PIS 펀드 수백억 대 부실 및 깜깜이 관리 실태 고발) 국회 국토교통위원회 소속 국민의힘 유상범 의원은 국토교통부가 해외 인프라 수주 지원을 위해 조성한 '플랜트·인프라... ,http://www.breaknews.com/1240860,http://www.breaknews.com/1240860,"Sat, 03 Oct 2026 10:20:00 +0900"
유상범,"'공급 부족 외치는데'…LH 임대주택 1만가구, 2년 넘게 ‘빈집’",3일 국회 국토교통위원회 소속 유상범 국민의힘 의원이 LH에서 제출받은 자료에 따르면 올해 7월 기준... 유상범 의원은 &quot;정부가 도심 내 주택 공급을 늘리겠다며 대책을 쏟아내는 와중에 이미 수천억원의 국비를... ,http://www.joseilbo.com/news/news_read.php?uid=576807&class=16&grp=,https://n.news.naver.com/mnews/article/123/0002391279?sid=101,"Sat, 03 Oct 2026 09:19:00 +0900"
유상범,“호가 1억 뛰었어요” 세종 집값 들썩인다는데…정말 그럴까[100투더세...,유상범 국민의힘 의원실이 국토교통부에서 받은 ‘2026년 6월 기준 혁신도시 이전 공공기관 종사자 이주 및 정착 현황’에 따르면 지난 2010년부터 2019년까지 진행된 1차 공공기관 지방 이전 대상 직원은 총 4만8128명으로... ,https://www.segye.com/newsView/20261002515124?OutUrl=naver,https://n.news.naver.com/mnews/article/022/0004163749?sid=101,"Sat, 03 Oct 2026 08:02:00 +0900"
유상범,유상범 &quot;국토부 PIS펀드 '관리 경고등'…1단계 346억 확정손실&quot;,"유상범 국민의힘 의원(강원 홍천군·횡성군·영월군·평창군). [사진 = 유상범 의원실] 해외 인프라 수주를 뒷받침하기 위해 정부와 공공기관, 민간이 함께 조성한 플랜트·인프라·스마트시티(PIS) 펀드가 투자 손실과... ",https://www.apnews.kr/news/articleView.html?idxno=3051703,https://www.apnews.kr/news/articleView.html?idxno=3051703,"Sat, 03 Oct 2026 05:16:00 +0900"
유상범,&quot;갓 쪄낸 찐빵 맛보세요&quot;…횡성 안흥찐빵 축제 막 올라,"개막식에는 유상범 국회의원과 박승남 횡성군의회 의장, 최태영 횡성부군수, 이현일 안흥찐빵 축제위원장, 지역 주민, 방문객 등이 참석해 축제의 시작을 함께했다. 축제는 4일까지 사흘간 이어지며 안흥찐빵 만들기와 팥... ",http://www.enewstoday.co.kr/news/articleView.html?idxno=2476897,http://www.enewstoday.co.kr/news/articleView.html?idxno=2476897,"Fri, 02 Oct 2026 21:46:00 +0900"
유상범,나주혁신도시 가족동반 이주률 전국 4위,"국민의힘 유상범 의원이 국토교통부에서 받은 자료에 따르면, 기혼자만을 기준으로 한 전국 평균 가족 동반 이주율은 60.6%로, 나주혁신도시는 평균을 웃돌았습니다. 유 의원은 공공기관 이전의 실효성을 더욱 높이기... ",https://ysmbc.co.kr/NewsArticle/1539473,https://ysmbc.co.kr/NewsArticle/1539473,"Fri, 02 Oct 2026 21:04:00 +0900"
유상범,나주혁신도시 가족동반 이주률 전국 4위,"국민의힘 유상범 의원이 국토교통부에서 받은 자료에 따르면, 기혼자만을 기준으로 한 전국 평균 가족 동반 이주율은 60.6%로, 나주혁신도시는 평균을 웃돌았습니다. 유 의원은 공공기관 이전의 실효성을 더욱 높이기... ",https://kjmbc.co.kr/NewsArticle/1539461,https://kjmbc.co.kr/NewsArticle/1539461,"Fri, 02 Oct 2026 20:40:00 +0900"
유상범,[2026 국감이슈] 국토부 PIS 펀드서 450억 부실…346억 손실,"2일 국회 국토교통위원회 소속 유상범 국민의힘 의원이 국토부로부터 제출받은 자료에 따르면, 2019년... 유상범 의원은 &quot;국토부가 22억 달러 수주·수출 견인이라는 화려한 외형만 내세웠지만, 실제로는 정책펀드에서... ",http://www.newslock.co.kr/news/articleView.html?idxno=137373,http://www.newslock.co.kr/news/articleView.html?idxno=137373,"Fri, 02 Oct 2026 16:16:00 +0900"
유상범,"유상범 &quot;22억달러 성과 뒤 450억 부실, 국토부는 원인도 몰라&quot;",▲유상범 의원에 따르면 국토부가 추진한 PIS 1단계 펀드에서 346억원 전액 상각과 103억원 평가손실 등 총... 유상범 의원이 조사한 국토교통부 자료에 따르면 2019년 조성된 1조5000억원 규모의 PIS 1단계 펀드에서... ,https://www.gukjenews.com/news/articleView.html?idxno=3711724,https://www.gukjenews.com/news/articleView.html?idxno=3711724,"Fri, 02 Oct 2026 15:16:00 +0900"
유상범,나주혁신도시 가족동반 이주률 전국 4위,"국민의힘 유상범 의원이 국토교통부에서 받은 자료에 따르면, 기혼자만을 기준으로 한 전국 평균 가족 동반 이주율은 60.6%로, 나주혁신도시는 평균을 웃돌았습니다. 유 의원은 공공기관 이전의 실효성을 더욱 높이기... ",https://ysmbc.co.kr/NewsArticle/1539397,https://ysmbc.co.kr/NewsArticle/1539397,"Fri, 02 Oct 2026 14:22:00 +0900"
유상범,[단독] 건설사 해외 수주 지원 펀드 450억 손실 위기,2일 국회 국토교통위원회 소속 유상범 국민의힘 의원실이 국토교통부로부터 받은 ‘PIS(플랜트·인프라·스마트시티) 펀드 투자 집행 및 실적’ 자료에 따르면 1단계 펀드에서 발생한 부실 규모는 449억 원으로... ,https://www.sedaily.com/article/20097592?ref=naver,https://n.news.naver.com/mnews/article/011/0004667724?sid=101,"Fri, 02 Oct 2026 14:15:00 +0900"
윤영석,부영그룹 “물금고 야구부 기숙사 기증하겠다” 확답,"윤영석 국회의원(국민의힘, 양산갑)은 부영그룹 이중근 회장을 면담하고 물금고교 야구부 기숙사 건립 약속... 윤영석 의원은 “물금고 야구부는 전국대회 준우승이라는 값진 성과로 양산시민의 자긍심이 됐다. 선수들에게... ",https://www.kukinews.com/article/view/kuk202610020091,https://www.kukinews.com/article/view/kuk202610020091,"Fri, 02 Oct 2026 12:14:00 +0900"
이인선,"이인선 의원, 동대구역 박정희 동상 대구시 승소에 “박정희 세대 헌신...",이에 이인선 국회의원은 이번 판결을 계기로 특정 인물에 대한 찬반을 넘어 대한민국 현대사를 보다 균형... 국민의힘 이인선 국회의원(대구 수성구을)은 2일 대구지방법원의 1심 판결과 관련해 “지역의 민심을 헤아려준... ,https://tk.newdaily.co.kr/site/data/html/2026/10/03/2026100300027.html,https://tk.newdaily.co.kr/site/data/html/2026/10/03/2026100300027.html,"Sat, 03 Oct 2026 13:20:00 +0900"
이인선,"국민의힘, 장동혁·정점식 지도부 이재명정권 안보·민생 총체적 실정 ...", 이인선 교육위 간사 (영화 '암살자(들)' 단체관람 자료 요구 및 전교조·여당 비판) 이인선 교육위 간사는 시도교육청에 요청한 영화 ‘암살자(들)’ 단체 관람 현황 자료 제출을 거부하는 행태를... ,http://www.breaknews.com/1240860,http://www.breaknews.com/1240860,"Sat, 03 Oct 2026 10:20:00 +0900"
이인선,"이인선 의원, “박정희 동상 판결 환영…대한민국 현대사 균형 있게 봐...","대구지법, 국가철도공단의 구조물 인도 청구 기각 “산업화 세대 헌신 기억하고 법적 다툼 마무리되길&quot; 대구=에너지경제신문 손중모기자 국민의힘 이인선 국회의원(대구 수성구을)은 동대구역 광장에 설치된 박정희 전... ",https://www.ekn.kr/web/view.php?key=20261003024261938,https://www.ekn.kr/web/view.php?key=20261003024261938,"Sat, 03 Oct 2026 05:40:00 +0900"
이인선,이인선 &quot;'암살자들' 학교 단체관람 자료 요구는 정당한 국감 활동&quot;,국회 교육위원회 국민의힘 간사인 이인선(대구 수성구을) 의원이 국회의 정당한 국정감사 활동을 방해해서는 안 된다고 주장했다. 영화 '암살자들'의 학교 단체관람 현황 자료 요구를 두고 일부 교원단체 등이 '교육검열... ,https://www.kyongbuk.co.kr/news/articleView.html?idxno=4086126,https://www.kyongbuk.co.kr/news/articleView.html?idxno=4086126,"Fri, 02 Oct 2026 22:30:00 +0900"
이인선,"국민의힘 대구 의원, ‘암살자들’ 연이어 비판",국회 교육위 간사인 이인선 의원은 일부 교원단체가 학교 단체 관람 현황 자료 요구를 교육 검열이라며 비판한 데 대해 내로남불'이라 반박하며 국정감사에서 따져 묻겠다고 강조했습니다.,https://news.kbs.co.kr/news/pc/view/view.do?ncd=8676968&ref=A,https://n.news.naver.com/mnews/article/056/0012267312?sid=100,"Fri, 02 Oct 2026 22:11:00 +0900"
이인선,"강남구의회,코엑스 3층 오디토리움에서 열린'제30회 노인의 날 기념식'...",10월 경로의 달과 2일 노인의 날을 기념해 열린 이날 행사에는 김현정 부의장·이인선 행정안전위원장·송영광 경제도시위원장·오온누리 복지문화위원장·복진경 의원·이상애 의원·김진경 의원·박대용 의원·김윤희... ,https://www.cnbizm.com/news/articleView.html?idxno=317051,https://www.cnbizm.com/news/articleView.html?idxno=317051,"Fri, 02 Oct 2026 21:50:00 +0900"
이인선,"이인선 의원, 법원의 박정희 동상 존치 결정에 &quot;성숙한 현대사 바라보는...",국민의힘 이인선 의원(대구 수성을)이 동대구역 광장의 박정희 전 대통령 동상 존치를 결정한 법원의 판단에... 이인선 의원은 2일 자신의 페이스북을 통해 대구지방법원이 동대구역 박정희 전 대통령 동상 관련... ,https://www.pennmike.com/news/articleView.html?idxno=128901,https://www.pennmike.com/news/articleView.html?idxno=128901,"Fri, 02 Oct 2026 20:58:00 +0900"
이인선,"[아유경제_행정] 강남구의회, 제30회 노인의 날 기념식 참석 &quot;아름다운...","번째 이인선 행정안전위원장, 우측 일곱 번째 송영광 경제도시위원장, 여섯 번째 오온누리 복지문화위원장)... 10월 경로의 달과 2일 노인의 날을 기념해 열린 이날 행사에는 김현정 부의장ㆍ이인선... ",http://www.areyou.co.kr/news/articleView.html?idxno=95655,http://www.areyou.co.kr/news/articleView.html?idxno=95655,"Fri, 02 Oct 2026 19:52:00 +0900"
이인선,"강남구의회, 제30회 노인의 날 기념식 참석…어르신 헌신·지혜에 감사","10월 경로의 달과 2일 노인의 날을 맞아 마련된 이날 행사에는 김현정 부의장을 비롯해 이인선 행정안전위원장, 송영광 경제도시위원장, 오온누리 복지문화위원장과 복진경·이상애·김진경·박대용·김윤희·염희옥... ",http://www.enewstoday.co.kr/news/articleView.html?idxno=2476884,http://www.enewstoday.co.kr/news/articleView.html?idxno=2476884,"Fri, 02 Oct 2026 19:50:00 +0900"
이인선,이인선 국회의원 &quot;정당한 국정감사 방해 중단해야&quot;,일부 교원단체 학교 단체관람 현황 자료요구 반발에 ［충북일보］ 속보=국민의힘 이인선(대구 수성을)... &lt;1일 온라인 보도&gt; 이인선 의원은 2일 국민의힘 국정감사 대책회의에서 &quot;교육의 정치적 중립성을 점검하기 위한... ,https://www.inews365.com/news/article.html?no=937974,https://www.inews365.com/news/article.html?no=937974,"Fri, 02 Oct 2026 18:48:00 +0900"
이인선,이인선 &quot;‘암살자들’ 단체관람 자료요구는 국회의 책무…교육검열 아...,김성은 인턴 기자 = 영화 '암살자들'의 학교 단체관람 현황 조사를 둘러싸고 논란이 이어지는 가운데 이인선 국민의힘 의원이 자료요구의 정당성을 주장했다. 국회 교육위원회 국민의힘 간사인 이인선 의원(대구 수성구을)... ,https://www.newsis.com/view/NISX20261002_0003812778,https://n.news.naver.com/mnews/article/003/0014230759?sid=100,"Fri, 02 Oct 2026 16:31:00 +0900"
이인선,"&quot;지방교육재정교부금 개편안, 아이들에게 피해 줘&quot;","지난달 7일 시도교육감 대표단과 국회를 찾아 교육위원회 소속 국회의원들을 만난 데 이어, 9일에도 김희정 교육위원장, 이인선 간사 등과 간담회를 열고 안정적인 교육재정 확보를 요청했다. 지난달 16일에도 국회... ",https://www.ohmynews.com/NWS_Web/View/at_pg.aspx?CNTN_CD=A0003272226&CMPT_CD=P0010&utm_source=naver&utm_medium=newsearch&utm_campaign=naver_news,https://n.news.naver.com/mnews/article/047/0002531049?sid=102,"Fri, 02 Oct 2026 15:56:00 +0900"
이인선,"강남구의회, 수서동 복합문화센터 시설 살펴··· 운영 지원 약속","현장에는 이인선 행정안전위원장과 송영광 경제도시위원장, 복진경·이동호·이상애·박대용·황태현·고은진 의원이 참석해 센터 조성 과정과 시설에 대한 설명을 들었다. 송영광 경제도시위원장은 축사를 통해... ",https://www.siminilbo.co.kr/news/newsview.php?ncode=1160286565738555,https://www.siminilbo.co.kr/news/newsview.php?ncode=1160286565738555,"Fri, 02 Oct 2026 15:02:00 +0900"
이인선,이인선 의원 “‘암살자들’ 단체관람 자료 요구는 정당”…교원단체 ...,"이인선 국민의힘 교육위원회 간사(대구 수성구을)가 최근 영화 ‘암살자들’의 학교 단체관람 현황 자료를 요구한 것을 두고 교원단체가 반발하자, “국회의 정당한... ",http://www.breaknews.com/1240759,http://www.breaknews.com/1240759,"Fri, 02 Oct 2026 14:56:00 +0900"
이인선,조용식 울산교육감 &quot;교육재정 개편 졸속 추진 안돼&quot;,지난달 7일 시도교육감 대표단과 함께 국회를 찾아 교육위원회 소속 국회의원들을 만난 데 이어 9일에는 김희정 교육위원장과 이인선 간사 등을 만나 안정적인 교육재정 확보를 요청했다. 지난달 16일에는 국회 소통관에서... ,https://www.newsis.com/view/NISX20261002_0003812610,https://n.news.naver.com/mnews/article/003/0014230338?sid=102,"Fri, 02 Oct 2026 14:29:00 +0900"
이인선,'암살자(들)' 제작비 190억 회수할까…고발·불매 등 변수로,국회 교육위원회 국민의힘 간사인 이인선 의원의 요구로 서울시교육청과 전북교육청은 지난달 29일 학교에 '암살자(들)' 단체관람 현황을 제출하라는 공문을 보냈다. 전북교육청 공문은 '해당 없음'인 학교도 제출하게... ,https://www.hankyung.com/article/202610020176H,https://n.news.naver.com/mnews/article/015/0005338575?sid=102,"Fri, 02 Oct 2026 14:21:00 +0900"
임이자,[국민의힘 리더스] 숫자·논리로 입증한 '품격 보수' 박수영…경제통 넘...,정책위가 4개 분과로 나뉜 가운데 임이자 정책위의장은 경제 분야에서 박 의원에게 상당 부분 역할을 맡기고 있는 것으로 전해졌다. 주요 현안을 분석한 보고서를 정점식 원내대표에게 전달하는 등 원내지도부와도 수시로... ,https://www.dailian.co.kr/news/view/1697537/?sc=Naver,https://n.news.naver.com/mnews/article/119/0003139323?sid=100,"Sun, 04 Oct 2026 08:00:00 +0900"
임이자,[포토] &quot;이재명 OUT&quot; 외친 국민의힘 의원들,(사진 / 이훈 기자)임이자 국민의힘 정책위의장이 3일 오후 3시 서울 숭례문 앞에서 열린 민생회복-안보수호 국민대회에서 발언을 하고 있다. (사진 / 이훈 기자)김재원 국민의힘 최고위원이 3일 오후 3시 서울 숭례문... ,http://www.sisafocus.co.kr/news/articleView.html?idxno=365778,http://www.sisafocus.co.kr/news/articleView.html?idxno=365778,"Sat, 03 Oct 2026 23:18:00 +0900"
임이자,"[현장] &quot;이재명 독재에 대한민국 지옥&quot;…국힘, '李 정권 심판 ' 장외집회","(사진 / 이훈 기자) 최고위원들, 임이자 정책위의장 등 주요 당직자들도 연단에 섰다. 김민수 최고위원은 &quot;대한민국을 산산조각 내는 이재명은 내려오라&quot;고 했고, 신동욱 최고위원은 &quot;좌스러운 이 대통령 귀에 꽂힐 수... ",http://www.sisafocus.co.kr/news/articleView.html?idxno=365774,http://www.sisafocus.co.kr/news/articleView.html?idxno=365774,"Sat, 03 Oct 2026 22:54:00 +0900"
임이자,국힘 집회 중 ‘돌발 상황’…거센 야유에 “선수 보호 차원에서”,"국민의힘 장동혁 대표와 정점식 원내대표, 임이자 정책위의장 등 당지도부가 3일 오후 서울 중구 숭례문 앞에서 열린 민생회복·안보수호 국민행동대회에 참석해 피켓을 들고 구호를 외치고 있다. 2026.10.3(사진=뉴스1) 3일... ",https://www.edaily.co.kr/News/Read?newsId=03171766645609312&mediaCodeNo=257&utm_source=naver&utm_medium=referral&utm_campaign=news_syndication&utm_content=original_article,https://n.news.naver.com/mnews/article/018/0006380424?sid=100,"Sat, 03 Oct 2026 21:25:00 +0900"
임이자,"국힘, 1년 만에 거리로…&quot;이성 상실한 독재에 대한민국 무너져&quot;","현장에는 장동혁 당 대표와 정점식 원내대표, 정희용 사무총장, 임이자 정책위의장 등 지도부를 비롯해... 정희용 사무총장은 &quot;현역 의원과 원외 당협위원장이 함께 대응하겠다&quot;고 밝혔고, 임이자 정책위의장은 오는... ",https://www.shinailbo.co.kr/news/articleView.html?idxno=5068444,https://www.shinailbo.co.kr/news/articleView.html?idxno=5068444,"Sat, 03 Oct 2026 20:26:00 +0900"
임이자,"국힘, 1년만에 장외로…장동혁 &quot;李지지율, 10%대로 평탄화될 것&quot;","이 자리에는 당 '투톱'인 장 대표와 정점식 원내대표, 정희용 사무총장, 임이자 정책위의장, 박준태 당대표 비서실장 등 지도부와 60여 명의 현역 의원들이 참석했다. 전국에서 모인 당협위원장들과 당원들도 함께했다.... ",https://www.nocutnews.co.kr/news/6586884?utm_source=naver&utm_medium=article&utm_campaign=20261003100640,https://n.news.naver.com/mnews/article/079/0004195476?sid=100,"Sat, 03 Oct 2026 20:07:00 +0900"
임이자,"국힘, 숭례문서 대규모 장외집회…&quot;이재명 독재에 민생·안보·치안 모두...","임이자 정책위의장과 정희용 사무총장, 최고위원 등 주요 당직자들도 연단에 올랐다. 임 정책위의장은 &quot;여성과 아이들은 치안에 떨고 있고, 우리 국군 장병들은 나라 지키러 가 피를 흘리고 있다. 이게 나라인가&quot;라며 &quot;이번... ",https://www.newsis.com/view/NISX20261003_0003813680,https://n.news.naver.com/mnews/article/003/0014232115?sid=100,"Sat, 03 Oct 2026 20:02:00 +0900"
임이자,"&quot;분통 터진다&quot;⋯거리로 나온 국힘, '李정부 정조준'[현장 종합]","현장에는 장동혁 당 대표와 정점식 원내대표, 정희용 사무총장, 임이자 정책위의장 등 지도부를 비롯해... 정희용 사무총장이 &quot;현역 의원과 원외 당협위원장이 함께 대응하겠다&quot;고 한데 이어 임이자 정책위의장은 오는... ",http://www.inews24.com/view/2011659,https://n.news.naver.com/mnews/article/031/0001063337?sid=100,"Sat, 03 Oct 2026 19:56:00 +0900"
임이자,개천절 갈라진 여·야⋯&quot;장동혁 세과시&quot; VS &quot;李정권 심판을&quot;,"임이자 정책위의장은 자영업·소상공인, 청년 일자리, 군 장병 안전 등을 거론하며 &quot;이번 국감에서 민주당과 이재명 정권을 박살 내겠다&quot;고 밝혔다. 정희용 사무총장도 &quot;이재명 정부의 안보 파괴, 사법 파괴, 민생 파괴에... ",http://www.inews24.com/view/2011663,https://n.news.naver.com/mnews/article/031/0001063335?sid=100,"Sat, 03 Oct 2026 19:17:00 +0900"
임이자,장외집회로 국감 포문 연 국민의힘…&quot;나라 망치는 가짜주인 끌어내야&quot;,"임이자 정책위의장은 &quot;여성과 아이들은 치안에, 자영업자·소상공인은 장사가 안돼서, 청년들은 일자리가 없어 떤다&quot;며 &quot;국군 장병이 나라를 지키러 가 피 흘리는 게 나라냐&quot;고 했다. 이어 &quot;국정감사에서 더불어민주당과... ",https://www.mt.co.kr/politics/2026/10/03/2026100317360974428,https://n.news.naver.com/mnews/article/008/0005421874?sid=100,"Sat, 03 Oct 2026 19:09:00 +0900"
임이자,'20만 국힘' 숭례문 집결…&quot;李 재판 재개하고 국정 기조 전환하라&quot;(종합...,"이밖에 신동욱 수석최고위원을 비롯한 최고위원들, 임이자 정책위의장, 정희용 사무총장, 임종득·김민전 의원 등이 정권의 실정을 비판하는 연설자로 나섰다. 당원과 시민들은 참석 의원들이 소개되거나 연단에 올라... ",https://www.news1.kr/politics/assembly/6309916,https://n.news.naver.com/mnews/article/421/0009208284?sid=100,"Sat, 03 Oct 2026 18:41:00 +0900"
임이자,"국힘, 1년만의 장외집회…“李 재판 재개해야…北에 대북송금 이상 약점...","장동혁 대표와 정점식 원내대표, 정희용 사무총장, 임이자 정책위의장 등 당 지도부와 현역 의원 60여 명, 원외 당협위원장, 당원 등이 참석했다. 국민의힘이 서울 도심에서 대규모 장외집회를 연 것은 지난해 9월 28일... ",https://www.donga.com/news/Politics/article/all/20261003/134780482/2,https://n.news.naver.com/mnews/article/020/0003752546?sid=100,"Sat, 03 Oct 2026 18:19:00 +0900"
임이자,“李정부 1년 반 만에 대한민국 지옥”…국힘 장외집회서 정부 맹공,"이날 집회에는 장 대표와 정 원내대표를 비롯해 임이자 정책위의장, 정희용 사무총장, 김민수·조광한·양향자·신동욱·김재원 최고위원, 우재준 청년최고위원과 서명옥·윤용근·나경원·안철수·이진숙 의원 등이... ",https://www.kukinews.com/article/view/kuk202610030029,https://www.kukinews.com/article/view/kuk202610030029,"Sat, 03 Oct 2026 17:54:00 +0900"
임이자,"1년 만에 장외집회 나선 국민의힘…&quot;이재명, 대한민국 대통령 맞나&quot;","이 자리에는 장동혁 대표와 정점식 원내대표, 정희용 사무총장, 임이자 정책위의장, 박준태 비서실장 등 당 지도부를 비롯한 60여 명의 현역 의원과 원외 당협위원장, 일반 당원 등이 참석했다. 국민의힘이 서울 도심에서... ",https://news.einfomax.co.kr/news/articleView.html?idxno=4437706,https://news.einfomax.co.kr/news/articleView.html?idxno=4437706,"Sat, 03 Oct 2026 17:48:00 +0900"
임이자,숭례문 앞 몰려든 국힘..&quot;이재명 OUT&quot; 외쳐,장동혁 대표·정점식 원내대표·임이자 정책위의장·정희용 사무총장 등 지도부를 비롯해 국민의힘 소속 의원 60여명과 원외 당협위원장 등이 자리에 모였다. 이들은 정치·외교·안보·경제 등 분야를 막론하고 정부의... ,https://www.fnnews.com/news/202610031710016988,https://n.news.naver.com/mnews/article/014/0005584580?sid=100,"Sat, 03 Oct 2026 17:44:00 +0900"
임이자,거리로 나선 국민의힘,"국민의힘 장동혁 대표와 정점식 원내대표, 임이자 정책위의장 등 당지도부가 3일 오후 서울 중구 숭례문 앞에서 열린 민생회복·안보수호 국민행동대회에 참석해 피켓을 들고 구호를 외치고 있다. 2026.10.3/뉴스1",https://www.news1.kr/photos/8141566,https://n.news.naver.com/mnews/article/421/0009208208?sid=100,"Sat, 03 Oct 2026 17:24:00 +0900"
임이자,개천절에 거리로 나선 국힘…안보·사법 내세워 &quot;이재명 아웃&quot;,"집회에는 장동혁 대표와 정점식 원내대표, 정희용 사무총장, 임이자 정책위의장, 박준태 비서실장 등 지도부를 비롯해 현역 의원 60여명과 원외 당협위원장, 당원 등이 참석했다. 국민의힘이 국회 밖 서울 도심에서 대규모... ",https://www.fnnews.com/news/202610031634504797,https://n.news.naver.com/mnews/article/014/0005584574?sid=100,"Sat, 03 Oct 2026 16:47:00 +0900"
임이자,"국민의힘, 1년 만에 도심 장외집회","국민의힘 장동혁 대표와 정점식 원내대표, 임이자 정책위의장 등 당지도부가 3일 오후 서울 중구 숭례문 앞에서 열린 민생회복·안보수호 국민행동대회에 참석해 피켓을 들고 구호를 외치고 있다. 2026.10.3/뉴스1",https://www.news1.kr/photos/8141492,https://n.news.naver.com/mnews/article/421/0009208156?sid=100,"Sat, 03 Oct 2026 16:33:00 +0900"
임이자,"국힘, 1년만에 도심 장외집회…민주 &quot;국감 내팽개치고 세과시&quot;","집회에는 장동혁 대표와 정점식 원내대표, 정희용 사무총장, 임이자 정책위의장 등 당 지도부는 물론 박덕흠 국회부의장과 5선 나경원 의원 등 현역 국회의원들과 전국 당협위원장, 지방의원, 당직자 등이 대거... ",http://mbn.mk.co.kr/pages/news/newsView.php?category=mbn00006&news_seq_no=5222901,https://n.news.naver.com/mnews/article/057/0001971866?sid=100,"Sat, 03 Oct 2026 16:28:00 +0900"
임이자,"&quot;이재명 내려와야&quot;⋯국힘 최고위원들, 숭례문서 '강경 발언'[현장]","최고위원, 임이자 정책위의장, 정희용 사무총장 등이 차례로 연단에 올랐다. 가장 직접적인 구호를 내건 것은... 임이자 정책위의장은 장외집회에서 제기한 문제를 사흘 뒤 국정감사로 이어가겠다는 뜻을 분명히 했다. 임... ",http://www.inews24.com/view/2011652,https://n.news.naver.com/mnews/article/031/0001063326?sid=100,"Sat, 03 Oct 2026 16:20:00 +0900"
임이자,1년 만에 거리로 나선 국힘…안보·사법 내걸고 &quot;이재명 아웃&quot;,"이 자리에는 장동혁 대표와 정점식 원내대표, 정희용 사무총장, 임이자 정책위의장, 박준태 비서실장 등 당... 임이자 정책위의장은 분노 표출이나 선전·선동이 아닌 &quot;오직 대한민국을 지키고 우리의 미래를 지키기 위해서... ",https://www.news1.kr/politics/assembly/6309834,https://n.news.naver.com/mnews/article/421/0009208127?sid=100,"Sat, 03 Oct 2026 16:19:00 +0900"
임이자,"정부 추산 피해액 외 ‘숨은 충격’ 우려…“CPTPP, 종합대책 마련부터...",임이자 국민의힘 정책위의장은 “농업은 한번 생산기반이 무너지면 다시 세우기 어렵다”며 “대책은 결정 전에 마련해야 한다”고 말했다. 서용석 한농연 사무총장은 “농업계와의 실질적인 합의 없는 일방적 CPTPP... ,https://www.nongmin.com/article/20261002500610,https://n.news.naver.com/mnews/article/662/0000105526?sid=102,"Sat, 03 Oct 2026 14:01:00 +0900"
임이자,"문경시, 민선9기 주택·관광·예산·AI 활용 등 현안 점검","김 시장은 지난 9월 임이자 국회의원과의 정책간담회와 더불어민주당 정책간담회, 경북도지사 방문 등을 사례로 들며 정당과 장소를 가리지 않고 문경 발전에 필요한 지원책을 마련하겠다는 뜻도 밝혔다. 전날 열린... ",https://www.hidomin.com/news/articleView.html?idxno=723500,https://www.hidomin.com/news/articleView.html?idxno=723500,"Sat, 03 Oct 2026 12:44:00 +0900"
임이자,"국민의힘, 장동혁·정점식 지도부 이재명정권 안보·민생 총체적 실정 ...","국민의힘 국정감사대책회의 지도부 발언  임이자 정책위의장(李정권 10대 실정 정조준 및 외교·안보 파탄 질타) 먼저, 임이자 정책위의장은 이재명 정권의 10대 정책 실패를 이번 국정감사에서 정조준해... ",http://www.breaknews.com/1240860,http://www.breaknews.com/1240860,"Sat, 03 Oct 2026 10:20:00 +0900"
임이자,국힘 “국감 1순위는 현지조사 진상규명”,"임이자 정책위의장은 “이재명 정권의 10대 정책 실패에 대해 이번 국감에서 그 책임을 묻고, 정책 방향 전환을 반드시 이끌어 내겠다”며 “정책 실패의 청구서를 국민에게 떠넘기는 무책임한 정치는 이제 끝내야 한다”... ",https://www.donga.com/news/Politics/article/all/20261002/134779451/2,https://n.news.naver.com/mnews/article/020/0003752465?sid=100,"Sat, 03 Oct 2026 01:42:00 +0900"
임이자,"문경시, 민선9기 시정방향 공유…주요 현안사업 추진 점검","지난 9월 임이자 국회의원 정책간담회와 더불어민주당 정책간담회, 경상북도지사 방문을 언급하며 문경 발전을 위한 지원책을 강구하겠다고 밝혔다. 전날 확대간부회의에서는 문경대상 수상자로 선정된 김삼식 한지장 등... ",http://www.metroseoul.co.kr/article/20261002500248,http://www.metroseoul.co.kr/article/20261002500248,"Fri, 02 Oct 2026 22:02:00 +0900"
임이자,대통령 '묵은 밭 태양광' 발언에…&quot;왜 밭이 묵었는지부터 봐야&quot;,"임이자 국민의힘 정책위의장도 &quot;농지 전수조사로 농민 가슴에 대못을 박아놓고 이제 느닷없이 태양광 농사를 꺼내 들었다&quot;고 비판하며, 과거 태양광 사업 과정에서 제기됐던 문제들이 농촌에서 반복돼서는 안된다고... ",https://www.agrinet.co.kr/news/articleView.html?idxno=407679,https://www.agrinet.co.kr/news/articleView.html?idxno=407679,"Fri, 02 Oct 2026 19:58:00 +0900"
임이자,[CPTPP 정책토론회] &quot;지역·농장 단위 검역 인정 땐 과수산업 사형선고&quot;,"임이자 국민의힘 정책위의장은 &quot;정부가 농업인의 질문에 먼저 답해야 한다. 품목별 개방 정도, 가격 하락 시 영농 지속 가능성, 정부 대책 등을 설명하지 않고 동의를 구하는 것은 '백지수표 서명'을 요구하는 것과 같다... ",https://www.agrinet.co.kr/news/articleView.html?idxno=407671,https://www.agrinet.co.kr/news/articleView.html?idxno=407671,"Fri, 02 Oct 2026 19:58:00 +0900"
임이자,"[2026국감] 국민의힘, 국감 상황실 현판 걸고 '국감 체제' 전환","단일종목 레버리지ETF 등 '10대 정책 실패' 제시 임이자 정책위의장은 국정감사대책회의 자리에서 정부의 '10대 정책 실패'를 발표했다. 부동산, 증시(단일종목 레버리지 ETF), 농지 전수조사, 비무장지대(DMZ) 지뢰 사고를... ",https://www.polinews.co.kr/news/articleView.html?idxno=744774,https://www.polinews.co.kr/news/articleView.html?idxno=744774,"Fri, 02 Oct 2026 19:29:00 +0900"
임이자,"국힘, 검찰청 폐지 첫날 관계성 범죄 피해자 보호책 논의…&quot;촘촘한 안전...",임이자 정책위의장은 &quot;피해자가 가해자로부터 벗어난 순간부터 안전하게 일상으로 돌아갈 때까지 국가의 보호가 이어져야 한다&quot;며 &quot;피해자의 주소와 개인정보 보호·접근금지·신변보호 조치가 실제 현장에서 제대로... ,https://www.newsis.com/view/NISX20261002_0003813215,https://n.news.naver.com/mnews/article/003/0014231074?sid=100,"Fri, 02 Oct 2026 19:16:00 +0900"
최은석,"국민의힘, 은행권 해킹사태에 &quot;전 금융권 점수점검&quot;","최은석 원내수석대변인도 논평에서 &quot;국민의 정보가 빠져나가는 동안 은행의 감시체계는 무엇을 하고 있었냐&quot;며 질타히고 &quot;사고가 터지면 사과하고, 얼마 지나지 않아 같은 일이 되풀이되는 악순환은 이제 끝나야 한다&quot;고... ",https://www.financialpost.co.kr/news/articleView.html?idxno=278676,https://www.financialpost.co.kr/news/articleView.html?idxno=278676,"Sun, 04 Oct 2026 08:24:00 +0900"
최은석,아시안게임 최은석 vs Road to UFC 2위,"‘아시안게임 국대’ 최은석 vs ‘RTU 준우승’ 하라구치 신… 11월1일 장충체육관에서 격돌 아시안게임으로 기량 급성장 최은석, ‘UFC 관문’ 검증된 강자 하라구치와 로드FC 맞대결 ◆ 아시안게임 국대 최은석... ",https://www.mk.co.kr/article/12167867,https://m.sports.naver.com/general/article/410/0001142228,"Sun, 04 Oct 2026 02:27:00 +0900"
최은석,"2년 만에 돌아온 솔로비예프, 박시원과 맞붙는다…ROAD FC 079 대진 확정",일본의 그래플러 하라구치 신(28·BRAVE GYM)과 MMA 국가대표 출신 최은석(20·로드FC 전주)이 페더급에서 만난다. 여성 아톰급에서는 박서영(23·로드FC 군산)과 일본의 와다 세리나(24·JAPAN TOP TEAM)가 맞붙는다. 1부... ,https://isplus.com/article/view/isp202610030004,https://m.sports.naver.com/general/article/241/0003533704,"Sun, 04 Oct 2026 00:15:00 +0900"
최은석,국힘 “돌아오는 건 北 조롱 뿐…‘종북 구걸 정책’ 폐기하라”,최은석 국민의힘 원내수석대변인도 김 총무부장의 ‘자작 광대극’ 발언을 두고 “책임을 부인하는 것도 모자라 우리 군의 조사 결과와 대한민국을 거듭 모욕하고 있다”고 비판했다. 그러면서 정부에 김 총무부장의... ,https://www.munhwa.com/article/11621263?ref=naver,https://n.news.naver.com/mnews/article/021/0002822924?sid=100,"Sat, 03 Oct 2026 19:04:00 +0900"
최은석,은행 해킹에 국민의힘 &quot;금융권 전수 점검&quot;…국감서 감독 책임 따진다,최은석 국민의힘 원내수석대변인도 같은 날 논평을 내고 정보가 유출되는 동안 은행의 감시 체계가 작동했는지 문제를 제기했다. 사고 이후 사과에 그치고 유사한 피해가 반복되는 상황을 끊어야 한다고 강조했다. 특히... ,https://www.econovill.com/news/articleView.html?idxno=752671,https://www.econovill.com/news/articleView.html?idxno=752671,"Sat, 03 Oct 2026 17:16:00 +0900"
최은석,"野, 은행 해킹 사태에 &quot;당국도 책임져야…국감서 따져 물을 것&quot;","최은석 원내수석대변인도 이날 논평에서 &quot;국민의 정보가 빠져나가는 동안 은행의 감시 체계는 무엇을 하고 있었느냐&quot;며 &quot;사고가 터지면 사과하고, 얼마 지나지 않아 같은 일이 되풀이되는 악순환은 이제 끝내야 한다&quot;고... ",https://www.news1.kr/politics/assembly/6309823,https://n.news.naver.com/mnews/article/421/0009208073?sid=100,"Sat, 03 Oct 2026 15:41:00 +0900"
최은석,[단독] &quot;국내 도입 신중&quot;…금감원 용역 경고 묵살됐나,&lt;최은석 / 국민의힘 의원&gt; &quot;이번 국정감사에서도 (단일종목 레버리지 관련) 증인 출석이 제대로 이뤄지지 않고 있습니다. 이 상품의 출시를 김용범 정책실장이나 그 윗선에서 결정했는지 명확히 밝혀져야 합니다.&quot; 출시... ,http://www.yonhapnewstv.co.kr/news/MYH20261003153651jtJ,https://n.news.naver.com/mnews/article/422/0000912269?sid=101,"Sat, 03 Oct 2026 15:37:00 +0900"
최은석,"국힘, 은행권 해킹 사태에 &quot;韓 금융안보 경고음, 당국 책임&quot;","최은석 원내수석대변인도 이날 논평에서 &quot;국민의 정보가 빠져나가는 동안 은행의 감시체계는 무엇을 하고... 낱낱이 밝히고, 확인된 부실에는 엄중히 책임을 물으라&quot;고 촉구했습니다. #국민의힘 #해킹 #은행 #박성훈 #최은석",http://www.yonhapnewstv.co.kr/news/AKR20261003140455sxF,https://n.news.naver.com/mnews/article/422/0000912246?sid=100,"Sat, 03 Oct 2026 14:05:00 +0900"
최은석,최은석 국민의힘 수석대변인 &quot;北적반하장·금융 뚫려...이재명 정부 결...,국민의힘 최은석 원내수석대변인은 3일 ▲북한의 계속되는 모욕적 담화와 ▲금융권의 잇따른 개인정보 유출 사태를 강하게 비판하고 나섰다. 최은석... ,http://www.breaknews.com/1240886,http://www.breaknews.com/1240886,"Sat, 03 Oct 2026 14:02:00 +0900"
최은석,"국힘 &quot;은행 AI 해킹, 금융당국도 책임&quot;…국정감사서 감독 부실 추궁 예고",최은석 원내수석대변인도 논평을 내고 &quot;국민의 정보가 빠져나가는 동안 은행의 감시체계는 무엇을 하고 있었느냐&quot;며 &quot;사고가 터지면 사과하고 얼마 지나지 않아 같은 일이 되풀이되는 악순환은 끝나야 한다&quot;고 말했다.... ,http://www.lawissue.co.kr/view.php?ud=202610031351384499817d053b9_12,http://www.lawissue.co.kr/view.php?ud=202610031351384499817d053b9_12,"Sat, 03 Oct 2026 13:54:00 +0900"
최은석,국민의힘 “금융권 해킹 반복…원인·피해·당국 대응 등 낱낱이 밝혀야...,최은석 원내수석대변인도 별도 논평을 통해 금융회사의 보안 대응과 금융당국의 감독 책임을 함께 문제 삼았다. 최 원내수석대변인은 “국민의 정보가 빠져나가는 동안 은행의 감시체계는 무엇을 하고 있었느냐”며... ,https://www.munhwa.com/article/11621233?ref=naver,https://n.news.naver.com/mnews/article/021/0002822895?sid=100,"Sat, 03 Oct 2026 13:50:00 +0900"
최은석,"野, 은행권 정보유출에 “보안 비상등”…전 금융권 전수 점검 촉구",최은석 원내수석대변인은 별도 논평을 통해 유출 정보가 금융사기에 활용될 위험을 경고했다. 최 원내수석대변인은 “국민의 정보가 빠져나가는 동안 은행의 감시체계는 무엇을 하고 있었나”라며 “이름과 전화번호는... ,http://www.segyebiz.com/newsView/20261003504260?OutUrl=naver,http://www.segyebiz.com/newsView/20261003504260?OutUrl=naver,"Sat, 03 Oct 2026 13:42:00 +0900"
최은석,은행권 연쇄 정보유출에 보안 우려 확산…대응 역량 '시험대',"최은석 국민의힘 원내수석대변인도 &quot;금융권 공동 대응과 감독체계 전반을 철저히 점검해야 한다&quot;며 &quot;사고가 터지면 사과하고, 얼마 지나지 않아 같은 일이 되풀이되는 악순환은 이제 끝내야 한다&quot;고 말했다. 국회... ",http://www.newsian.co.kr/news/articleView.html?idxno=96482,http://www.newsian.co.kr/news/articleView.html?idxno=96482,"Sat, 03 Oct 2026 13:30:00 +0900"
최은석,"김여정 담화·北 미사일…국힘, 정부에 &quot;굴종적 종북 정책 버려라&quot;",최은석 원내수석대변인은 김여정이 사건을 '자작 광대극'이라 부른 것을 두고 &quot;책임을 부인하는 것도 모자라 우리 군의 조사 결과와 대한민국을 거듭 모욕하고 있다&quot;며 &quot;대북송금 의혹에 떳떳하다면 이제 그만 굴종적... ,http://www.sisafocus.co.kr/news/articleView.html?idxno=365765,http://www.sisafocus.co.kr/news/articleView.html?idxno=365765,"Sat, 03 Oct 2026 13:26:00 +0900"
최은석,"시중은행 AI 해킹사태에…국힘 &quot;금융당국의 감독, 제대로 작동했나&quot;",최은석 원내수석대변인도 이날 별도 논평을 통해 은행의 감시체계와 정부의 대응을 비판했다. 최 원내수석대변인은 &quot;국민의 정보가 빠져나가는 동안 은행의 감시체계는 무엇을 하고 있었냐&quot;며 &quot;사고가 터지면 사과하고... ,https://www.wolyo.co.kr/news/articleView.html?idxno=318629,https://www.wolyo.co.kr/news/articleView.html?idxno=318629,"Sat, 03 Oct 2026 13:24:00 +0900"
최은석,"野, 은행 해킹 사태에 &quot;뚫리면 조사하는 사후약방문…국감서 파헤칠 것...","최은석 원내수석대변인 역시 이날 논평에서 &quot;이재명 정부와 금융당국도 책임을 피할 수 없다&quot;며 &quot;사고 원인과 피해 규모, 대응 과정의 허점을 낱낱이 밝히고 확인된 부실에는 엄중히 책임을 물어라&quot;고 꼬집었다.... ",https://www.daejonilbo.com/news/articleView.html?idxno=2304876,https://n.news.naver.com/mnews/article/656/0000188472?sid=100,"Sat, 03 Oct 2026 13:20:00 +0900"
최은석,국민의힘 &quot;AI 해킹에 은행 보안망 뚫려…금융권 시스템 전수점검해야&quot;,"최은석 원내수석대변인도 이날 논평을 내고 &quot;국민의 정보가 빠져나가는 동안 은행의 감시체계는 무엇을 하고 있었냐&quot;며 &quot;사고가 터지면 사과하고, 얼마 지나지 않아 같은 일이 되풀이되는 악순환은 이제 끝나야 한다&quot;고... ",https://www.kado.net/news/articleView.html?idxno=2076260,https://n.news.naver.com/mnews/article/654/0000203719?sid=100,"Sat, 03 Oct 2026 13:13:00 +0900"
최은석,"은행 해킹 사태에 금융권 보안 도마… 금융 보안체계, 국감 쟁점되나","국민의힘 최은석 원내수석대변인도 이날 논평에서 &quot;국민의 정보가 빠져나가는 동안 은행의 감시체계는 무엇을 하고 있었느냐&quot;며 &quot;사고가 터지면 사과하고, 얼마 지나지 않아 같은 일이 되풀이되는 악순환은 이제 끝나야... ",https://www.newscj.com/news/articleView.html?idxno=3437611,https://www.newscj.com/news/articleView.html?idxno=3437611,"Sat, 03 Oct 2026 13:00:00 +0900"
최은석,"국민의힘 &quot;은행 AI 해킹, 금융당국도 책임…전수 점검해야&quot;",최은석 원내수석대변인도 이날 논평을 통해 은행의 감시체계와 금융당국의 대응을 비판했다. 최 원내수석대변인은 &quot;국민의 정보가 빠져나가는 동안 은행의 감시체계는 무엇을 하고 있었냐&quot;며 &quot;사고가 터지면 사과하고... ,https://www.ebn.co.kr/news/articleView.html?idxno=1726658,https://www.ebn.co.kr/news/articleView.html?idxno=1726658,"Sat, 03 Oct 2026 12:54:00 +0900"
최은석,"野 “은행 해킹 사태에 금융당국도 책임, 국감서 따질 것”","최은석 원내수석대변인도 이날 논평에서 “이재명 정부의 금융당국도 책임을 피할 수 없다”며 “사고 원인과 피해 규모, 대응 과정의 허점을 낱낱이 밝히고 확인된 부실에는 엄중히 책임을 물으라”고 촉구했다.",https://www.kmib.co.kr/article/view.asp?arcid=9000019541&cp=nv,https://n.news.naver.com/mnews/article/005/0001876548?sid=100,"Sat, 03 Oct 2026 12:39:00 +0900"
최은석,"野, 은행 해킹 사태에 “당국도 책임…감독 작동했는지 따질 것”","최은석 국민의힘 원내수석대변인도 이날 논평에서 “국민의 정보가 빠져나가는 동안 은행의 감시체계는 무엇을 하고 있었느냐”며 “사고가 터지면 사과하고, 얼마 지나지 않아 같은 일이 되풀이되는 악순환은 이제... ",https://biz.heraldcorp.com/article/10892486?ref=naver,https://n.news.naver.com/mnews/article/016/0002705141?sid=100,"Sat, 03 Oct 2026 12:09:00 +0900"
최은석,"국힘, 은행 해킹사태에 “이재명 정부 금융당국 책임 못피해”","최은석 원내수석대변인도 이날 논평에서 “국민의 정보가 빠져나가는 동안 은행의 감시체계는 무엇을 하고 있었냐”며 “사고가 터지면 사과하고, 얼마 지나지 않아 같은 일이 되풀이되는 악순환은 이제 끝나야 한다”고... ",https://www.dt.co.kr/article/12087234?ref=naver,https://n.news.naver.com/mnews/article/029/0003051256?sid=100,"Sat, 03 Oct 2026 12:09:00 +0900"
최은석,"국힘 &quot;北에 돌아온 건 조롱뿐... 靑, 굴종적 종북 구걸 정책 버려야&quot;",최은석 원내수석대변인 역시 논평을 통해 김 부장이 DMZ 지뢰 폭발 사건을 '자작 광대극'이라고 매도한 점을 언급하며 &quot;책임을 부인하는 것도 모자라 우리 군의 조사 결과와 대한민국을 거듭 모욕하고 있다&quot;며 &quot;대북송금... ,https://www.hidomin.com/news/articleView.html?idxno=723493,https://www.hidomin.com/news/articleView.html?idxno=723493,"Sat, 03 Oct 2026 11:58:00 +0900"
최은석,"野, 은행 해킹 사태에 &quot;당국도 책임…감독 작동했는지 따질 것&quot;","최은석 원내수석대변인도 이날 논평에서 &quot;국민의 정보가 빠져나가는 동안 은행의 감시체계는 무엇을 하고 있었냐&quot;며 &quot;사고가 터지면 사과하고, 얼마 지나지 않아 같은 일이 되풀이되는 악순환은 이제 끝나야 한다&quot;고... ",https://www.yna.co.kr/view/AKR20261003026600001?input=1195m,https://n.news.naver.com/mnews/article/001/0016355367?sid=100,"Sat, 03 Oct 2026 11:43:00 +0900"
최은석,"대구창조경제혁신센터, 로봇 기반 공간컴퓨팅 스타트업 IR 데모데이 성료","말했다.최은석 국회의원은 “유망 창업기업의 성장을 위해서는 우수한 기술이 투자와 사업화로 이어지는 기회가 중요하다”며 “동대구벤처밸리를 중심으로 기업과 대학, 연구기관 간 협력을 강화해 지역 혁신성장의... ",https://www.kbsm.net/news/view.php?idx=536392,https://www.kbsm.net/news/view.php?idx=536392,"Sat, 03 Oct 2026 11:42:00 +0900"
최은석,"국민의힘, 북한 김여정의 조롱에 &quot;이재명 정부는 무엇을 하고 있나&quot; 직격",최은석 국민의힘 원내수석대변인이 비무장지대(DMZ) 지뢰 폭발 사고를 두고 김여정 북한 노동당 총무부장이 재차 '자작광대극'이라고 주장한 데 대해 이재명 정부의 보다 단호한 대응을 촉구했다. 최 원내수석대변인은 3일... ,https://www.pennmike.com/news/articleView.html?idxno=128912,https://www.pennmike.com/news/articleView.html?idxno=128912,"Sat, 03 Oct 2026 11:12:00 +0900"
최은석,"국힘, 잇단 은행권 정보 유출·해킹에 &quot;韓 금융안보 방어망에 경고음&quot;","최은석 원내수석대변인도 논평에서 &quot;국민의 정보가 빠져나가는 동안 은행의 감시체계는 무엇을 하고 있었나&quot;라며 &quot;이름과 전화번호는 물론 연소득과 대출한도, 일부 주민등록번호까지 유출됐다. 보이스피싱과 대출 사기에... ",https://www.newsis.com/view/NISX20261003_0003813445,https://n.news.naver.com/mnews/article/003/0014231503?sid=100,"Sat, 03 Oct 2026 10:53:00 +0900"
최은석,"국민의힘, 李정부에 &quot;굴종적 '종북 구걸 정책' 폐기하라&quot;",최은석 원내수석대변인도 같은 날 논평에서 김 부장이 DMZ 지뢰 폭발 사건을 '자작 광대극'이라 한 것에 대해 &quot;책임을 부인하는 것도 모자라 우리 군의 조사 결과와 대한민국을 거듭 모욕하고 있다&quot;고 비판했다. 최... ,https://www.dailian.co.kr/news/view/1697647/?sc=Naver,https://n.news.naver.com/mnews/article/119/0003139243?sid=100,"Sat, 03 Oct 2026 10:50:00 +0900"
최은석,국힘 “北 눈치 보자 돌아온 건 조롱뿐”,최은석 원내수석대변인도 논평에서 김 총무부장이 DMZ 지뢰 폭발 사건을 ‘자작 광대극’이라 한 것에 대해 “책임을 부인하는 것도 모자라 우리 군의 조사 결과와 대한민국을 거듭 모욕하고 있다”고 했다. 그는... ,https://www.chosun.com/politics/diplomacy-defense/2026/10/03/2L3LCMOM2ZCVZB3WIJ7GW22NMI/?utm_source=naver&utm_medium=referral&utm_campaign=naver-news,https://n.news.naver.com/mnews/article/023/0004001941?sid=100,"Sat, 03 Oct 2026 10:48:00 +0900"
최은석,"北, 김여정 &quot;광대극&quot; 다음 날 도발… 野 &quot;靑, 굴종적 종북 정책 버려야&quot;",최은석 원내수석대변인도 김 부장 담화를 두고 &quot;우리 군의 조사 결과를 부정하고 장병들의 피해를 조롱하는 북한에 분명하게 항의하고 책임을 묻는 것 역시 대통령의 책무&quot;라며 &quot;대화는 필요하다. 그러나 북한이 우리를... ,https://www.hankookilbo.com/news/article/A2026100310210000424?did=NA,https://n.news.naver.com/mnews/article/469/0000957495?sid=100,"Sat, 03 Oct 2026 10:48:00 +0900"
권영세,공공임대 문턱 낮추는 정부···청년 주거난 해소는 '글쎄',"한국은행이 권영세 국민의힘 의원실에 제출한 자료에 따르면 올해 2분기 말 기준 20대 차주 1인당 평균 주택담보대출 잔액은 2억394만원으로, 통계 작성 이후 처음으로 2억원을 넘어섰다. 40대의 1억8586만원, 50대의... ",https://www.seoulfn.com/news/articleView.html?idxno=639143,https://www.seoulfn.com/news/articleView.html?idxno=639143,"Sat, 03 Oct 2026 10:00:00 +0900"
권영세,한·우크라 외교갈등 확산… 李 &quot;사과 없으면 추가 조치&quot;,권영세 국민의힘 의원도 &quot;북한에 물어야 할 책임을 우방에 묻고 있는 것&quot;이라고 비판했다. 그는 북한군 포로의 한국 송환 과정에서 우크라이나의 협조가 있었다는 점을 거론하며 향후 한국행을 원하는 북한군 포로가... ,https://www.newscj.com/news/articleView.html?idxno=3437548,https://www.newscj.com/news/articleView.html?idxno=3437548,"Fri, 02 Oct 2026 23:00:00 +0900"
권영세,"野, '우크라에 공개사과 요구' 李대통령에 &quot;선택적 분노&quot;","통일부 장관을 지낸 5선 권영세 의원은 SNS 글에서 &quot;우크라이나는 러시아, 그리고 러시아에 파병된 북한군과 싸우고 있는 우리의 우방&quot;이라면서 &quot;우리 장병을 다치게 한 북한에는 사과 한마디 요구하지 않던 대통령이... ",https://biz.sbs.co.kr/article_hub/20000338190?division=NAVER,https://n.news.naver.com/mnews/article/374/0000536138?sid=101,"Fri, 02 Oct 2026 18:12:00 +0900"
권영세,&quot;우크라이나 사과 거부하면 추가 조치&quot; 경고,"권영세 의원은 아예 &quot;우크라이나는 러시아, 그리고 러시아에 파병된 북한군과 싸우고 있는 우리의 우방&quot;이라고 했고, 안철수 의원은 &quot;김여정이 지뢰 도발을 '자작극'이라고 거짓을 설파할 땐 침묵하고, 우크라이나에 뒷북... ",https://www.koreareport.co.kr/news/articleView.html?idxno=53390,https://www.koreareport.co.kr/news/articleView.html?idxno=53390,"Fri, 02 Oct 2026 16:32:00 +0900"
권영세,"野, 우크라에 사과 요구하는 李 대통령에 “北에는 찍소리도 못하면서”","통일부 장관을 지낸 권영세 의원은 이 대통령을 향해 “북한에 물어야 할 책임을 우방에 묻고 있는 것”이라고 했다. 권 의원은 이날 페이스북에 올린 글에서 “우크라이나는 러시아, 그리고 러시아에 파병된 북한군과... ",https://www.chosun.com/politics/politics_general/2026/10/02/NPMJ7ZQUGFENBNZPQQ2RKWN5AY/?utm_source=naver&utm_medium=referral&utm_campaign=naver-news,https://n.news.naver.com/mnews/article/023/0004001805?sid=100,"Fri, 02 Oct 2026 16:06:00 +0900"
권영세,"국힘, '우크라 사과 요구' 이 대통령에 &quot;북한엔 왜 한마디 못하나&quot;","통일부 장관을 지낸 5선 권영세 의원은 SNS 글에서 &quot;우크라이나는 러시아, 그리고 러시아에 파병된 북한군과 싸우고 있는 우리의 우방&quot;이라면서 &quot;우리 장병을 다치게 한 북한에는 사과 한마디 요구하지 않던 대통령이... ",https://www.mediapen.com/news/view/1127589,https://www.mediapen.com/news/view/1127589,"Fri, 02 Oct 2026 15:24:00 +0900"
권영세,"野, '우크라에 공개사과 요구' 이 대통령에 &quot;선택적 분노&quot;","통일부 장관을 지낸 5선 권영세 의원은 SNS 글에서 &quot;우크라이나는 러시아, 그리고 러시아에 파병된 북한군과 싸우고 있는 우리의 우방&quot;이라면서 &quot;우리 장병을 다치게 한 북한에는 사과 한마디 요구하지 않던 대통령이... ",http://www.yonhapnewstv.co.kr/news/AKR20261002151407SqG,https://n.news.naver.com/mnews/article/422/0000911962?sid=100,"Fri, 02 Oct 2026 15:15:00 +0900"
권영세,국힘 &quot;선택적 분노&quot;…李대통령 우크라 사과 요구에 일제 포화,"장동혁 &quot;이란·북한엔 침묵, 우방에만 분노&quot; 권영세·안철수·한동훈 등 여야 중진들도 잇따라 비판 지난달... 통일부 장관을 지낸 5선 권영세 의원은 SNS에 &quot;우크라이나는 러시아, 그리고 러시아에 파병된 북한군과 싸우고... ",https://www.tjb.co.kr/news05/bodo/view/id/104348,https://www.tjb.co.kr/news05/bodo/view/id/104348,"Fri, 02 Oct 2026 15:04:00 +0900"
권영세,"李, 우크라에 “대통령 거짓말쟁이 만들어”…사과 거부 땐 추가 조치",권영세·안철수 국민의힘 의원 등도 우크라이나는 러시아와 북한군을 상대로 전쟁 중인 국가라며 북한에 물어야 할 책임을 우크라이나에 돌리고 있다고 비판했다. 김용태 의원은 포로 송환 문제를 공개 충돌이 아닌 외교... ,https://www.kukinews.com/article/view/kuk202610020136,https://www.kukinews.com/article/view/kuk202610020136,"Fri, 02 Oct 2026 15:02:00 +0900"
권영세,이 대통령 '우크라 사과 요구'에…국힘 &quot;북한에는 왜 못하나&quot;,"통일부 장관을 지낸 5선 권영세 의원은 SNS 글에서 &quot;우크라이나는 러시아, 그리고 러시아에 파병된 북한군과 싸우고 있는 우리의 우방&quot;이라면서 &quot;우리 장병을 다치게 한 북한에는 사과 한마디 요구하지 않던 대통령이... ",http://mbn.mk.co.kr/pages/news/newsView.php?category=mbn00006&news_seq_no=5222727,https://n.news.naver.com/mnews/article/057/0001971739?sid=100,"Fri, 02 Oct 2026 15:01:00 +0900"
권영세,"&quot;우크라엔 분노, 북한엔 침묵&quot;…국힘 '李 선택적 외교' 맹공","우크라이나냐&quot; 권영세·안철수도 가세…&quot;우방엔 책임 묻고 北 도발엔 침묵&quot; 국민의힘이 2일 이재명 대통령의... 통일부 장관을 지낸 권영세 의원도 가세했다. 권 의원은 SNS에서 &quot;우크라이나는 러시아, 그리고 러시아에 파병된... ",https://www.sisajournal.com/news/articleView.html?idxno=389098,https://n.news.naver.com/mnews/article/586/0000139342?sid=100,"Fri, 02 Oct 2026 14:59:00 +0900"
권영세,"국힘, ‘우크라이나 사과 요구’ 이 대통령 향해 “선택적 분노”","통일부 장관을 지낸 5선 권영세 의원은 SNS에서 ”우크라이나는 러시아, 그리고 러시아에 파병된 북한군과 싸우고 있는 우리의 우방“이라면서 ”우리 장병을 다치게 한 북한에는 사과 한마디 요구하지 않던 대통령이... ",https://news.kbs.co.kr/news/pc/view/view.do?ncd=8676702&ref=A,https://n.news.naver.com/mnews/article/056/0012267065?sid=100,"Fri, 02 Oct 2026 14:40:00 +0900"
권영세,"국힘, '우크라에 공개사과 요구' 李대통령에 &quot;선택적 분노&quot;","통일부 장관을 지낸 5선 권영세 의원은 SNS 글에서 &quot;우크라이나는 러시아, 그리고 러시아에 파병된 북한군과 싸우고 있는 우리의 우방&quot;이라면서 &quot;우리 장병을 다치게 한 북한에는 사과 한마디 요구하지 않던 대통령이... ",https://www.yna.co.kr/view/AKR20261002108900001?input=1195m,https://n.news.naver.com/mnews/article/001/0016353794?sid=100,"Fri, 02 Oct 2026 14:27:00 +0900"
차규근,11월 12일 불법 공유숙박 단속 시행…중개 플랫폼에 500만원 과태료,"2024년 국정감사 때 차규근 의원실에 제출된 국세청 자료로는 지자체가 단속한 무신고 숙박공유 750건 가운데 세무 추징은 48건, 6.4%에 그쳤다. ◆ 오피스텔·고시원은 신고 자체가 불가능하다 예약자가 가장 많이... ",https://www.imaeil.com/page/view/2026100307190111877,https://n.news.naver.com/mnews/article/088/0001031989?sid=102,"Sat, 03 Oct 2026 07:21:00 +0900"
차규근,추모 넘어 기록·교육으로…대구 10월항쟁 정책 제도화 촉구,"한편, 10월항쟁 80주년 행사위원회를 포함해 윤종오 진보당 원내대표와 차규근 조국혁신당 의원은 오는 6일 국회 소통관에서 기자회견을 열고 &quot;10월항쟁 특별법 제정을 더 이상 늦춰서는 안 된다&quot;며 국회와 정치권의... ",https://www.kyongbuk.co.kr/news/articleView.html?idxno=4086128,https://www.kyongbuk.co.kr/news/articleView.html?idxno=4086128,"Fri, 02 Oct 2026 22:30:00 +0900"
차규근,‘검찰범죄’ 특검을 해야 하는 50가지 이유⑪ 검찰청은 사라졌으나 검...,"-차규근 위원: 강백신 증인, 증인은 대장동 사건, 윤석열 명예훼손 사건 수사하셨는데 범죄수사가 필요하다고... -강백신 증인: 예, 당연히 적법절차를 지켜서 수사를 하였습니다.(중략) -차규근 위원: 내 편이라도 엄정하게... ",https://newstapa.org/article/JxNr2,https://n.news.naver.com/mnews/article/607/0000003519?sid=102,"Fri, 02 Oct 2026 19:10:00 +0900"
차규근,민변 2026 국회 입법감시 의견서 발표,더불어민주당 김남근·박주민 의원과 조국혁신당 차규근 의원이 기자회견에 동참했다. 여 부회장은... 차규근 의원은 &quot;이번 국회에서는 반드시 집단소송법을 통과시켰으면 좋겠다&quot;면서 &quot;그 밖에도 제안되는 여러 법안에... ,https://www.newsclaim.co.kr/news/articleView.html?idxno=3077352,https://www.newsclaim.co.kr/news/articleView.html?idxno=3077352,"Fri, 02 Oct 2026 18:54:00 +0900"
차규근,[2026 국감] '곪아 터진' 중진공 한계기업 대출 1조 돌파…강석진 이사장...,2일 국회 산업통상자원중소벤처기업위원회 소속 차규근 의원(조국혁신당)에 따르면... 강석진 중소벤처기업진흥공단 이사장 [사진=뉴스핌 DB] 차규근 의원은 &quot;정책금융은 일시적인 경영위기를 겪는 기업이... ,https://www.newspim.com/news/view/20261002001210,https://www.newspim.com/news/view/20261002001210,"Fri, 02 Oct 2026 17:21:00 +0900"
차규근,&quot;지역별 전기요금 자칫하면 보조금에 그칠수도&quot;,&quot;인하만 있는 구조는 가격제가 아니다.&quot; 10일 김대욱 숭실대학교 경제학과 교수는 국회 김종민·서왕진·차규근 의원과 기후시민프로젝트는 '산업용 지역 전기요금제 설계안 진단 및 개선방향 토론회'의 발제자로 나서 최근... ,https://www.electimes.com/news/articleView.html?idxno=373070,https://www.electimes.com/news/articleView.html?idxno=373070,"Fri, 02 Oct 2026 16:52:00 +0900"
차규근,"이재명, '친윤 검사들에게 호의적'이란 비판에 반박 나섰다 : &quot;세상사라...","특히 김학의 전 법무부 차관 출국금지 사건과 관련해 이광철 전 청와대 민정비서관과 차규근 조국혁신당 의원(당시 법무부 출입국 외국인정책본부 본부장)은 기소하고, 친윤 검사였던 윤대진 전 검찰국장은 불기소 결정을... ",https://www.huffingtonpost.kr/article/260965,https://www.huffingtonpost.kr/article/260965,"Fri, 02 Oct 2026 16:26:00 +0900"
차규근,사람은 부족한데 심사는 늘었다…특허심사관 1명이 연 201건 처리,2일 국회 산업통상자원중소벤처기업위원회 소속 차규근 의원(조국혁신당)이 지식재산처로부터... 차규근 의원은 &quot;특허심사는 기업의 기술경쟁력과 직결되는 만큼 심사관에게 충분한 검토 시간이 보장돼야... ,https://www.news1.kr/local/daejeon-chungnam/6309094,https://n.news.naver.com/mnews/article/421/0009206784?sid=102,"Fri, 02 Oct 2026 15:02:00 +0900"
차규근,[이슈] 78년만 檢폐지②…與 &quot;시스템 안착 총력&quot; 국힘 &quot;치안 지옥문 열려...,차규근 최고위원은 &quot;국가수사본부와 중수청이 초기 수사를 충실히 진행해야 수사 공백이 사라지고 공소청의 보완수사 요구 부담과 피해자의 기다림이 줄어든다&quot;고 제시했다. 이어 차 최고위원은 &quot;이를 막는 걸림돌이 바로... ,https://www.polinews.co.kr/news/articleView.html?idxno=744735,https://www.polinews.co.kr/news/articleView.html?idxno=744735,"Fri, 02 Oct 2026 14:39:00 +0900"
차규근,"78년 검찰 중수청·공소청으로...청장 없이, 정원 66%, 판사 출신 3명",춘천지법·의정부지법·서울행정법원 판사를 지내고 2006년 변호사로 나와 김학의 전 차관 불법 출국금지 사건의 차규근 의원과 조국 전 대표 일가를 변호했다. 서울중수청장에는 검사 출신 최재민(55·30기) 변호사가... ,https://www.thepublic.kr/news/articleView.html?idxno=321011,https://www.thepublic.kr/news/articleView.html?idxno=321011,"Fri, 02 Oct 2026 14:10:00 +0900"
차규근,[검찰청 폐지 D-day] 공소청 찾은 조국혁신당 &quot;수사권은 국민을 위해&quot;,차규근 혁신당 최고위원은 국가수사본부(이하 국수본)와 중수청의 초기 수사가 전제돼야 공소청의 보완수사요구 업무 부담이 줄고 사건 처리가 빨라진다며 현행 수사준칙 제29조의 제3항의 삭제를 촉구했다. 해당 조항은... ,https://www.sisaweek.com/news/articleView.html?idxno=238190,https://www.sisaweek.com/news/articleView.html?idxno=238190,"Fri, 02 Oct 2026 12:56:00 +0900"
천하람,여수 합구·순천 분구?...&quot;논의부터 신속하게&quot;,"* *천하람 / 개혁신당 국회의원* &quot;수도권 (인구)집중이 더 강해지면서 특히 경기도권에 분구 수요가 늘어난 부분이 있고요. 기존의 전남 의석 10개를 그대로 지켜낼 수 있을 것인가, 혹시 다른 형태의 산식들이 적용되는... ",https://kjmbc.co.kr/NewsArticle/1539492,https://kjmbc.co.kr/NewsArticle/1539492,"Sat, 03 Oct 2026 20:25:00 +0900"
천하람,[부고]강은규(천하람 개혁신당 원내대표 보좌관)씨 모친상,"△노춘래(향년 88세)씨 별세, 강준규·강연규·강은규(천하람 개혁신당 원내대표 보좌관)씨 모친상, 임수영씨 시모상, 홍주영·박진국씨 장모상, 강진건·홍소윤·홍지윤·박유안씨 조모상= 3일, 수리동성당장례식장... ",https://www.nocutnews.co.kr/news/6586889?utm_source=naver&utm_medium=article&utm_campaign=20261003080638,https://n.news.naver.com/mnews/article/079/0004195477?sid=100,"Sat, 03 Oct 2026 20:07:00 +0900"
천하람,[부고] 강은규(천하람 개혁신당 원내대표 보좌관)씨 모친상,"▲ 노춘래씨 별세, 강준규·강연규·강은규(천하람 개혁신당 원내대표 보좌관)씨 모친상 =별세: 3일 =빈소: 수리동성당장례식장 지하 1층 장례식장 =발인: 5일 오전 9시 =장지: 천주교 비봉 추모공원 =연락처: 031-396-3401",https://www.newspim.com/news/view/20261003000078,https://www.newspim.com/news/view/20261003000078,"Sat, 03 Oct 2026 16:07:00 +0900"
천하람,[부고]강은규(천하람 개혁신당 원내대표 보좌관)씨 모친상,"■ 노춘래 씨 별세, 강준규·강연규·강은규(천하람 개혁신당 원내대표 보좌관) 모친상 = 3일, 수리동성당장례식장 지하1층 장례식장, 발인 5일 오전 9시, 천주교 비봉 추모공원, (031)396-3401",https://www.mt.co.kr/politics/2026/10/03/2026100315160235904,https://n.news.naver.com/mnews/article/008/0005421857?sid=100,"Sat, 03 Oct 2026 15:28:00 +0900"
천하람,10월의 시작…공소청·중수청 시대 개막[노컷한컷],강 장관은 '북한군 지뢰가 확실하다고 할 수 있느냐'는 천하람 개혁신당 의원의 질의에 &quot;예&quot;라고 답했다. 이어 '유실이 아니라 아예 심은 것으로 보인다'는 질의에는 &quot;유실은 아닌 것으로 본다&quot;며 &quot;2025년 9월에 설치한... ,https://www.nocutnews.co.kr/news/6586626?utm_source=naver&utm_medium=article&utm_campaign=20261002034624,https://n.news.naver.com/mnews/article/079/0004195309?sid=102,"Fri, 02 Oct 2026 15:47:00 +0900"
오늘의 주요일정,[AI] 오늘의 띠별 운세...2026.10.4(일요일),"눈에 띄는 성과는 아직 부족하더라도, 오늘 잡은 루틴이 한 주 전체의 생산성을 끌어올릴 수 있다는 분석이다. 가족과의 약속을 소홀히 하면 불필요한 마찰이 생길 수 있어, 일정 관리에 신경 써야 한다. ◆호랑이띠는... ",http://www.newsroad.co.kr/news/articleView.html?idxno=65263,http://www.newsroad.co.kr/news/articleView.html?idxno=65263,"Sun, 04 Oct 2026 06:30:00 +0900"
오늘의 주요일정,[오늘의 주요일정]사회(10월4일 일요일),"▲오전 11시 사랑제일교회, 태평로1가 동화면세점 앞 인도, 전국 주일 연합 예배 ▲오후 1시30분 신자유연대, 성북동 15-40 앞 인도, 영화 '암살자(들)' 제작자 및 배우 규탄 ▲오후 3시 방패단, 하이브미디어코프 앞, 영화... ",https://www.newsis.com/view/NISX20261003_0003813731,https://n.news.naver.com/mnews/article/003/0014232379?sid=102,"Sun, 04 Oct 2026 06:00:00 +0900"
오늘의 주요일정,[오늘의 주요일정]경기북부(10월4일 일요일),"◇고양 ▲오전 9시, 고양가을꽃축제, 고양국제박람회재단 ▲오전 11시, 고양시 전국 막걸리 축제, 일산문화광장 ◇포천 ▲오전 11시, 창수야 놀자! 개회식, 보장초등학교",https://www.newsis.com/view/NISX20260928_0003804866,https://n.news.naver.com/mnews/article/003/0014232368?sid=102,"Sun, 04 Oct 2026 05:00:00 +0900"
오늘의 주요일정,[오늘의 주요일정]정치(10월4일 일요일),◇청와대【대통령】 공식일정 없음 ◇총리실【총리】 공개일정 없음 ◇국방부【장관】 통상일정 ◇외교부【장관】 통상일정 ◇통일부【장관】 통상일정 ◇더불어민주당【당대표】 공개일정 없음 【원내대표】... ,https://www.newsis.com/view/NISX20261003_0003813726,https://n.news.naver.com/mnews/article/003/0014232367?sid=100,"Sun, 04 Oct 2026 05:00:00 +0900"
오늘의 주요일정,[오늘의 주요일정]부산(10월4일 일요일),"▲오후 4시20분, 부산시장, 천주교 부산교구 젊은이의 날 행사, 스포원파크",https://www.newsis.com/view/NISX20261001_0003811299,https://n.news.naver.com/mnews/article/003/0014232369?sid=102,"Sun, 04 Oct 2026 05:00:00 +0900"
오늘의 주요일정,"[오늘의 주요일정] 정치·정부 (4일, 일)",◇청와대 -대통령 ◇국무총리실 -총리 ◇외교부 -장관 -1·2차관 ◇통일부 -장관 -차관 15:30 '10·4 남북정상선언 19주년 기념행사' 참석 (경기 파주 도라산역) ◇국방부 -장·차관 ◇국가보훈부 -장·차관 ◇감사원 -원장... ,https://www.news1.kr/politics/assembly/6309920,https://n.news.naver.com/mnews/article/421/0009208534?sid=100,"Sun, 04 Oct 2026 05:00:00 +0900"
오늘의 주요일정,[오늘의 띠별 운세] 2026년 10월 4일 일요일,"오늘은 서두르기보다, 스스로의 속도를 존중하는 이에게 기회가 한 번 더 고개를 내미는 흐름이 이어집니다.... 고려해 일정 조정을 해야 무리가 줄어듭니다. △ 58년생: 재정 운에서 현금 흐름 관리가 주요 화두로... ",https://www.public25.com/news/articleView.html?idxno=55893,https://www.public25.com/news/articleView.html?idxno=55893,"Sun, 04 Oct 2026 00:10:00 +0900"
오늘의 주요일정,[오늘의 띠별 운세] 10월 4일 나이별 총운…힘을 모으되 쓰임은 가려야,○ 10월 4일 띠별 나이별 오늘의 운세(음력 8월 24일 신해일) ◆ 쥐띠 재물운 : 가진 것을 활용하되 새 지출은 필요성을 가려 결정하는 흐름이다. 생활운 : 익숙한 방식에 힘이 실리지만 일정의 여백도 남겨둘 필요가 있다.... ,https://www.topstarnews.net/news/articleView.html?idxno=16236994,https://www.topstarnews.net/news/articleView.html?idxno=16236994,"Sat, 03 Oct 2026 21:52:00 +0900"
오늘의 주요일정,제72회 백제문화제 공주·부여서 개막…&quot;웅진·사비백제 역사 꽃피울 것...,"비롯한 주요 내빈과 관광객 등이 참석한 가운데 사비천도 행렬과 사비정도고유제, 개막식, 주제공연 및 축하공연, 드론 아트쇼 등이 이어졌다. 이 군수는 개회사를 통해 &quot;찬란했던 사비 백제의 문화유산 위에 오늘의 빛을... ",https://news.tf.co.kr/read/national/2372811.htm,https://n.news.naver.com/mnews/article/629/0000539262?sid=102,"Sat, 03 Oct 2026 20:30:00 +0900"
오늘의 주요일정,[현장] 제17회 대전효문화뿌리축제… &quot;뿌리 찾아 효(孝) 새기는 뿌리공...,"3일간의 일정을 마무리한다. 문중의 깃발에서 시작한 이날의 '뿌리 찾기'는 어느새 아이들의 놀이와 가족사진, 먹거리와 음악으로 이어지고 있었다. 누구의 후손인지를 확인하는 데서 한 걸음 더 나아가, 오늘 함께... ",https://www.newscj.com/news/articleView.html?idxno=3437623,https://www.newscj.com/news/articleView.html?idxno=3437623,"Sat, 03 Oct 2026 15:28:00 +0900"
오늘의 주요일정,'2026 아시안게임' 3일 레슬링→축구 한일전 등 경기일정,"2026 아시안게임 경기일정 생중계 / MBC 제공 오늘(3일), '2026 아이치-나고야 아시안게임' 막바지 메달 레이스... 대한민국 주요 경기들을 생생하게 전달한다. #레슬링 #오전 10시 30분 #자유형 16강~결승 레슬링은 여자... ",https://www.gukjenews.com/news/articleView.html?idxno=3712401,https://www.gukjenews.com/news/articleView.html?idxno=3712401,"Sat, 03 Oct 2026 10:52:00 +0900"
오늘의 주요일정,금시세(금값),"오늘의 금시세 금값시세 금시세닷컴 금시세닷컴 토요일인 3일 기준, 오늘의 금시세, 순금 한 돈은 팔때 700... 한편 유럽 주요국이 에너지 수급 불안과 고유가에 대응하기 위해 전략비축유(SPR)에서 원유와 디젤을 긴급... ",https://www.bntnews.co.kr/article/view/bnt202610030002,https://www.bntnews.co.kr/article/view/bnt202610030002,"Sat, 03 Oct 2026 09:04:00 +0900"
오늘의 주요일정,"내 돈인데, AI 때문에 내가 마음대로 쓸 수 없다면",바로 이러한 우려가 오늘날 디지털 화폐를 둘러싼 논쟁의 핵심 가운데 하나입니다. 정부와 한국은행이... 정부 당국은 전화금융사기 예방과 보조금의 중복 지급 방지 등을 주요 도입 취지로 설명하고 있습니다. 그러나 과연... ,https://www.christiantoday.co.kr/news/377701,https://www.christiantoday.co.kr/news/377701,"Sat, 03 Oct 2026 08:30:00 +0900"
오늘의 주요일정,무료 배너 열자 두 달 만에 학원 50곳 문의…'일등공부' 수익화 실험 시...,주요 기능은 모두 무료다. ◇ 시간표에서 아이 마음까지…다음 승부수는 AI 학원상담 일등공부는 지난 6월 5일 '오늘 할 일'을 선보인 데 이어 7월 10일 '오늘의 타로'와 '오늘 듣고 싶은 말'을 추가했다. 학교·학원 일정... ,https://www.newswhoplus.com/news/articleView.html?idxno=70933,https://www.newswhoplus.com/news/articleView.html?idxno=70933,"Sat, 03 Oct 2026 07:00:00 +0900"
오늘의 주요일정,[오늘의 주요일정]충북(10월3일 토요일),"▲오전 7시30분, 산티니 충주 그란폰도 자전거대회, 충주종합운동장 ▲오전 9시, 24회 제천시장배 전국동호인 테니스대회, 신동테니스장 ▲오전 9시30분, 영동 추풍령면민화합 체육대회, 추풍령중학교 ▲오전 10시... ",https://www.newsis.com/view/NISX20261002_0003813164,https://n.news.naver.com/mnews/article/003/0014231279?sid=102,"Sat, 03 Oct 2026 06:00:00 +0900"
오늘의 주요일정,[오늘의 주요일정]문화체육관광부(10월3일 토요일),◇장관 ▲09:30 개천절 경축식(세종문화회관),https://www.newsis.com/view/NISX20261002_0003812904,https://n.news.naver.com/mnews/article/003/0014231287?sid=103,"Sat, 03 Oct 2026 06:00:00 +0900"
오늘의 주요일정,[오늘의 주요일정]서울시(10월3일 토요일),◇서울시장 ▲18:20 2026 강남페스티벌(도산공원 사거리 메인행사장),https://www.newsis.com/view/NISX20261002_0003812984,https://n.news.naver.com/mnews/article/003/0014231283?sid=102,"Sat, 03 Oct 2026 06:00:00 +0900"
오늘의 주요일정,[오늘의 주요일정]사회(10월3일 토요일),"▲오전 6시30분 삼성중공업하청업체, 서초동 삼성전자 서초사옥 앞, 삼성중공업 하도급 위반 규탄 집회 ▲오전 7시 民콘크리트펌프지회, 가락동 가락창의혁신지구 건설현장 앞, 생존권 쟁취 집회 ▲오전 7시... ",https://www.newsis.com/view/NISX20261002_0003813293,https://n.news.naver.com/mnews/article/003/0014231277?sid=102,"Sat, 03 Oct 2026 06:00:00 +0900"
오늘의 주요일정,"[오늘의 주요일정] 정치·정부 (3일, 토)",◇청와대 -대통령 ◇국무총리실 -총리 10:00 제4358주년 개천절 경축식 ◇외교부 -장관 -1차관 -2차관 ◇통일부 -장관 -차관 ◇국방부 -장관 -차관 ◇국가보훈부 -장관 -차관 ◇감사원 -원장 ◇국민권익위원회 -위원장... ,https://www.news1.kr/politics/assembly/6309574,https://n.news.naver.com/mnews/article/421/0009207630?sid=100,"Sat, 03 Oct 2026 05:00:00 +0900"
오늘의 주요일정,[오늘의 주요일정]전북(10월3일 토요일),"◇전북특별자치도 ▲낮 12시, 요안루갈다제 행사, 치명자산성지 ▲오후 3시, 제18회 전주비빔밥축제, 전주 덕진공원 ◇전주시 ▲오후 3시, 전주비빔밥축제 대형비빔 퍼포먼스, 덕진공원 ◇군산시 ▲오전 10시... ",https://www.newsis.com/view/NISX20261002_0003812268,https://n.news.naver.com/mnews/article/003/0014231262?sid=102,"Sat, 03 Oct 2026 05:00:00 +0900"
오늘의 주요일정,[오늘의 주요일정]경기북부(10월3일 토요일),"◇고양 ▲오전 9시, 2026 고양가을꽃축제, 고양국제박람회재단 ▲오전 11시, 2026 고양시 전국 막걸리 축제, 일산문화광장 ▲낮 12시, 제12회 창릉동 용머리축제, 동산꽃맞이공원 ▲오후 2시, 2026년 고양특례시민의 날... ",https://www.newsis.com/view/NISX20260928_0003804865,https://n.news.naver.com/mnews/article/003/0014231267?sid=102,"Sat, 03 Oct 2026 05:00:00 +0900"
오늘의 주요일정,[오늘의 주요일정]부산(10월3일 토요일),"▲오전 9시, 월드비전 글로벌 마라톤, 사하구 다대포 일원 ▲오전 10시, 제8회 부산 도시농업 어울마당, 송상현광장 ▲오전 11시, 북구청장, 위드펫스타 행사, 화명생태공원 잔디광장 ▲오후 1시, 금정생활문화연합회... ",https://www.newsis.com/view/NISX20261001_0003811295,https://n.news.naver.com/mnews/article/003/0014231263?sid=102,"Sat, 03 Oct 2026 05:00:00 +0900"
오늘의 주요일정,"[오늘의 주요일정] 부산·경남(3일, 토)",◇부산시 -전재수 시장 14:00 부산 KCC 이지스 프로농구단 홈개막전(사직실내체육관) ◇경남도 -박완수 지사 일정 없음 ◇경남교육청 -권순기 교육감 일정 없음,https://www.news1.kr/local/busan-gyeongnam/6309554,https://n.news.naver.com/mnews/article/421/0009207627?sid=102,"Sat, 03 Oct 2026 05:00:00 +0900"
오늘의 주요일정,[오늘의 주요일정]정치(10월3일 토요일),◇청와대【대통령】 공식일정 없음 ◇총리실【총리】 10:00 제4358주년 개천절 경축식(서울 종로구) ◇국방부【장관】 통상일정 ◇외교부【장관】 통상일정 ◇통일부【장관】 통상일정 ◇더불어민주당... ,https://www.newsis.com/view/NISX20261002_0003813304,https://n.news.naver.com/mnews/article/003/0014231258?sid=100,"Sat, 03 Oct 2026 05:00:00 +0900"
오늘의 주요일정,[오늘의 주요일정]인천·김포·부천(10월3일 토요일),"◇인천시 ▲오후 5시, 제30회 부평풍물대축제, 부평역 사거리 앞 ▲오후 6시, 제33회 부평구민의날, 부흥119안전센터 앞 ◇김포시 ▲통상일정 ◇부천시 ▲통상일정",https://www.newsis.com/view/NISX20260927_0003804382,https://n.news.naver.com/mnews/article/003/0014231266?sid=102,"Sat, 03 Oct 2026 05:00:00 +0900"
오늘의 주요일정,오늘의 운세-띠별(10월3일),"있다면 오늘 마음을 전해보는 것도 좋다. 거창한 표현은 필요 없다. 건강운은 일과 약속으로 채워진 일정에... 취업을 준비하는 사람은 지원할 때마다 처음부터 자료를 찾지 않도록 경력이나 경험, 주요 성과를 미리... ",http://www.kjdaily.com/article.php?aid=1790953201688170227,http://www.kjdaily.com/article.php?aid=1790953201688170227,"Sat, 03 Oct 2026 00:02:00 +0900"
오늘의 주요일정,[2026 국감] 윤준병 의원 &quot;'농업민생 6법' 현장 안착 중요…제대로 작동...,국회 농림축산식품해양수산위원회에서 여야 협상과 의사일정을 이끌고 있는 윤준병 더불어민주당 의원과... 등 주요 농정 현안과 내년도 정부 예산안을 어떻게 진단하고 어떤 해법을 제시하는지 여야 두 간사에게... ,https://www.agrinet.co.kr/news/articleView.html?idxno=407659,https://www.agrinet.co.kr/news/articleView.html?idxno=407659,"Fri, 02 Oct 2026 19:58:00 +0900"
오늘의 주요일정,"대전 꿈나래교육원, 서울 일원서 독립운동가 발자취 찾는 역사 동행프로...",학생들은 전시실 곳곳을 탐색하며 주요 국보·보물급 지정 유물을 직접 관찰하고 과제 활동지를 완성하는 등 유물 속에 담긴 당대의 사회상과 역사적 맥락을 주체적으로 탐구했다. 아울러 모든 탐방 일정을 매듭지은 후에는... ,https://www.newsworker.co.kr/news/articleView.html?idxno=507102,https://www.newsworker.co.kr/news/articleView.html?idxno=507102,"Fri, 02 Oct 2026 18:26:00 +0900"
오늘의 주요일정,[헬로스톡] 10/2 주목할 종목 : 동국제약·CJ제일제당·NAVER·아이씨티케...,가동 일정이 구체화되면서 실적 가시성 부족이 해소될 전망이다. 10월 중 NVIDIA 및 Brookfield와의 협력 구조 확인과 이후 주요 고객사 계약 공개도 기대된다. 2026F PER 14.8배로 성장주 대비 밸류에이션이 낮아... ,https://www.hellot.net/news/article.html?no=115279,https://www.hellot.net/news/article.html?no=115279,"Fri, 02 Oct 2026 18:24:00 +0900"
오늘의 주요일정,[꼬꼬무 찐리뷰]수학여행 간 중학생 46명 사망 참사…어른들의 안전 불...,"경서중학교의 수학여행 일정은 원래 2박 3일이었어. 그런데 당시엔 가정 형편이 어려워서, 수학여행비를 못... 사고의 주요 원인 중 하나로 지목했어. 그런데 취재 과정에서 놀라운 사실을 알게 됐어. 56년 만에 처음... ",https://ent.sbs.co.kr/news/article.do?article_id=E10010322776&plink=ORI&cooper=NAVER,https://m.entertain.naver.com/article/416/0000327061,"Fri, 02 Oct 2026 17:30:00 +0900"
오늘의 국회일정,&quot;트럼프 압박 vs 상업적 합리성&quot;…한국 대미투자 출발부터 암초,건설 일정 등 개별 원전 프로젝트를 구체화하고 사업별로 상업적 합리성 검토와 국회 보고 절차를 거쳐... 김 장관은 양국의 대미투자 프로젝트 발표 후 &quot;오늘의 발표는 끝이 아닌 새로운 시작&quot;이라고 말했다. 그는... ,https://www.jnilbo.com/news/articleView.html?idxno=90000070755,https://www.jnilbo.com/news/articleView.html?idxno=90000070755,"Sun, 04 Oct 2026 07:12:00 +0900"
오늘의 국회일정,"트럼프 압박까지…대미투자, 알래스카 LNG 암초에 산 넘어 산",건설 일정 등 개별 원전 프로젝트를 구체화하고 사업별로 상업적 합리성 검토와 국회 보고 절차를 거쳐... 김 장관은 양국의 대미투자 프로젝트 발표 후 &quot;오늘의 발표는 끝이 아닌 새로운 시작&quot;이라고 말했다. 그는... ,https://www.yna.co.kr/view/AKR20260923183200003?input=1195m,https://n.news.naver.com/mnews/article/001/0016356178?sid=101,"Sun, 04 Oct 2026 05:55:00 +0900"
오늘의 국회일정,"[오늘의 주요일정] 정치·정부 (4일, 일)",도라산역) ◇국방부 -장·차관 ◇국가보훈부 -장·차관 ◇감사원 -원장 ◇국민권익위원회 -위원장 ◇국회 -국회의장 ◇더불어민주당 -당대표·원내대표 ◇국민의힘 -당대표·원내대표 ◇조국혁신당 -당대표 15:30 10·4... ,https://www.news1.kr/politics/assembly/6309920,https://n.news.naver.com/mnews/article/421/0009208534?sid=100,"Sun, 04 Oct 2026 05:00:00 +0900"
오늘의 국회일정,"[아주경제 오늘의 뉴스 종합] 北, 김여정 대남 비난 이튿날 동해상 탄도...",박성훈 수석대변인은 국회에서 취재진에게 &quot;오늘 이후 예정된 장외집회 계획은 없다&quot;며 &quot;국감을 통해 민생과... 악시오스는 트럼프 행정부가 사전에 일정을 공개하지 않고 캠프 데이비드에서 극비 수뇌부 회동을 연 것은... ,https://www.ajunews.com/view/20261003214000645,https://www.ajunews.com/view/20261003214000645,"Sat, 03 Oct 2026 21:44:00 +0900"
오늘의 국회일정,제72회 백제문화제 공주·부여서 개막…&quot;웅진·사비백제 역사 꽃피울 것...,"축제 일정에 들어갔다. 중부권 대표 역사문화축제인 백제문화제는 올해 공주와 부여에서 각각 '청동거울... 이용우 부여군수, 박수현 충남지사, 백용달 부여군의장, 윤용근 국회의원(국민의힘, 공주 부여 청양), 박정현... ",https://news.tf.co.kr/read/national/2372811.htm,https://n.news.naver.com/mnews/article/629/0000539262?sid=102,"Sat, 03 Oct 2026 20:30:00 +0900"
오늘의 국회일정,"[기자수첩] 안량 벤 관우, 노회찬 비극 부른 '오세훈법'… 눈물 훔칠 일...",정치자금 부정수수죄로 벌금 100만원 이상의 형이 확정될 경우 일정 기간 공직 취임을 제한하고 이미 공직에... 특히 현역 국회의원이 아닌 정치인과 정치 신인에게 불리하다는 비판이 이어졌다. 정치자금법은 깨끗한... ,https://www.newscj.com/news/articleView.html?idxno=3437652,https://www.newscj.com/news/articleView.html?idxno=3437652,"Sat, 03 Oct 2026 18:30:00 +0900"
오늘의 국회일정,[현장] 제17회 대전효문화뿌리축제… &quot;뿌리 찾아 효(孝) 새기는 뿌리공...,"3일간의 일정을 마무리한다. 문중의 깃발에서 시작한 이날의 '뿌리 찾기'는 어느새 아이들의 놀이와 가족사진, 먹거리와 음악으로 이어지고 있었다. 누구의 후손인지를 확인하는 데서 한 걸음 더 나아가, 오늘 함께... ",https://www.newscj.com/news/articleView.html?idxno=3437623,https://www.newscj.com/news/articleView.html?idxno=3437623,"Sat, 03 Oct 2026 15:28:00 +0900"
오늘의 국회일정,"[오늘의 주요일정] 정치·정부 (3일, 토)",경축식 ◇외교부 -장관 -1차관 -2차관 ◇통일부 -장관 -차관 ◇국방부 -장관 -차관 ◇국가보훈부 -장관 -차관 ◇감사원 -원장 ◇국민권익위원회 -위원장 ◇국회 -국회의장 ◇더불어민주당 -당대표 10:00 부산... ,https://www.news1.kr/politics/assembly/6309574,https://n.news.naver.com/mnews/article/421/0009207630?sid=100,"Sat, 03 Oct 2026 05:00:00 +0900"
오늘의 국회일정,[오늘의 주요일정]정치(10월3일 토요일),공개일정 없음 ◇국민의힘【당대표】 12:00 한국노총 공공노련 단식농성 천막방문(국회 정문 단식농성장) 15:00 '이재명 정권 심판' 민생회복·안보수호 국민행동대회(서울 중구 세종대로 55 숭례문(부영태평빌딩... ,https://www.newsis.com/view/NISX20261002_0003813304,https://n.news.naver.com/mnews/article/003/0014231258?sid=100,"Sat, 03 Oct 2026 05:00:00 +0900"
오늘의 국회일정,[2026 국감] 윤준병 의원 &quot;'농업민생 6법' 현장 안착 중요…제대로 작동...,국회 농림축산식품해양수산위원회에서 여야 협상과 의사일정을 이끌고 있는 윤준병 더불어민주당 의원과... 농지조사는 어제 오늘의 일이 아니다. 매년 전체 농지의 10% 정도에 대해서는 꾸준히 조사를 해왔다. 전수조사는... ,https://www.agrinet.co.kr/news/articleView.html?idxno=407659,https://www.agrinet.co.kr/news/articleView.html?idxno=407659,"Fri, 02 Oct 2026 19:58:00 +0900"
오늘의 국회일정,[2026 국감] 10월 6일부터 25일간 돌입…국회사무처 종합상황실 가동,당일 실시되는 국정감사 일정은 카카오톡 채널 '오늘의 국회'를 통해 매일 아침 확인할 수 있다. 각 위원회가 채택한 국정감사계획서 등 관련 자료는 위원회별 홈페이지에서도 확인할 수 있다.,https://www.newspim.com/news/view/20261002000833,https://www.newspim.com/news/view/20261002000833,"Fri, 02 Oct 2026 14:32:00 +0900"
오늘의 국회일정,기후·에너지 전환부터 산업경쟁력까지…국감 25일간 정책 실행력 점검,"당일 감사일정은 카카오톡 채널 '오늘의 국회'에서 매일 아침 확인할 수 있으며, 감사계획서 등은 위원회별 홈페이지에서 제공된다. 세부 일정과 대상기관은 변경될 수 있다. 감사 정보의 공개는 국민과 산업계가... ",https://www.energydaily.co.kr/news/articleView.html?idxno=203779,https://www.energydaily.co.kr/news/articleView.html?idxno=203779,"Fri, 02 Oct 2026 14:14:00 +0900"
오늘의 국회일정,"국회사무처, '국정감사 종합상황실' 현판식 개최","국정감사에 대한 국민들의 관심과 정보 접근성을 높이기 위해 국정감사수첩과 종합일정표는 국회 홈페이지에 공개할 예정이며, 당일 실시되는 국정감사 일정은 카카오톡 채널 '오늘의 국회'에서도 매일 아침 받아볼... ",http://www.thevaluenews.co.kr/news/view.php?idx=202075,http://www.thevaluenews.co.kr/news/view.php?idx=202075,"Fri, 02 Oct 2026 14:04:00 +0900"
오늘의 국회일정,"국회사무처, 6일부터 25일간 국정감사…846개 기관 대상","국정감사수첩과 종합일정표는 국회 홈페이지를 통해 공개하고, 당일 국정감사 일정은 카카오톡 채널 '오늘의 국회'를 통해 안내한다. 위원회별 국정감사계획서 등 관련 자료도 각 위원회 홈페이지에서 확인할 수... ",https://www.thefairnews.co.kr/news/articleView.html?idxno=89704,https://www.thefairnews.co.kr/news/articleView.html?idxno=89704,"Fri, 02 Oct 2026 13:46:00 +0900"
오늘의 국회일정,"[성기노의 뉴스 피처링] 이재명, 정청래와 4시간 '식사정치'…'유시민 고...","하루 10분, 오늘의 주요 이슈를 사실-맥락-관점의 세 축으로 풀어드립니다. 음악에서 '피처링'은 협업과... 국회 법제사법위원회 위원장인 서영교(오른쪽) 더불어민주당 의원과 법사위 소속 박은정 조국혁신당 의원이 지난달... ",https://www.ntoday.co.kr/news/articleView.html?idxno=129800,https://www.ntoday.co.kr/news/articleView.html?idxno=129800,"Fri, 02 Oct 2026 13:10:00 +0900"
세종풍향계,[통신 풍향계] LGU+ '토큰 최적화' 고도화·KT '소상공인 경영지원' 확대...,"현장에는 충남대, 한국교통연구원, 쎄트렉아이를 포함해 대전, 세종, 충남, 충북 지역의 주요 기업과 기관 관계자 약 150명이 참석했다. 행사는 산업 현장에서 검증된 AI와 AI 에이전트, 클라우드, 데이터 등 주요 기술... ",https://www.newsworks.co.kr/news/articleView.html?idxno=855523,https://www.newsworks.co.kr/news/articleView.html?idxno=855523,"Fri, 02 Oct 2026 18:26:00 +0900"
세종25시,1244회 로또 고액 당첨 명당 85곳 주소…인터넷 1등 1매·GS25서 2등 4매 ...,"로또25시, 울산 인생로또, 전남광주 천국열쇠, 충남 참사랑복권방은 이번 회차에 올해 첫 1등을 각각... 동남구 세종로 4928 씨동 1층 104호 천안역아시아마트: 충남 천안시 동남구 대흥로 237 아시아마트내... ",https://www.econovill.com/news/articleView.html?idxno=752676,https://www.econovill.com/news/articleView.html?idxno=752676,"Sun, 04 Oct 2026 00:24:00 +0900"
관가는 지금,경기도 2차 추경예산안 협상 '기한 없는' 줄다리기,"경기도 관가와 도의회 안팎에서는 도의회가 못박았던 이날 오전, 최후 통첩성 기한에 맞춰 도의회 예결위... 쥔 지금의 심경을 묻는 본지 기자의 질문에 &quot;무엇보다도 도민들 앞에 너무 죄송하고 무거운 마음&quot;이라면서... ",https://www.m-i.kr/news/articleView.html?idxno=2002414,https://www.m-i.kr/news/articleView.html?idxno=2002414,"Fri, 02 Oct 2026 17:16:00 +0900"
관가,[동네톡톡] 충청 4개 시도 ‘원팀’ 선언… 공공기관 유치엔 ‘각자도생...,"충청권 4개 시도 “6개 현안 공동 대응” 4일 관가에 따르면 충청권 4개 시도지사는 지난 2일 업무협약을 맺고, 충청광역연합의 특별법 제정을 위해 공동 대응하기로 했습니다. 충청광역연합이 검토 중인 특별법안은... ",https://biz.chosun.com/topics/topics_social/2026/10/04/DRZE4NG2FNGNNMJCSXIUEPGCHI/?utm_source=naver&utm_medium=original&utm_campaign=biz,https://n.news.naver.com/mnews/article/366/0001196036?sid=102,"Sun, 04 Oct 2026 06:01:00 +0900"
관가,[이기자의 메디컬나우] '권덕철·박민수' 복지부 출신 靑선임행정관 22명,관가 소식통은 &quot;청와대 파견 근무는 건강히 일하다 1년 채우고 복지부에 복귀하는 것이 정답&quot;이라며 &quot;여기에 승진과 희망 보직까지 받게 되면 금상첨화&quot;라고 말했다. 이상구 의약전문기자,https://www.sisajournal-e.com/news/articleView.html?idxno=424110,https://www.sisajournal-e.com/news/articleView.html?idxno=424110,"Sat, 03 Oct 2026 06:00:00 +0900"
관가,경기도 2차 추경예산안 협상 '기한 없는' 줄다리기,"경기도 관가와 도의회 안팎에서는 도의회가 못박았던 이날 오전, 최후 통첩성 기한에 맞춰 도의회 예결위 쪽으로 협상안을 제시한 것으로 알려지며 한 때 협상에 모종의 실마리가 풀리는 것이 아니냐는 관측도... ",https://www.m-i.kr/news/articleView.html?idxno=2002414,https://www.m-i.kr/news/articleView.html?idxno=2002414,"Fri, 02 Oct 2026 17:16:00 +0900"
관가,“충청판 김두관?”… 군수에서 장관급 파격 발탁 박정현 지방시대위원...,1일 대통령 직속 지방시대위원회를 이끌 신임 위원장(장관급)에 박정현 전 충남 부여군수가 임명되면서 관가와 정치권의 시선이 집중되고 있다. 기초단체장 출신 인사가 장관급 국가 균형발전 총괄 사령탑으로 직행한 것은... ,https://www.munhwa.com/article/11621162?ref=naver,https://n.news.naver.com/mnews/article/021/0002822830?sid=102,"Fri, 02 Oct 2026 16:02:00 +0900"
관가,[2026 전관 지도]③ 공직 떠나면 몸값 몇배…민간이 매긴 '경험의 가격',◇ 높아진 몸값의 반대편…비어가는 관가의 '허리' 민간에서 높아진 몸값의 반대편에는 실무인력이 빠져나가면서 생기는 공공부문의 공백이 있다. 금융감독원에서는 2022년부터 올해 7월까지 481명이 퇴직했고 이 중 20... ,https://www.peoplewatch.co.kr/article/view/ppw202610020009,https://www.peoplewatch.co.kr/article/view/ppw202610020009,"Fri, 02 Oct 2026 14:54:00 +0900"
관료,美 미래전쟁 전략 연구에 머스크 참여…&quot;이해충돌 우려&quot; 제기,2일(현지시간) 정치 전문매체 폴리티코는 이날 국방부 전·현직 관료 9명의 의견을 종합해 머스크가 미래 전쟁... 한 전직 국방부 관료는 &quot;당연히 이해충돌이다. (프로젝트 메리디언에서) 어떤 결과가 나오든 국가가 아니라... ,https://www.tfmedia.co.kr/news/article.html?no=207703,https://www.tfmedia.co.kr/news/article.html?no=207703,"Sun, 04 Oct 2026 08:54:00 +0900"
관료,[국민의힘 리더스] 숫자·논리로 입증한 '품격 보수' 박수영…경제통 넘...,또 다른 국민의힘 초선 의원은 &quot;엘리트 경제 관료 출신인 박 의원은 지방 정부부터 중앙정부까지 우리나라 경제 정책 돌아가는 데 대해서는 너무나 잘 알고 있는 분&quot;이라며 &quot;의정활동도 굉장히 열심히 하며 무슨 일이든... ,https://www.dailian.co.kr/news/view/1697537/?sc=Naver,https://n.news.naver.com/mnews/article/119/0003139323?sid=100,"Sun, 04 Oct 2026 08:00:00 +0900"
관료,12·3 내란군 별들의 오만은 어디서 나왔나,"당시 윤석열은 대국민 담화를 통해 더불어민주당의 정부 관료 탄핵소추 추진, 2025년도 예산안 삭감 등으로 국정이 마비됐다고 주장하며 비상계엄을 선포했고, 이후 집회·시위 등 일체의 정치활동을 금지하는 포고령을... ",https://h21.hani.co.kr/arti/society/society_general/59987.html,https://n.news.naver.com/mnews/article/036/0000054272?sid=102,"Sun, 04 Oct 2026 07:38:00 +0900"
관료,"中, ASML '액침 DUV' 340대 싹쓸이 비축에 美 '전면 금수' 압박 고조","10월 3일(현지시각) 홍콩 영자 일간지 사우스차이나모닝포스트(SCMP) 보도에 따르면, 전직 미국 무역·기술 고위 관료들이 작성한 이번 보고서는 네덜란드 등 동맹국을 향한 미국의 수출통제 수위를 어디까지... ",https://www.g-enews.com/view.php?ud=2026100318085693400c8c1c064d_1,https://www.g-enews.com/view.php?ud=2026100318085693400c8c1c064d_1,"Sun, 04 Oct 2026 06:36:00 +0900"
관료,"트럼프 ‘결단’ 내렸나…美수뇌부, 대통령 별장서 ‘극비 회동’","미 매체 악시오스는 3일(현지시간) 세 명의 미 관료를 인용해 밴스가 주재하고 마코 루비오 국무장관, 스콧 베센트 재무장관, 피트 헤그세스 국방장관, 스티브 윗코프 대통령 특사, 존 랫클리프 중앙정보국(CIA) 국장, 댄... ",https://www.joongang.co.kr/article/25466951,https://n.news.naver.com/mnews/article/025/0003555575?sid=104,"Sun, 04 Oct 2026 06:14:00 +0900"
관료,푸틴과 갈라선 옛 러시아 총리 “러·우크라 전쟁은 실수”,AFP연합뉴스 1957년 모스크바에서 태어난 카시야노프는 옛 소련에서 경제 관료로 경력을 쌓았다. 1991년 소련 해체 후 보리스 옐친 러시아 대통령의 눈에 든 그는 재무부에서 승진을 거듭하다가 1999년에는 재무장관으로... ,https://www.segye.com/newsView/20261004500638?OutUrl=naver,https://n.news.naver.com/mnews/article/022/0004163854?sid=104,"Sun, 04 Oct 2026 06:13:00 +0900"
관료,'관치 회귀'냐 '민간 수성'이냐…차기 은행연합회장 선출 초읽기,"과거 고위급 관료와 한국은행 출신이 주도했던 회장 자리는 2014년 이후 민간 금융인 중심으로 무게가... 다시 관료 출신으로 돌아갈지, 민간 강세가 이어질지가 관심이다. ◇10월 회추위 가동 전망…후보군 하마평... ",https://www.ziksir.com/news/articleView.html?idxno=147869,https://www.ziksir.com/news/articleView.html?idxno=147869,"Sun, 04 Oct 2026 06:00:00 +0900"
관료,[김대호 인물] 마크 잔디... 뉴욕증시 곧 거품붕괴 &quot;무디스 무서운 경고...,"이 회사는 정부 관료, 월가 기관투자자, 다국적 기업들을 대상으로 방대한 계량 데이터 기반의 거시경제 전망 보고서를 제공하며 명성을 쌓았다. 이후 2005년 무디스가 이코노미닷컴을 전격 인수하면서 잔디는 무디스... ",https://www.g-enews.com/view.php?ud=202609291119126896906806b77b_1,https://www.g-enews.com/view.php?ud=202609291119126896906806b77b_1,"Sat, 03 Oct 2026 23:56:00 +0900"
관료,&quot;일자리가 고양의 미래 결정…현장에서 답 찾겠다&quot;,고양시 제공 지난 1일 취임한 오후석 고양시 제2부시장은 중앙정부와 광역·기초자치단체에서 정책과 현장을 아우른 정통 관료 출신이다. 경기도 행정2부지사로 재임하던 2023년에는 일산테크노밸리 착공식에 참석하기도... ,http://www.mygoyang.com/news/articleView.html?idxno=90579,http://www.mygoyang.com/news/articleView.html?idxno=90579,"Sat, 03 Oct 2026 21:06:00 +0900"
관료,끝내 오지 않은 국빈만찬 초청장…CEO 대기시킨 베이징 속사정 [차이나...,"미·중 정상회담 국빈만찬, 중국 CEO들 불참 “중국은 기업인 포함, 미국은 관료만” 해석 이견 미국 내 中... 모두 관료들이었다. 트럼프-시진핑 국빈 만찬. AP연합뉴스 당초 외신들은 이번 국빈방문에 중국 주요 기업... ",https://www.segye.com/newsView/20261002504638?OutUrl=naver,https://n.news.naver.com/mnews/article/022/0004163827?sid=104,"Sat, 03 Oct 2026 20:37:00 +0900"
관료,"[비구니로 다시 읽는 한국사] 제2회 '가야산의 70대 비구니, 김종직과 어...","그런데 정각암에 있던 70대 비구니가 &quot;김종직이라는 유명한 문인이자 관료가 지금 해인사에 와 있다&quot;는 사실을 알고 있습니다. 그리고 시축을 보냅니다. 누군가 그 소식을 도원에게 전했을 것이고, 또 누군가는 도원의... ",https://news.bbsi.co.kr/news/articleView.html?idxno=4110025,https://news.bbsi.co.kr/news/articleView.html?idxno=4110025,"Sat, 03 Oct 2026 20:34:00 +0900"
관료,"‘스타십 도박’ 성공한 스페이스X, NASA와 DNA 달랐다 [김기혁의 테슬라...",책의 12장 ‘NASA와 스페이스X가 맞붙은 이유’에서 다루듯 국가 예산으로 운영되며 실패를 극도로 회피하는 NASA의 보수적 관료주의와 ‘빠르게 실패하고 수정하라’는 실리콘밸리식 스페이스X의 접근법은 끊임없이... ,https://www.sedaily.com/article/20097601?ref=naver,https://n.news.naver.com/mnews/article/011/0004668027?sid=101,"Sat, 03 Oct 2026 20:01:00 +0900"
관료,"머스크, 미래 전쟁 전략 연구 참여…'이해충돌' 우려 확산",정치 전문매체 폴리티코는 현지 시간 2일 국방부(전쟁부) 전·현직 관료 9명의 의견을 종합해 머스크가 미래... 한 전직 국방부 관료는 이를 두고 당연히 이해충돌이라며 &quot;(프로젝트 메리디언에서) 어떤 결과가 나오든 국가가... ,http://mbn.mk.co.kr/pages/news/newsView.php?category=mbn00008&news_seq_no=5222916,https://n.news.naver.com/mnews/article/057/0001971881?sid=104,"Sat, 03 Oct 2026 18:02:00 +0900"
관료,충무로는 어떻게 저들의 '진지'가 됐나 [문화 진지전 ①],"CJ가 제작을 하거나 투자를 한 작품들을 보면 경찰이나 군대, 관료들이 매우 무능하고 부패한 '공공의 적'으로 묘사된 경우가 흔하다. '쉬리' '한반도' '괴물' '공공의 적' '강철중' '살인의 추억' '아저씨' '화려한 휴가' 등... ",https://www.newdaily.co.kr/site/data/html/2026/10/03/2026100300070.html,https://www.newdaily.co.kr/site/data/html/2026/10/03/2026100300070.html,"Sat, 03 Oct 2026 18:00:00 +0900"
관료,이란 작전 임박? 미군 수뇌부 비밀 회의,작년 이스라엘의 이란 공습 전에도 비슷한 회의 이란 협상단은 “미국 공식 입장 기다리고 있어” 도널드 트럼프 미국 행정부의 고위급 관료들이 2일 캠프 데이비드에 비밀리에 회의한 것으로 알려졌다. 회의는 현재... ,https://www.chosun.com/international/international_general/2026/10/03/7XM2DBVYDVC2RJY4JZFHP2BWHA/?utm_source=naver&utm_medium=referral&utm_campaign=naver-news,https://n.news.naver.com/mnews/article/023/0004001964?sid=104,"Sat, 03 Oct 2026 16:12:00 +0900"
관료,'73세' 시진핑 또 건강 이상설…美언론이 주목한 장면,시 주석이 쉬는 동안에는 백악관 관료는 물론 비서실장을 포함한 중국 대표단조차 출입이 엄격히 통제됐다. 방미 한 달 전부터 중국 사전 준비팀은 9월 24일로 예정됐던 도널드 트럼프 미국 대통령과의 업무 오찬도... ,http://www.wowtv.co.kr/NewsCenter/News/Read?articleId=A202610030026&t=NN,https://n.news.naver.com/mnews/article/215/0001268100?sid=104,"Sat, 03 Oct 2026 15:51:00 +0900"
관료,미래전쟁 전략 연구에 머스크 참여…&quot;이해충돌 우려&quot;,정치 전문매체 폴리티코는 2일(현지시간) 국방부 전·현직 관료 9명의 의견을 종합해 머스크가 미래 전쟁... 한 전직 국방부 관료는 &quot;당연히 이해충돌이다. (프로젝트 메리디언에서) 어떤 결과가 나오든 국가가 아니라... ,http://mbnmoney.mbn.co.kr/news/view?news_no=MM1005931334,http://mbnmoney.mbn.co.kr/news/view?news_no=MM1005931334,"Sat, 03 Oct 2026 14:48:00 +0900"
관료,"미국도, 인간 본성도, 톰 크루즈도 까발린 '디거' [여의도시네마]","디거 록웰의 야욕의 혜택을 함께 누린 대통령(존 굿맨)과 관료들의 태도도 다를 바 없다. 디거 록웰은 돈이, 미국 대통령은 그저 미국이 중요하다. 빙하 덩어리가 떨어져 나갔듯, 문제를 깨끗이 도려내 (미국 밖) 저 어딘가... ",https://news.mtn.co.kr/news-detail/2026093016405519169,https://news.mtn.co.kr/news-detail/2026093016405519169,"Sat, 03 Oct 2026 14:04:00 +0900"
관료,"[AI 프리즘] 'AI' 대신 'SI'?…트럼프의 '초지능' 사용 행정명령, 업계가...","만큼 관료들이 이에 따를 것이라고 했다. 트럼프는 약 일주일 전 유엔 총회 연설에서 이러한 리브랜딩을 추진하겠다고 밝혔으며, 이미 외교관들에게 해당 용어를 사용하기 시작하라고 명령했다. 그는 또한... ",http://www.wikileaks-kr.org/news/articleView.html?idxno=192682,http://www.wikileaks-kr.org/news/articleView.html?idxno=192682,"Sat, 03 Oct 2026 14:00:00 +0900"
관료,"국민의힘, 개천절 숭례문 집회로 이재명 정부 심판 총력전",판·검사 및 관료 출신 엘리트 중심의 정당 색채 탓에 거리에서 목소리를 높이는 투쟁 방식보다는 원내 협상과 제도권 내 대응에 주력해 온 것이 사실이다. 그러나 장동혁 대표 체제 이후 국민의힘은 이러한 전통적 틀을... ,https://www.fntoday.co.kr/news/articleView.html?idxno=394507,https://www.fntoday.co.kr/news/articleView.html?idxno=394507,"Sat, 03 Oct 2026 13:12:00 +0900"
관료,美 미래전쟁 전략 연구에 머스크 참여…이해상충 논란 번지나,정치 전문매체 폴리티코는 2일(현지시간) 국방부 전·현직 관료 9명의 의견을 종합해 머스크가 미래 전쟁 전략을 짜게 될 경우 복잡한 이해충돌 문제가 빚어질 수 있다고 지적했습니다. 국방부는 최근 '프로젝트 메리디언... ,https://biz.sbs.co.kr/article_hub/20000338218?division=NAVER,https://n.news.naver.com/mnews/article/374/0000536194?sid=101,"Sat, 03 Oct 2026 13:01:00 +0900"
관료,"中 연계 해커, 전 백악관 관료 사칭…美 AI 전문가 계정 노렸다","중국 정부 연계 해커 집단이 전직 백악관 관료를 사칭해 미국 인공지능(AI) 정책 전문가들의 이메일 계정... 전 백악관 관료 사칭한 계정 탈취 공작 보안기업 푸르프포인트 분석 결과, TA419는 백악관 과학기술정책실(OSTP)... ",https://www.g-enews.com/view.php?ud=202610021501364115fda4f5ab74_1,https://www.g-enews.com/view.php?ud=202610021501364115fda4f5ab74_1,"Sat, 03 Oct 2026 12:30:00 +0900"
관료,美 미래전쟁 전략 연구에 머스크 참여…&quot;이해충돌 우려&quot; 제기,정치 전문매체 폴리티코는 2일(현지시간) 국방부 전·현직 관료 9명의 의견을 종합해 머스크가 미래 전쟁... 한 전직 국방부 관료는 &quot;당연히 이해충돌이다. (프로젝트 메리디언에서) 어떤 결과가 나오든 국가가 아니라... ,https://www.yna.co.kr/view/AKR20261003027700075?input=1195m,https://n.news.naver.com/mnews/article/001/0016355399?sid=104,"Sat, 03 Oct 2026 12:24:00 +0900"
관료,&quot;사실은 사관에 우선한다&quot;… 김부식을 다시 읽다,&quot;김부식이 작성한 '사론'은 그의 사유를 직접적으로 대변합니다.&quot;(6쪽) 사론과 시문을 따라가면 여진의 금이 급부상하고 요가 멸망했으며 북송마저 남쪽으로 밀려나던 격변기에 정치와 외교 현장을 지킨 관료의 얼굴이... ,https://www.kyosu.net/news/articleView.html?idxno=210890,https://www.kyosu.net/news/articleView.html?idxno=210890,"Sat, 03 Oct 2026 12:02:00 +0900"
관료,[새 책] 은폐된 전쟁 외,"이는 관료제 화신이나 무자비한 학살자라는 단편적 초상을 넘어 스탈린의 입체적이고 모순된 내면 세계까지 규명하려는 학문적 고투다. 21세기북스·952쪽·6만9,900원 △오늘의 감각 김미경 지음. 국립중앙박물관 '뮷즈... ",https://www.hankookilbo.com/news/article/A2026092217100004467?did=NA,https://n.news.naver.com/mnews/article/469/0000957504?sid=103,"Sat, 03 Oct 2026 12:00:00 +0900"
관료,"美 공습지원 거부에도…사우디, 예멘 후티 겨냥 대규모 지상·공중전 채...",로이터통신은 2일(현지시간) 걸프 지역 관료와 서방 외교관 등 6명의 소식통을 인용해 사우디가 지난 9월 후티에 빼앗긴 홍해 핵심 요충지 바브엘만데브 해협의 통제권을 회복하기 위해 작전을 준비하고 있다고 보도했다.... ,https://www.g-enews.com/view.php?ud=202610030908047419fda4f5ab74_1,https://www.g-enews.com/view.php?ud=202610030908047419fda4f5ab74_1,"Sat, 03 Oct 2026 10:44:00 +0900"
관료,머스크 등이 주도하는 미국 &quot;전쟁 위원회&quot;,"과거 민주당과 공화당 소속 국방장관들은 수십 년 동안 군사 기술 개발을 가속화하기 위해 전문 관료와... 이 자리는 머스크에게 또 다른 잠재적인 영향력 행사처가 될 수 있는데, 그는 작년에 공격적인 관료주의 타파... ",http://www.newstown.co.kr/news/articleView.html?idxno=717615,http://www.newstown.co.kr/news/articleView.html?idxno=717615,"Sat, 03 Oct 2026 09:46:00 +0900"
관료,"[회고 영화관] '십년', 죽음이 복지가 되는 디스토피아 [유진모 칼럼]",플라톤의 '국가'가 공동체의 질서와 교육을 통해 이상적인 인간을 길러 내려 했던 고전적 유토피아의 그림자가 있다면 이 작품은 그것이 기술관료주의와 결합했을 때 얼마나 섬뜩한 형태로 변질될 수 있는지를 보여 준다.... ,https://www.mediafine.co.kr/news/articleView.html?idxno=91517,https://www.mediafine.co.kr/news/articleView.html?idxno=91517,"Sat, 03 Oct 2026 09:46:00 +0900"
관료,"정화예대 오세혁 교수 연출, '관저의 100시간', 일본 도요오카 연극제 전...","일본 르포작가 기무라 히데아키의 원작을 바탕으로 한 &lt;관저의 100시간&gt;은 동일본 대지진과 후쿠시마 원전 사고를 배경으로 재난 상황에서 드러나는 정치와 관료체계, 인간의 선택과 책임을 다룬 작품이다. 2025년... ",http://www.enewstoday.co.kr/news/articleView.html?idxno=2476900,http://www.enewstoday.co.kr/news/articleView.html?idxno=2476900,"Sat, 03 Oct 2026 08:05:00 +0900"
관료,'낙제점' 日 아시안게임…2036 전주올림픽에 던진 경고,"아사히신문은 아시안게임이 이대로 비대해지면 &quot;거액을 투입할 수 있는 나라에서만 개최할 수 있게 된다&quot;고 우려했고, JOC의 와타나베 모리나리 부회장은 &quot;정치인이나 관료가 아니라 스포츠 지식이 있는 리더가 필요하다... ",https://www.sisajournal.com/news/articleView.html?idxno=388901,https://n.news.naver.com/mnews/article/586/0000139374?sid=104,"Sat, 03 Oct 2026 08:00:00 +0900"
재경부,[N위크] 재경부·기획처·금융위 국정감사…3대 메가·은행 해킹·세제 ...,3분기 잠정실적 발표와 미국 연방준비제도(Fed) 인사들의 발언을 계기로 국내 증시가 박스권을 탈출할 수 있을지 주목하고 있다. [N위크] 재경부·기획처·금융위 국정감사…3대 메가·은행 해킹·세제 등 쟁점 [PG=조금산],https://www.tfmedia.co.kr/news/article.html?no=207701,https://www.tfmedia.co.kr/news/article.html?no=207701,"Sun, 04 Oct 2026 08:46:00 +0900"
재경부,&quot;물가 2%대 유지&quot;…가공식품 오르고 농축수산물은 내렸다는데,"재경부는 석유제품 최고가격제 시행을 통해 물가 상승률을 0.6%p 낮췄으며, 해당 조치가 없었다면 9월 소비자물가는 전년 동월 대비 3.5% 상승했을 것으로 추정했다. 이주섭 재정경제부 민생경제국장은 2일... ",https://www.gukjenews.com/news/articleView.html?idxno=3712712,https://www.gukjenews.com/news/articleView.html?idxno=3712712,"Sun, 04 Oct 2026 08:00:00 +0900"
재경부,"첫 대미투자 24억달러, 외화자산 활용…원전 100억달러는 사업성 검토 후...",재경부 관계자는 &quot;원전은 상업적 합리성과 구체적인 프로젝트에 대한 검토가 이뤄져야 자금이 나가는 것... 재경부는 최근 송금한 24억 달러는 외환보유액을 활용한 만큼 국내 시장에서 달러를 새로 매입하지 않아 시장... ,https://www.news1.kr/economy/trend/6309469,https://n.news.naver.com/mnews/article/421/0009208580?sid=101,"Sun, 04 Oct 2026 06:30:00 +0900"
재경부,초과세수 63조 국감 도마 위…AMRO도 '3%대 성장' 낼까[재경부·기획처 ...,(사진=연합뉴스) 6일 재경부 국감은 지난달 22일 취임한 이 부총리의 첫 국감 무대다. 재경위 국감은... 재경부는 지난달 30일 올해 국세수입이 추경 예산(415조 4000억원)보다 63조 2000억원 많은 478조 6000억원에 이를... ,https://www.edaily.co.kr/News/Read?newsId=01095526645609640&mediaCodeNo=257&utm_source=naver&utm_medium=referral&utm_campaign=news_syndication&utm_content=original_article,https://n.news.naver.com/mnews/article/018/0006380604?sid=101,"Sun, 04 Oct 2026 06:02:00 +0900"
재경부,삼성전자 3분기 실적 발표...9월 FOMC 의사록 공개 [한동훈의 위클리전망...,이번주에는 삼성전자의 3분기 실적 발표에 시선이 모아진다. 재정경제부와 기획예산처는 국회 국정감사를 받는다. 삼성전자는 8일 올 3분기 잠정 실적을 발표한다. 지난 1일 공개된 미국 마이크론의 실적에 이어... ,https://www.sedaily.com/article/20097962?ref=naver,https://n.news.naver.com/mnews/article/011/0004668048?sid=101,"Sun, 04 Oct 2026 06:01:00 +0900"
재경부,"국감 D-4⋯국힘, '인사·금융·사법' 3대 전선으로 대여공세",정 원내대표는 권 차관이 1일 재경부 1차관으로 자리를 옮긴 것을 두고 국감을 피하려는 인사가 아니냐는 의혹을 제기하며 &quot;권대영 차관은 반드시 정무위 국감에 출석해야 한다&quot;고 했다. &quot;중수청 첫날인데 수장도 전산망도... ,http://www.inews24.com/view/2011552,https://n.news.naver.com/mnews/article/031/0001063327?sid=100,"Sat, 03 Oct 2026 16:34:00 +0900"
재경부,"이형일 부총리, NRC·국책연구기관에 양극화 완화·잠재성장률 제고에 ...",이한주 경인사연 이사장은 이 부총리의 국민에게 필요한 답을 찾아 실행하는 재경부를 만들겠다는 목표를 뒷받침하겠다고 밝혔다. 3일 재경부에 따르면 이 부총리는 지난 2일 정부서울청사에서 이한주 경인사연 이사장과... ,https://www.viva100.com/article/20261003500081,https://www.viva100.com/article/20261003500081,"Sat, 03 Oct 2026 13:22:00 +0900"
재경부,"국민의힘, 장동혁·정점식 지도부 이재명정권 안보·민생 총체적 실정 ...","장 대표는 &quot;재경부 공무원들이 그동안 건전재정을 지키기 위해 노력해왔음에도 불구하고, 정권이... 앞두고 재경부 1차관으로 임명된 것은 국감 출석을 피하기 위한 빼돌리기 인사”라고 규탄했다.... ",http://www.breaknews.com/1240860,http://www.breaknews.com/1240860,"Sat, 03 Oct 2026 10:20:00 +0900"
재경부,9월 물가 2.9%만 올랐다는데…‘진짜 물가’는 더 뛰었다 [Pick코노미],재경부 관계자는 “대외 불확실성에 대응하기 위해 할 수 있는 건 다 하고 있지만 국제유가 상승이나 곡물가격 변동 등 물가 상방 요인이 있다”며 “10월 이후 소비자물가 상승률이 2%대 후반이 될 가능성이 많지 않나... ,https://www.sedaily.com/article/20097857?ref=naver,https://n.news.naver.com/mnews/article/011/0004667917?sid=101,"Sat, 03 Oct 2026 07:01:00 +0900"
재경부,물가 2.9%로 꺾였다? 통신비 착시 걷히니 오름세 여전,"재경부 관계자는 전날 관련 백브리핑에서 &quot;하반기 경제성장전략에서는 연간 물가 상승률을 2.6%로 전망했지만, 전망 자체에 상방 요인이 있다&quot;며 10월 이후에도 상승률이 2% 후반대를 나타낼 가능성이 있다고 설명했다.... ",https://www.newsis.com/view/NISX20261002_0003813226,https://n.news.naver.com/mnews/article/003/0014231280?sid=101,"Sat, 03 Oct 2026 06:00:00 +0900"
재경부,충남·강원 GTX 연장 '국비 전환' 요청…국토부 &quot;사업 어려워질 수도&quot;,먼저 국비를 투입하게 되면 지방투자사업관리센터의 리맥이 아닌 재경부 예비타당성조사를 받아야 한다. 이 경우 지금까지 진행했던 심사 절차가 모두 백지화되며 처음부터 다시 시작해야한다. 이 때문에 GTX-B·C 본선... ,https://www.newspim.com/news/view/20261002001049,https://www.newspim.com/news/view/20261002001049,"Sat, 03 Oct 2026 06:00:00 +0900"
재경부,"소상공인연합회, 권대영 재경부 1차관 임명 환영 … &quot;소상공인 채무 부...","소공연은 새 재경부 1차관에게 금융지원에 그치지 않고 소비와 세제, 채무조정 등으로 정책 범위를 넓혀줄 것을 요청했다. 고금리와 고물가, 내수 부진이 이어지는 가운데 소상공인의 부채 부담이 커지고 있는 만큼 경영... ",http://www.worktoday.co.kr/news/articleView.html?idxno=90021,http://www.worktoday.co.kr/news/articleView.html?idxno=90021,"Fri, 02 Oct 2026 23:04:00 +0900"
재경부,"메가특구 사회적대화 2차 실무회의…정부, 개념·방향성 설명","정부 측에서는 노동부와 국무조정실, 재경부, 산업통상부 실·국장이 참석했으며 경제사회노동위원회 운영국장도 참석했다. 이날 회의에서는 정부가 메가특구 개념과 방향성 등을 설명했다. 이후 정부와 참석자들의... ",https://www.newsis.com/view/NISX20261002_0003813267,https://n.news.naver.com/mnews/article/003/0014231169?sid=102,"Fri, 02 Oct 2026 21:17:00 +0900"
재경부,"박충권 국민의힘 수석대변인 “중수청파국·북지뢰외면·회전문 인사, 李...","또한 “서민 대출 규제를 주도한 권대영 금융위 부위원장을 재경부 1차관으로 올리고, 탈원전 정책을 이끌었던 문신학 전 차관을 경제성장수석에 앉힌 것은 쓰던... ",http://www.breaknews.com/1240840,http://www.breaknews.com/1240840,"Fri, 02 Oct 2026 21:00:00 +0900"
재경부,"조정식, 이형일에 &quot;경제 개선 성과, 모두의 성장으로 이어져야&quot;",장 대표는 &quot;대통령이 누구의 통제도 받지 않고 쌈짓돈으로 쓸 수 있는 돈을 미래대응기금으로 만들어 허용할 것이라면 그동안 재경부가 지켜왔던 '건전 재정'이라는 게 얼마나 허망한 것이 되냐&quot;며 &quot;미래대응기금은 정말... ,https://www.ajunews.com/view/20261002181651819,https://www.ajunews.com/view/20261002181651819,"Fri, 02 Oct 2026 18:24:00 +0900"
재경부,"재경부, 조세지출·부동산 세제 손질…국감 반복지적 개선 나선다","재경부는 앞으로 정부기관 및 전문가와 협력을 강화하고 추계 모형을 고도화하는 등 세수추계 정확도를... 재경부는 &quot;국회의 지적이 실질적인 제도 개선과 성과로 이어지도록 지속 노력하고, 올해 국정감사에서 제기되는... ",https://www.sejungilbo.com/news/articleView.html?idxno=60415,https://www.sejungilbo.com/news/articleView.html?idxno=60415,"Fri, 02 Oct 2026 18:20:00 +0900"
재경부,"장동혁, 이형일에 &quot;미래기금 재검토·재정준칙 법제화&quot; 요구",그는 또 &quot;반드시 이번 국회에 재정 준칙을 법제화해야 한다&quot;면서 &quot;그동안 재경부와 경제부처 공무원들이 견지해 왔던 입장 아닌가. 반드시 필요하다&quot;고 강조했습니다. 장 대표는 현 정부 경제정책에 대해서는 &quot;레버리지... ,https://biz.sbs.co.kr/article_hub/20000338188?division=NAVER,https://n.news.naver.com/mnews/article/374/0000536136?sid=101,"Fri, 02 Oct 2026 18:09:00 +0900"
재경부,장동혁 &quot;미래대응기금 원점 재검토해야&quot;...李 경제부총리 &quot;민생안정 힘...,"장 대표는 이날 오후 국회에서 이 부총리를 접견하고 &quot;재경부 공무원들은 건전재정을 지키기 위해 노력해왔는데, 이번에 뜬금없이 대통령의 쌈짓돈인 미래대응기금을 만들겠다고 한다&quot;며 이같이 말했습니다. 이어 &quot;재경부... ",https://www.cjb.co.kr/home/sub.php?menukey=61&mod=view&P_NO=261002510&PRO_CODE=99,https://n.news.naver.com/mnews/article/655/0000033021?sid=100,"Fri, 02 Oct 2026 18:04:00 +0900"
재경부,이형일 부총리 국회 예방...조정식 “민생 체감 중요” 장동혁 “재정준...,"장 대표는 &quot;재경부 공무원들은 건전재정을 지키기 위해 노력해 왔는데, 이번에 뜬금없이 대통령의 쌈짓돈인... 그는 미래대응기금이 대통령의 통제를 받지 않는 재원으로 운용될 수 있다고 주장하면서 &quot;그동안 재경부가... ",https://www.m-economynews.com/news/article.html?no=71302,https://www.m-economynews.com/news/article.html?no=71302,"Fri, 02 Oct 2026 17:56:00 +0900"
재경부,9월 소비자물가 상승률 2%대로…근원물가는 2.8% 올해 최고,"재경부 관계자는 “대외 불확실성에 대응하기 위해 할 수 있는 건 다 하고 있지만, 국제 유가 상승이나 곡물가격 변동 등 물가 상방요인이 있다”며 “10월 이후 소비자물가 상승률이 2%대 후반이 될 가능성이 많지... ",https://www.sedaily.com/article/20097740?ref=naver,https://n.news.naver.com/mnews/article/011/0004667840?sid=101,"Fri, 02 Oct 2026 17:52:00 +0900"
재경부,금융위 '2인자' 이례적 공백…'외부 카드' 인사판 커진다,2일 금융권에 따르면 권 부위원장의 재경부 이동과 동시에 후임자가 발표되지 않은 것을 두고 금융당국 안팎에서는 이례적이라는 평가가 나온다. 과거에는 금융위 부위원장이 자리를 옮길 경우 후임 인사를 같은 날... ,http://www.inews24.com/view/2011541,https://n.news.naver.com/mnews/article/031/0001063262?sid=101,"Fri, 02 Oct 2026 17:49:00 +0900"
재경부,'상대적 안전자산' 인식에…치솟던 美국채금리 주춤,이형일 부총리 겸 재경부 장관은 이날 시장상황점검회의를 열고 “국고채 시장 동향을 면밀히 모니터링하면서 필요시 국채 발행 물량의 추가 축소를 검토하겠다”고 강조했다. 시장에서는 국고채 공급 부담이 줄면서... ,https://www.hankyung.com/article/2026100209821,https://n.news.naver.com/mnews/article/015/0005338689?sid=101,"Fri, 02 Oct 2026 17:34:00 +0900"
재경부,이형일 &quot;재경부-연구진 경제 정책 워킹그룹 만들자&quot;,이슈별로 재경부와 연구진 간 워킹그룹을 가동하는 등 실무자들끼리도 활발한 소통과 협업이 이뤄지길... 이에 이한주 이사장은 &quot;부총리께서 취임 시 밝힌 '국민에게 필요한 답을 찾아 실행하는 재경부를 만들겠다'는... ,http://www.joseilbo.com/news/news_read.php?uid=576792&class=1&grp=,https://n.news.naver.com/mnews/article/123/0002391265?sid=101,"Fri, 02 Oct 2026 17:34:00 +0900"
재경부,권대영 재경부행…금융위 ‘인사 도미노’ 불붙나,‘금융통’ 권대영 발탁…대통령 신임 속 재경부행 2일 금융권에 따르면 이재명 대통령은 전날 재정경제부... 통상 거시경제를 총괄하는 재경부 1차관 자리는 기획재정부 시절을 포함해 주로 거시경제 분야 핵심 관료들이... ,https://www.kukinews.com/article/view/kuk202610020164,https://www.kukinews.com/article/view/kuk202610020164,"Fri, 02 Oct 2026 17:28:00 +0900"
재경부,"장동혁, 이형일 만나 &quot;미래대응기금 재검토·재정준칙 법제화&quot; 촉구",장 대표는 이날 국회에서 이 부총리를 접견하며 &quot;재경부 공무원들은 건전재정을 지키기 위해 노력해왔는데... 그는 &quot;재경부 공무원들이 그동안 재경부 공무원을 하면서 요즘같이 황망하고 허망한 때가 있을까 싶다&quot;며... ,https://www.fnnews.com/news/202610021550289239,https://n.news.naver.com/mnews/article/014/0005584425?sid=100,"Fri, 02 Oct 2026 17:15:00 +0900"
재경부,[인사종합·2일] 재경부·산업부·노동부 등,■ 재정경제부 ◇국장급 승진 ▲장관비서관 김명규 ▲경제공급망기획관 이승욱 ▲개발금융국장 주현준 ▲국회 재정경제기획위원회 파견 박홍진 ■ 산업통상부 ◇국장급 승진 ▲산업인공지능정책관 박태현 ◇과장급 전보... ,https://www.safetimes.co.kr/news/articleView.html?idxno=246208,https://www.safetimes.co.kr/news/articleView.html?idxno=246208,"Fri, 02 Oct 2026 17:00:00 +0900"
재경부,9월 소비자물가 2.9% 상승…석유류·가공식품 강세,재경부 관계자는 &quot;통신비 특이 요인을 고려하면 앞으로 소비자물가 상승률이 2%대 후반이 될 가능성이 많지 않나 생각한다&quot;며 국제유가와 곡물가격 상승을 불확실성 요인으로 꼽았다. 올해 정부 물가 전망치 2.6%와... ,http://www.ftoday.co.kr/news/articleView.html?idxno=366612,http://www.ftoday.co.kr/news/articleView.html?idxno=366612,"Fri, 02 Oct 2026 16:56:00 +0900"
재경부,"국고채, 당국의지·美금리 하락에 강세…3년물 3%대로(종합)",전일 재경부의 10월 국고채 발행 규모 축소는 대체로 시장 예상에 부합한 조치였다. 재경부는 10월 발행 규모를 당초 계획 대비 5조원 축소하고 3조5천억원의 바이백(국채 매입)도 실시할 예정이라고 밝혔다.... ,https://www.yna.co.kr/view/AKR20261002144200008?input=1195m,https://n.news.naver.com/mnews/article/001/0016354381?sid=101,"Fri, 02 Oct 2026 16:46:00 +0900"
재경부,"장동혁, 이형일 부총리 만나 &quot;미래대응기금 원점 재검토해야&quot;","장 대표는 오늘 국회에서 이 부총리를 만나 &quot;재경부 공무원들은 건전재정을 지키기 위해 노력해 왔는데... 장 대표는 또, &quot;이번 국회에 재정 준칙을 법제화해야 한다&quot;면서 &quot;그동안 재경부와 경제부처 공무원들이 견지해 왔던... ",https://imnews.imbc.com/news/2026/politics/article/6855443_36911.html,https://n.news.naver.com/mnews/article/214/0001526949?sid=100,"Fri, 02 Oct 2026 16:25:00 +0900"
재경부,"장동혁, 이형일 만나 “미래대응기금 재검토…재정준칙 법제화해야”",장 대표는 “그동안 재경부와 경제부처 공무원들이 견지해왔던 입장”이라며 “반드시 필요하다”고 강조했다. 현 정부의 경제정책을 향해서도 비판을 이어갔다. 그는 “레버리지 상장지수펀드(ETF) 때문에 주식시장이... ,https://www.viva100.com/article/20261002500686,https://www.viva100.com/article/20261002500686,"Fri, 02 Oct 2026 16:22:00 +0900"
기획처,[N위크] 재경부·기획처·금융위 국정감사…3대 메가·은행 해킹·세제 ...,3분기 잠정실적 발표와 미국 연방준비제도(Fed) 인사들의 발언을 계기로 국내 증시가 박스권을 탈출할 수 있을지 주목하고 있다. [N위크] 재경부·기획처·금융위 국정감사…3대 메가·은행 해킹·세제 등 쟁점 [PG=조금산],https://www.tfmedia.co.kr/news/article.html?no=207701,https://www.tfmedia.co.kr/news/article.html?no=207701,"Sun, 04 Oct 2026 08:46:00 +0900"
기획처,초과세수 63조 국감 도마 위…AMRO도 '3%대 성장' 낼까[재경부·기획처 ...,8일 기획처 국감에서는 초과세수 활용 방안이 핵심이다. 재추계에 따라 미래대응기금에 적립할 수 있는... 박홍근 기획처 장관은 재추계 결과를 토대로 청와대·재경부와 협의해 법에 따라 사용 방안을 정하겠다고... ,https://www.edaily.co.kr/News/Read?newsId=01095526645609640&mediaCodeNo=257&utm_source=naver&utm_medium=referral&utm_campaign=news_syndication&utm_content=original_article,https://n.news.naver.com/mnews/article/018/0006380604?sid=101,"Sun, 04 Oct 2026 06:02:00 +0900"
기획처,[2027 예산안] '재정 저수지' 신설…162조 미래대응기금,기획처 박창환 예산총괄심의관은 &quot;104조4천억원을 기금으로 적립하지 않았다면 지출 증가율이 27% 넘었을 것... 기획처 관계자는 &quot;일반적 위임규정일 뿐 확대해석하면 안 된다&quot;며 &quot;아무 데나 쓸 생각이라면 포괄규정을... ,https://www.yonhapmidas.com/news/articleView.html?idxno=10634,https://www.yonhapmidas.com/news/articleView.html?idxno=10634,"Fri, 02 Oct 2026 17:38:00 +0900"
기획처,ICT 기금 6년 만에 부채 5.3조원 늘어…이자로 5204억원 내,성과 평가 체계도 미흡해 기획처 주관 평가만 받았을 뿐 복권기금과 달리 별도 성과 평가나 사회적 가치 평가는 실시되지 않았다. 최 의원은 &quot;이번 사안은 단순히 빚이 늘어난 문제가 아니라 기록 없는 결정과 형식적인... ,http://www.newscape.co.kr/news/articleView.html?idxno=124907,http://www.newscape.co.kr/news/articleView.html?idxno=124907,"Fri, 02 Oct 2026 14:44:00 +0900"
기획처,[인사] 충남대,◇5급 이상(서기관 및 사무관) 전보 △기획처 대학혁신지원과장 안수미 ◇사무국 총무과장 김윤복 ◇대외협력본부 대외협력실장 이순희 △법학전문대학원·생활과학대학·수의과대학 행정실장 한석 (이상 10월 1일 자),https://news.unn.net/news/articleView.html?idxno=598137,https://news.unn.net/news/articleView.html?idxno=598137,"Fri, 02 Oct 2026 13:22:00 +0900"
금융위,[초점] 5대 은행 모두 해킹당했다…국감 앞 '보안 구멍' 책임론,"금융위원회는 지난 2일 금융감독원과 금융보안원, 주요 은행·카드사, 금융업권 협회 등이 참석한 긴급... 국회 정무위원회는 오는 8일 금융위원회, 19일 금융감독원을 대상으로 국정감사를 진행한다. 국회에서는 개별... ",http://www.newsian.co.kr/news/articleView.html?idxno=96496,http://www.newsian.co.kr/news/articleView.html?idxno=96496,"Sun, 04 Oct 2026 08:46:00 +0900"
금융위,"직원용 시스템 노린 해킹, 금융권 줄줄이 뚫렸다…금융당국 오늘 CEO 긴...",금융당국과 금융권에 따르면 금융위원회는 4일 오후 2시 정부서울청사에서 이억원 금융위원장 주재로 긴급 점검회의를 개최한다. 이찬진 금융감독원장도 참석한다. 소집 대상은 은행·금융투자·보험·여신전문금융... ,https://www.kmib.co.kr/article/view.asp?arcid=9000019584&cp=nv,https://n.news.naver.com/mnews/article/005/0001876574?sid=101,"Sun, 04 Oct 2026 08:46:00 +0900"
금융위,[N위크] 재경부·기획처·금융위 국정감사…3대 메가·은행 해킹·세제 ...,3분기 잠정실적 발표와 미국 연방준비제도(Fed) 인사들의 발언을 계기로 국내 증시가 박스권을 탈출할 수 있을지 주목하고 있다. [N위크] 재경부·기획처·금융위 국정감사…3대 메가·은행 해킹·세제 등 쟁점 [PG=조금산],https://www.tfmedia.co.kr/news/article.html?no=207701,https://www.tfmedia.co.kr/news/article.html?no=207701,"Sun, 04 Oct 2026 08:46:00 +0900"
금융위,"'정보유출 여파' 당국, 4일 금융업권 협회장·금융사 대표 긴급 소집","금융당국에 따르면 금융위원회는 4일 정부서울청사에서 주요 금융업권(은행·금융투자·보험·여신전문... 당초 금융위는 추석 연휴가 끝나는 5일까지 금융사별 자체 점검을 진행한 후, 오는 7일 그 결과를 보고받을... ",https://www.econovill.com/news/articleView.html?idxno=752673,https://www.econovill.com/news/articleView.html?idxno=752673,"Sun, 04 Oct 2026 08:30:00 +0900"
금융위,‘개인정보 유출’ 금융권 전방위 확산...당국 &quot;공동 대응&quot;,"금융당국은 긴급회의를 열고 금융권 공동 대응을 주문하고 나섰다.4일 금융권에 따르면 금융위원회는 지난... 신진창 금융위 사무처장은 “금융권에 대한 침해 시도를 면밀히 모니터링하고, 위협 정보를 신속히 공유하는... ",https://theviewers.co.kr/View.aspx?No=4251557,https://theviewers.co.kr/View.aspx?No=4251557,"Sun, 04 Oct 2026 08:28:00 +0900"
금융위,"금융권 잇단 해킹에 비상...당국, 오늘 전 업권 긴급소집",4일 금융권에 따르면 금융위원회는 이날 오후 2시 정부서울청사에서 전 금융권 긴급 점검회의를 개최한다. 이억원 금융위원장이 회의를 주재하고 이찬진 금융감독원장도 참석한다. 회의에는 전체 금융업권 협회장과... ,https://www.ebn.co.kr/news/articleView.html?idxno=1726674,https://www.ebn.co.kr/news/articleView.html?idxno=1726674,"Sun, 04 Oct 2026 08:18:00 +0900"
금융위,은행 넘어 저축은행·캐피탈까지…금융권 '해킹 비상',금융위원회는 4일 오후 정부서울청사에서 은행·금융투자·보험·여전·저축은행·상호금융·가상자산·핀테크 등 전 금융업권 협회장과 침해사고가 발생한 금융사 CEO를 불러 긴급 점검회의를 개최한다. 이억원 금융위원... ,https://www.digitaltoday.co.kr/news/articleView.html?idxno=704955,https://www.digitaltoday.co.kr/news/articleView.html?idxno=704955,"Sun, 04 Oct 2026 08:12:00 +0900"
금융위,"[코인 슈퍼위크] 발행길 열린 토큰증권, 원장에 갇혔다",지난달 금융위원회 토큰증권 정책방향에 첨부된 가이드라인은 하나의 증권을 하나의 분산원장에서 발행... 금융위 정책방향은 향후 블록체인상에서 증권과 대금을 결제하기 위해 토큰증권 원장과 스테이블코인 원장을... ,https://www.dailian.co.kr/news/view/1697375/?sc=Naver,https://n.news.naver.com/mnews/article/119/0003139326?sid=101,"Sun, 04 Oct 2026 08:12:00 +0900"
금융위,금융권 광범위 AI 공격 “해킹 시도 더 많을 수도”,애초 금융위는 오는 5일까지 이어지는 연휴 기간 각 금융사가 자체 점검을 한 뒤 그 결과를 오는 7일 보고받을 계획이었다. 그러나 현대캐피탈과 예가람저축은행 등 정보 유출 피해상황이 추가되며 불안감이 확산하자... ,http://www.kookje.co.kr/news2011/asp/newsbody.asp?code=0200&key=20261004.99099000637,https://n.news.naver.com/mnews/article/658/0000157380?sid=101,"Sun, 04 Oct 2026 08:12:00 +0900"
금융위,인터넷銀 대면업무 넓어진다…부동산PF 신용공여는 20% 제한,"금융위원회가 이 같은 내용을 담은 은행업감독규정 개정안을 지난달 30일 규정변경예고했다. 예고기간은... 인터넷은행은 원칙적으로 이용자와 직접 대면하거나 의사소통하는 방식으로 업무를 할 수 없지만, 금융위는... ",https://www.sentv.co.kr/article/view/sentv202610020119,https://www.sentv.co.kr/article/view/sentv202610020119,"Sun, 04 Oct 2026 08:02:00 +0900"
금융위,은행 넘어 2금융까지...해킹 피해 확산,금융위원회는 4일 오후 이억원 금융위원장 주재로 은행·금융투자·보험·여신전문금융·저축은행·상호금융 등 전 금융업권 협회장과 침해사고가 발생한 금융사 최고경영자(CEO)가 참석하는 긴급 점검회의를 열 예정이다.... ,http://www.hansbiz.co.kr/news/articleView.html?idxno=869992,http://www.hansbiz.co.kr/news/articleView.html?idxno=869992,"Sun, 04 Oct 2026 08:02:00 +0900"
금융위,생보사 보험계약부채 1년 새 87조↓…삼성·한화·교보 3사에서만 51조 ...,◇ 장기금리 상승에 보험계약부채 87조 감소…금융위 “가정 하나에 보험계약부채 흔들려” 업계는... 금융위원회는 지난 11일 계리가정 보고서 도입을 담은 ‘보험업감독규정’ 개정안을 규정변경예고했다.... ,https://www.ceoscoredaily.com/page/view/2026093013160454719,https://www.ceoscoredaily.com/page/view/2026093013160454719,"Sun, 04 Oct 2026 07:02:00 +0900"
금융위,"금융위, 오늘 전 금융권 정보유출 긴급점검…CEO들과 대응 논의",3일 금융권과 금융당국에 따르면 금융위원회는 4일 오후 2시 정부서울청사에서 금융권 침해사고 관련 긴급... 이억원 금융위원장이 직접 회의를 주재할 예정이다. 애초 금융위는 오는 5일까지 이어지는 연휴 기간 각... ,https://news.einfomax.co.kr/news/articleView.html?idxno=4437710,https://news.einfomax.co.kr/news/articleView.html?idxno=4437710,"Sun, 04 Oct 2026 07:02:00 +0900"
금융위,"금융권 개인정보 유출 확산…금융위, 오늘 긴급 소집[오늘아침]","확인되면서 금융위원회가 추석 연휴 중인 오늘 긴급 점검회의를 엽니다. 전체 업권 협회장과 침해사고가 난 금융사 CEO들이 소집됩니다. 금융위, 오늘 긴급 점검회의…'개인정보 유출' 확산 금융위원회가 오늘 오후... ",https://www.nocutnews.co.kr/news/6586913?utm_source=naver&utm_medium=article&utm_campaign=20261004070044,https://n.news.naver.com/mnews/article/079/0004195499?sid=101,"Sun, 04 Oct 2026 07:01:00 +0900"
금융위,"토스뱅크 엔화 환전 사고, '오류냐 아니냐'…금융당국 법리 검토",4일 금융권에 따르면 금융감독원은 상위기관인 금융위원회에 토스뱅크의 엔화 환전 사고가 전금법상... 만일 금융위가 이 사고를 오류가 아니라고 판단할 경우엔 토스뱅크가 전금법상 오류 정정을 근거로 시행한 거래를... ,https://www.mt.co.kr/finance/2026/10/04/2026092915563875663,https://n.news.naver.com/mnews/article/008/0005421911?sid=101,"Sun, 04 Oct 2026 07:00:00 +0900"
금융위,"[인사이트 뉴스] '중국계 AI'까지 동원됐나…금융권 덮친 AI 해킹, 1·2금...",금융위원회와 금융감독원은 4일 오후 정부서울청사에서 은행·금융투자·보험·여신전문·저축은행·상호금융·가상자산·핀테크 등 전 금융권 CEO와 업권별 협회장을 소집해 긴급 상황대응 회의를 연다. 이억원 금융위원... ,https://www.moneystorm.kr/news/articleView.html?idxno=7032,https://www.moneystorm.kr/news/articleView.html?idxno=7032,"Sun, 04 Oct 2026 06:59:00 +0900"
금융위,다음주 금융당국 일정,"◇주간 행사 일정 △6일(화) 금융위원장, 국무회의(10:00) 금감원장, 주례 임원회의(10:00) △7일(수) 금감원장, 금융위원회 정례회의(14:00) △8일(목) 금융위원장, 국정감사(국회, 10:00) ◇주간 보도 계획 △5일(월)... ",https://www.edaily.co.kr/News/Read?newsId=01098806645609640&mediaCodeNo=257&utm_source=naver&utm_medium=referral&utm_campaign=news_syndication&utm_content=original_article,https://n.news.naver.com/mnews/article/018/0006380605?sid=101,"Sun, 04 Oct 2026 06:02:00 +0900"
금융위,AI로 상호금융까지 광범위 공격…&quot;해킹 시도 훨씬 많을 수도&quot;,실제 지난 2일 금융위원회 주재 긴급 상황 대응 회의에서는 현행 대응체계가 무력화한 만큼 새로운 제도... 금융위가 추진 중인 망분리 규제 완화에도 속도가 붙을 전망이다. 현재 국내 금융사에는 보안상 업무용 시스템... ,https://www.yna.co.kr/view/AKR20261003042400002?input=1195m,https://n.news.naver.com/mnews/article/001/0016356167?sid=101,"Sun, 04 Oct 2026 05:30:00 +0900"
금융위,&quot;뚫리고도 모를 수 있다&quot;…AI發 무차별 해킹에 금융권 '비상',이억원 금융위원장은 이날 오후 2시 전 금융권 협회장들을 긴급 소집한다. 당초 오는 7일 후속 대응회의를 열 예정이었지만 피해가 은행에서 저축은행과 캐피탈사로 확산하자 일정을 앞당겼다. 이 위원장은 회의에서 추가... ,https://www.news1.kr/finance/general-finance/6309941,https://n.news.naver.com/mnews/article/421/0009208543?sid=101,"Sun, 04 Oct 2026 05:00:00 +0900"
금융위,"개인정보 탈탈 털린 은행들…금융위, 연휴 중 금융사 긴급 소집",3일 금융권과 금융당국에 따르면 금융위원회는 4일 오후 정부서울청사에서 은행·금융투자·보험·여전... 이억원 금융위원장이 직접 회의를 주재할 예정이다. 당초 금융위는 오는 5일까지 이어지는 연휴 동안 각 금융사가... ,https://www.munhwa.com/article/11621282?ref=naver,https://n.news.naver.com/mnews/article/021/0002822943?sid=101,"Sun, 04 Oct 2026 01:00:00 +0900"
금융위,"금융권 해킹 '도미노'…금융위, 피해 금융사 CEO 긴급 소집",금융위원회는 4일 정부서울청사에서 은행·금융투자·보험·여신전문금융·저축은행·상호금융·가상자산... 이번 회의에는 이억원 금융위원장이 주재하고 이찬진 금융감독원장도 참석한다. 당초 연휴 기간 자체 점검... ,https://www.thedailypost.kr/news/articleView.html?idxno=116004,https://www.thedailypost.kr/news/articleView.html?idxno=116004,"Sun, 04 Oct 2026 00:42:00 +0900"
금융위,[금융家] 보험 ⑧ㅣ 재가 임종부터 연금·건보까지…달라지는 복지·보...,"● 2026-09-30 금융위, 실손보험 청구 전산화 미연계 의료기관·EMR업체에 과태료 추진 금융위원회 (사진=연합뉴스) 금융위원회가 실손보험 청구 전산화 제도 활성화를 위해 미연계 의료기관과 전자의무기록(EMR) 업체에... ",https://www.cbci.co.kr/news/articleView.html?idxno=612232,https://www.cbci.co.kr/news/articleView.html?idxno=612232,"Sun, 04 Oct 2026 00:06:00 +0900"
금융위,&quot;국감 코앞인데&quot; 5대 은행 모두 해킹 공격…은행장 증인 압박 커지나,"금융위원회는 지난 2일 신진창 사무처장 주재로 금융감독원과 금융보안원, 주요 시중은행과 카드사, 은행연합회, 여신금융협회 등이 참석한 긴급 상황대응 회의를 열었다. 금융위는 금융회사들에 대고객 서비스 여부와... ",https://news.tf.co.kr/read/economy/2372630.htm,https://n.news.naver.com/mnews/article/629/0000539279?sid=101,"Sun, 04 Oct 2026 00:01:00 +0900"
금융위,은행·2금융까지 해킹 피해 확산…금융당국 전 금융권 긴급소집,3일 금융당국과 금융권에 따르면 금융위원회는 내일(4일) 오후 2시 이억원 금융위원장 주재로 긴급점검회의를 연다. 당국은 이찬진 금융감독원장을 비롯해 은행·금융투자·보험·여전·저축은행·상호금융·가상자산... ,https://news.bizwatch.co.kr/article/finance/2026/10/03/0003,https://n.news.naver.com/mnews/article/648/0000051300?sid=101,"Sat, 03 Oct 2026 23:41:00 +0900"
금융위,"예가람저축은행·현대캐피탈도 해킹…금융위, 내일 전 금융권 긴급 소집",금융위원회는 4일 전 금융권을 긴급 소집한다. 3일 금융권에 따르면 금융위는 4일 오후 정부서울청사에서 긴급 점검회의를 연다. 은행·금융투자·보험·여신전문금융·저축은행·상호금융·가상자산·핀테크 등 전 업권... ,https://www.ngetnews.com/news/articleView.html?idxno=554063,https://www.ngetnews.com/news/articleView.html?idxno=554063,"Sat, 03 Oct 2026 22:40:00 +0900"
금융위,"은행부터 캐피탈까지 해커에 뚫려…금융당국, 전 업권 긴급소집",금융위원회는 4일 오후 정부서울청사에서 은행·금융투자·보험·여전·저축은행·상호금융·가상자산·핀테크 등 전체 금융권 협회장과 침해사고 발생 금융사 CEO를 소집해 긴급 점검회의를 한다. 회의는 이억원 금융위원... ,https://www.edaily.co.kr/News/Read?newsId=03735926645609312&mediaCodeNo=257&utm_source=naver&utm_medium=referral&utm_campaign=news_syndication&utm_content=original_article,https://n.news.naver.com/mnews/article/018/0006380596?sid=101,"Sat, 03 Oct 2026 22:32:00 +0900"
금융위,금융권 해킹 제2금융으로 확산…저축은행·캐피탈도 뚫렸다,금융위원회와 금융감독원은 4일 오후 정부서울청사에서 은행·금융투자·보험·여신전문·저축은행·상호금융·가상자산·핀테크 등 전 금융업권을 대상으로 긴급 상황대응 회의를 열 예정이다. 회의는 이억원 금융위원장... ,https://www.mydaily.co.kr/page/view/2026100322233558441,https://n.news.naver.com/mnews/article/117/0004111924?sid=103,"Sat, 03 Oct 2026 22:27:00 +0900"
금융위,'해킹 피해' 2금융권까지 확산…全업권 긴급 소집,"3일 금융당국에 따르면 금융위원회는 4일 오후 정부서울청사에서 전체 금융권 협회장과 침해사고 발생 금융사 최고경영자를 긴급 소집, 사태를 점검하고 대응 방안을 논의할 예정이다. 이억원 금융위원장과 이찬진... ",https://www.daejonilbo.com/news/articleView.html?idxno=2304907,https://n.news.naver.com/mnews/article/656/0000188495?sid=101,"Sat, 03 Oct 2026 21:54:00 +0900"
금융위,"연휴 중 금융권 해킹 비상…이억원, 내일 전 업권 CEO 긴급 소집",이억원 금융위원장 주재…전 업권 협회장·사고 금융사 대표 참석 신한·국민 이어 예가람·현대캐피탈 피해... 3일 금융권과 금융당국에 따르면 금융위원회는 오는 4일 오후 2시 정부서울청사에서 전 금융업권 긴급... ,https://news.tf.co.kr/read/economy/2372822.htm,https://n.news.naver.com/mnews/article/629/0000539267?sid=101,"Sat, 03 Oct 2026 21:52:00 +0900"
금융위,"[아주경제 오늘의 뉴스 종합] 北, 김여정 대남 비난 이튿날 동해상 탄도...",따르면 금융위원회는 4일 오후 정부서울청사에서 은행·금융투자·보험·여전·저축은행·상호금융·가상자산·핀테크 등 전 금융업권을 대상으로 긴급 점검회의를 연다. 회의는 이억원 금융위원장이 직접 주재할... ,https://www.ajunews.com/view/20261003214000645,https://www.ajunews.com/view/20261003214000645,"Sat, 03 Oct 2026 21:44:00 +0900"
수출입은행,AI로 상호금융까지 광범위 공격…&quot;해킹 시도 훨씬 많을 수도&quot;,"금융회사는 외부로 알려진 것보다 훨씬 많을 수 있다&quot;고 지적했습니다. 다만, 증권·보험·카드업권과 IBK기업은행, 한국수출입은행 등 국책은행에서는 현재까지 동일한 공격 흔적이 확인되지 않은 것으로 전해졌습니다.",https://news.bbsi.co.kr/news/articleView.html?idxno=4110227,https://news.bbsi.co.kr/news/articleView.html?idxno=4110227,"Sun, 04 Oct 2026 08:44:00 +0900"
수출입은행,시중은행·2금융권까지… ‘AI 해킹’ 금융권 ‘비상’,"다만 증권·보험·카드업권과 IBK기업은행, 한국수출입은행 등 국책은행에서는 현재까지 동일한 공격 흔적이 확인되지 않은 것으로 전해졌다. ◇금융권 보안체계의 전면 개편 추진될 듯 당국은 이번 공격이 특정 회사를... ",https://www.dt.co.kr/article/12087267?ref=naver,https://n.news.naver.com/mnews/article/029/0003051290?sid=105,"Sun, 04 Oct 2026 08:40:00 +0900"
수출입은행,[10년 전 한진의 경고②] 고유가·고환율에 60조 투자 맞물리면···대한...,"이에 대해 대한항공 측은 &quot;역대 최대 매출 경신과 잇단 회사채 완판, 수출입은행의 정책금융 지원을 바탕으로 항공기 구매 자금 여력은 충분하다는 입장&quot;이다. 아울러 연료비와 운항 개선 효과에 대한 구체적 지표는... ",https://www.seoulfn.com/news/articleView.html?idxno=639195,https://www.seoulfn.com/news/articleView.html?idxno=639195,"Sun, 04 Oct 2026 08:30:00 +0900"
수출입은행,"알제리 산업장관, 현대차 MENA 대표와 회동…현지 생산 프로젝트 후속 ...",아프리카수출입은행과 아프리카대륙자유무역지대 사무국이 공동 주관한 이번 행사는 대륙 내 자동차산업 잠재력 발굴을 주제로 열렸다. 알제리 공장 프로젝트와 후속 행정 절차 쿠르텔 장관은 포럼 부대 행사에서... ,https://www.g-enews.com/view.php?ud=2026100407365297222bd56fbc3c_1,https://www.g-enews.com/view.php?ud=2026100407365297222bd56fbc3c_1,"Sun, 04 Oct 2026 08:12:00 +0900"
수출입은행,"[인사이트 뉴스] '중국계 AI'까지 동원됐나…금융권 덮친 AI 해킹, 1·2금...","현재까지 증권·보험·카드업권과 IBK기업은행, 한국수출입은행 등에서는 동일한 공격 흔적이 확인되지 않은 것으로 알려졌다. ◇ 개인정보 유출 '연쇄효과'…맞춤형 피싱으로 번질 수도 이번 사태가 심각한 이유는 유출... ",https://www.moneystorm.kr/news/articleView.html?idxno=7032,https://www.moneystorm.kr/news/articleView.html?idxno=7032,"Sun, 04 Oct 2026 06:59:00 +0900"
수출입은행,'1조 달러 수출국' 초읽기…11월 말~12월 초 韓 수출사 새로 쓴다,"한국수출입은행은 지난달 발간한 정보통신기술(ICT) 산업 전망에서 &quot;D램 공급제약은 2027년 하반기~2028년, 낸드플래시 공급 제약은 2027년 상반기 이후에 해소될 전망&quot;이라며 &quot;범용 D램 가격은 2026년 4분기까지 상승한... ",https://www.news1.kr/economy/trend/6309767,https://n.news.naver.com/mnews/article/421/0009208584?sid=101,"Sun, 04 Oct 2026 06:38:00 +0900"
수출입은행,모빌리티 펀드 돈이 암살자(들)로...자본시장 출자약정·심사 쟁점화,2일 국회에 따르면 강민국 국민의힘 의원은 중소기업은행·한국산업은행·한국수출입은행에 암살자(들)과 제작사 하이브미디어코프 투자 관련 경위를 문서 등으로 요구했다. 투자 심사 과정과 은행·운용사 사이에... ,https://www.mt.co.kr/stock/2026/10/04/2026100216105252233,https://n.news.naver.com/mnews/article/008/0005421894?sid=101,"Sun, 04 Oct 2026 06:00:00 +0900"
수출입은행,AI로 상호금융까지 광범위 공격…&quot;해킹 시도 훨씬 많을 수도&quot;,"다만, 증권·보험·카드업권과 IBK기업은행, 한국수출입은행 등 국책은행에서는 현재까지 동일한 공격 흔적이 확인되지 않은 것으로 전해졌다. 8개국 IP 이용…내부용 앱 등 '빈틈' 노려 당국은 이번 공격이 특정 회사를... ",https://www.yna.co.kr/view/AKR20261003042400002?input=1195m,https://n.news.naver.com/mnews/article/001/0016356167?sid=101,"Sun, 04 Oct 2026 05:30:00 +0900"
수출입은행,"[노트북을 열며] KAI 지배구조 , 중소 방산업체와 지역의 미래도 물어야",최대주주는 26.41%를 보유한 한국수출입은행이다. 아직 인수가 결정된 것은 아니다. 그러나 향후 수출입은행 지분 처리에 따라 KAI의 지배구조가 달라질 가능성은 열려 있다. 여기서 질문을 분명히 해야 한다. 누가 KAI의... ,https://www.goodmorningcc.com/news/articleView.html?idxno=453399,https://www.goodmorningcc.com/news/articleView.html?idxno=453399,"Sun, 04 Oct 2026 04:20:00 +0900"
수출입은행,"[한화의 KAI 인수 방정식] 독과점 우려, 노조 반발…성공 후 우려 불식 ...",한화그룹은 KAI의 지분 15.89%를 취득해 26.41%를 보유하고 있는 수출입은행에 이어 2대주주 자리를 유지하고 있다. 수출입은행과 공정거래위원회 등 관계자들은 아직 이렇다할 공식 입장을 내놓고 있지 않지만 한화그룹의... ,https://news.dealsitetv.com/articles/176607,https://news.dealsitetv.com/articles/176607,"Sat, 03 Oct 2026 08:08:00 +0900"
수출입은행,"KAI 민영화 열쇠 쥔 정부, 국감서 입장 나오나",한화그룹이 KAI 지분을 빠르게 늘려 2대주주에 올라선 만큼 정부와 한국수출입은행이 이번 국감에서 KAI 지배구조 개편에 어떤 입장을 내놓을지 주목된다. 국회 재정경제기획위원회는 김종출 KAI 대표이사 사장을... ,https://www.ddaily.co.kr/page/view/2026100219343336397,https://n.news.naver.com/mnews/article/138/0002243586?sid=101,"Sat, 03 Oct 2026 08:00:00 +0900"
수출입은행,한국수출입은행 2026년 하반기 68명 신입 전문직행원 채용,"퍼블릭타임스=한국수출입은행이 2026년 하반기 전문직행원 신입 68명을 공개 채용한다. 원서 접수는 오는 10월 19일까지 한국수출입은행 채용사이트에서만 가능하다. 이번 채용은 사업관리, 경영·회계·사무, 금융... ",https://www.public25.com/news/articleView.html?idxno=55861,https://www.public25.com/news/articleView.html?idxno=55861,"Sat, 03 Oct 2026 07:00:00 +0900"
수출입은행,美 움직이고 韓 채비한다…한미 조선협력에 ‘순풍’,"올해 6월에는 한미전략투자공사(KUIC)와 수출입은행, 산업은행, 무역보험공사, 해양진흥공사 등 정책금융기관과 HD현대중공업, 한화오션, 삼성중공업이 조선협력 투자 실행을 위한 업무협약(MOU)을 체결했다. 참여 기관과... ",https://economist.co.kr/article/view/ecn202609280025,https://n.news.naver.com/mnews/article/243/0000103811?sid=101,"Sat, 03 Oct 2026 06:01:00 +0900"
수출입은행,"빈손의 필리핀 바다에 띄운 2800톤…한화, 유럽 텃세 뚫을 승부수 던졌...",한국 수출입은행을 비롯한 정부 차원의 정책 금융 지원 조건과 현지 유지·보수·정비 센터 구축 조건이 얼마나 경쟁력 있게 결합하느냐가 승부를 가를 핵심 요인이다. 프랑스나 스페인이 파격적인 금융 지원을 내놓거나... ,https://www.g-enews.com/view.php?ud=202610030553393625fbbec65dfb_1,https://www.g-enews.com/view.php?ud=202610030553393625fbbec65dfb_1,"Sat, 03 Oct 2026 05:56:00 +0900"
수출입은행,[2026국감] 이재용·최태원 빠진 국감…재계 총수보다 '현안 책임자' 불...,방산업계에서는 김종출 한국항공우주산업(KAI) 대표가 수출입은행 보유 지분 매각과 민영화 문제와 관련해 증인으로 채택됐다. 한화에어로스페이스 이부환 대표는 경력직 채용 가이드라인과 학력 차별 문제를 놓고... ,https://www.straightnews.co.kr/news/articleView.html?idxno=312448,https://www.straightnews.co.kr/news/articleView.html?idxno=312448,"Fri, 02 Oct 2026 18:28:00 +0900"
수출입은행,"산은, PEF 책임운용 기준 마련…'투자 핵심원칙' 제정","산업은행은 국민연금공단, 한국성장금융투자운용, 한국수출입은행, 한국증권금융 등 주요 PEF 출자기관과 함께 'PEF 투자 핵심원칙'을 공동 제정했다고 2일 밝혔다. 학계와 민간 전문가도 'PEF 위탁운용 가이드라인... ",https://www.ebn.co.kr/news/articleView.html?idxno=1726635,https://www.ebn.co.kr/news/articleView.html?idxno=1726635,"Fri, 02 Oct 2026 18:12:00 +0900"
수출입은행,"산업은행, 주요 PEF 기관과 투자 가이드라인 공동 마련","2일 한국산업은행에 따르면 은행은 국민연금공단과 한국성장금융투자운용, 한국수출입은행, 한국증권금융, 학계·민간 전문가 등과 함께 'PEF 위탁운용 가이드라인 태스크포스(TF)'에 참여해 'PEF 투자 핵심원칙'을 공동... ",http://www.popcornnews.net/news/articleView.html?idxno=134900,http://www.popcornnews.net/news/articleView.html?idxno=134900,"Fri, 02 Oct 2026 18:04:00 +0900"
수출입은행,"[금융권 이모저모]산업은행, 주요 출자기관과 'PEF 투자 핵심원칙' 공동...","국민연금공단과 한국성장금융투자운용, 한국수출입은행, 한국증권금융 등이 제정 작업에 참여했다. 이번 원칙은 주요 출자기관과 학계·민간 전문가 등으로 구성된 'PEF 위탁운용 가이드라인 태스크포스(TF)'에서... ",https://www.businessplus.kr/news/articleView.html?idxno=117682,https://www.businessplus.kr/news/articleView.html?idxno=117682,"Fri, 02 Oct 2026 17:56:00 +0900"
수출입은행,"&quot;자율적 가이드라인 마련&quot;…산업은행, PEF 투자원칙 제정","|중앙이코노미뉴스 정재혁 기자|한국산업은행은 국내 주요 PEF 출자기관(국민연금공단, 한국성장금융투자운용, 한국수출입은행, 한국증권금융), 학계 및 민간 전문가 등으로 구성된 'PEF 위탁운용 가이드라인 TF'에... ",https://www.joongangenews.com/news/articleView.html?idxno=552495,https://www.joongangenews.com/news/articleView.html?idxno=552495,"Fri, 02 Oct 2026 17:42:00 +0900"
수출입은행,"산업은행, 주요 PEF 출자기관과 투자 핵심원칙 공동 제정",산업은행은 국민연금공단·한국성장금융투자운용·한국수출입은행·한국증권금융과 학계 및 민간 전문가로 구성된 'PEF 위탁운용 가이드라인 TF'에 참여해 'PEF 투자 핵심원칙'을 공동 제정했다. 가이드라인은 PEF 투자와... ,http://www.ftoday.co.kr/news/articleView.html?idxno=366622,http://www.ftoday.co.kr/news/articleView.html?idxno=366622,"Fri, 02 Oct 2026 17:40:00 +0900"
수출입은행,"현대로템, 페루 K2 본계약 맺고 멕시코 넘본다",양국 수출입은행이 한국산 제품을 사는 멕시코 기업을 위해 1억달러 규모 전대금융을 신설한 점도 현지 생산 협력에 활용할 수 있는 수단이다. 업계 관계자는 &quot;페루에서 장기 정책금융과 현지 조립공장 설립이라는... ,http://www.srtimes.kr/news/articleView.html?idxno=213911,http://www.srtimes.kr/news/articleView.html?idxno=213911,"Fri, 02 Oct 2026 17:24:00 +0900"
수출입은행,'총파업' 멈췄지만…지방이전 두고 정·노 '살얼음',실제 산업은행·수출입은행·기업은행 노조는 산별교섭을 맡아온 금융노조로부터 교섭권을 넘겨받아 교섭하는 방안을 추진하고 있다. 지방이전 문제가 본격화하면 금감원이나 예금보험공사 등 타 노조가 참여하는... ,https://www.asiatime.co.kr/article/20261002500262,https://www.asiatime.co.kr/article/20261002500262,"Fri, 02 Oct 2026 15:18:00 +0900"
산업은행,"'포항제철'에서 글로벌 POSCO까지, 민영화 26년 발자취","단계적인 지분 매각 과정이 이어진 가운데, 지난 2000년 10월 4일 산업은행 보유 지분을 자사주로 매입해 마침내 완전한 민영화를 달성했다. 포스코는 당시 매각 완료를 기점으로 '제철보국'의 틀에서 벗어나... ",https://www.financialpost.co.kr/news/articleView.html?idxno=278629,https://www.financialpost.co.kr/news/articleView.html?idxno=278629,"Sun, 04 Oct 2026 07:00:00 +0900"
산업은행,모빌리티 펀드 돈이 암살자(들)로...자본시장 출자약정·심사 쟁점화,2일 국회에 따르면 강민국 국민의힘 의원은 중소기업은행·한국산업은행·한국수출입은행에 암살자(들)과 제작사 하이브미디어코프 투자 관련 경위를 문서 등으로 요구했다. 투자 심사 과정과 은행·운용사 사이에... ,https://www.mt.co.kr/stock/2026/10/04/2026100216105252233,https://n.news.naver.com/mnews/article/008/0005421894?sid=101,"Sun, 04 Oct 2026 06:00:00 +0900"
산업은행,'관치 회귀'냐 '민간 수성'이냐…차기 은행연합회장 선출 초읽기,"은행산업이 건전성 규제와 가계대출 관리, 금융소비자 보호 등 정책 변화에 직접적인 영향을 받는 만큼 업권 대표가 정부와의 소통 창구 역할까지 맡아야 했기 때문이다. 이 때문에 과거에는 금융회사 경영 경험보다 정책... ",https://www.ziksir.com/news/articleView.html?idxno=147869,https://www.ziksir.com/news/articleView.html?idxno=147869,"Sun, 04 Oct 2026 06:00:00 +0900"
산업은행,"산은·기업은행, ‘암살자(들)’ 투자 외부 개입 의혹 부인",한국산업은행과 IBK기업은행이 영화 ‘암살자(들)’ 투자 과정에 외부 요청이나 개입이 있었다는 의혹을 부인했다. 두 은행은 3일 각각 입장문을 내고 투자 결정 절차와 펀드 운용의 독립성을 설명했다. 기업은행은 전담... ,https://www.vegannews.co.kr/news/article.html?no=391213,https://www.vegannews.co.kr/news/article.html?no=391213,"Sun, 04 Oct 2026 02:14:00 +0900"
산업은행,"BNK부산은행, 산업금융·문화예술 동시 확장","인더스트리뉴스 하용성 기자 BNK부산은행이 산업현장의 전문성을 금융에 접목하는 산업자문단을 가동하며 지역기업 금융지원 체계를 강화하고, 갤러리에서는 지역 예술인과 시민을 잇는 릴레이 전시를 이어간다.... ",https://www.industrynews.co.kr/news/articleView.html?idxno=86987,https://www.industrynews.co.kr/news/articleView.html?idxno=86987,"Sun, 04 Oct 2026 01:30:00 +0900"
산업은행,"산은·기업은행, 영화 '암살자(들)' 외압 투자 의혹 일축… &quot;사실무근&quot;",'암살자(들)' 포스터 (사진=하이브미디어코프) 국책은행인 한국산업은행과 IBK기업은행이 영화 '암살자(들)' 투자 과정에서 외부 요청이나 외압이 있었다는 의혹에 대해 일절 사실이 아니라며 전면 부인했다. 기업은행은... ,https://www.gukjenews.com/news/articleView.html?idxno=3712609,https://www.gukjenews.com/news/articleView.html?idxno=3712609,"Sun, 04 Oct 2026 00:20:00 +0900"
산업은행,"[아주경제 오늘의 뉴스 종합] 北, 김여정 대남 비난 이튿날 동해상 탄도...","산업은행도 투자 주체는 산업은행이 아닌 A펀드이며, 투자 의사결정은 해당 펀드 운용사가 독립적으로 수행했다고 해명했다. 또 산은은 펀드의 개별 투자 결정과 사후관리는 운용사 고유 업무하는 점을 언급한 뒤 &quot;영화... ",https://www.ajunews.com/view/20261003214000645,https://www.ajunews.com/view/20261003214000645,"Sat, 03 Oct 2026 21:44:00 +0900"
산업은행,&quot;독파모 폐지 없다&quot;…과기정통부 &quot;프론티어 AI와 별도 추진&quot; 재확인,기존에 사업비를 지원하던 방식에서 정부가 한국산업은행에 자금을 출자하고 산업은행이 AI 기업에 투자하는 구조로 바뀐다는 설명이다. 김 의원은 7500억원의 예산 산출근거가 세부 항목 없이 사업 전체를 한 묶음으로... ,https://www.edaily.co.kr/News/Read?newsId=02456726645609312&mediaCodeNo=257&utm_source=naver&utm_medium=referral&utm_campaign=news_syndication&utm_content=original_article,https://n.news.naver.com/mnews/article/018/0006380206?sid=105,"Sat, 03 Oct 2026 19:52:00 +0900"
산업은행,“우린 돈만 댔을 뿐”…영화 ‘암살자(들)’ 논란에 부랴부랴 ‘손절’...,3일 금융권 및 영화계에 따르면 IBK기업은행과 한국산업은행은 영화 ‘암살자(들)’ 투자와 관련해 외부 요청이나 비정상적인 개입은 전혀 없었다는 공식 입장문을 각각 발표했다. 이번 논란은 국회에서 영화 ‘암살자... ,https://www.seoul.co.kr/news/society/accident/2026/10/03/20261003500035?wlog_tag3=naver,https://n.news.naver.com/mnews/article/081/0003685811?sid=102,"Sat, 03 Oct 2026 18:51:00 +0900"
산업은행,"기업은행·산업은행 “영화 ‘암살자(들)’ 투자, 외압·비정상 경로 없...",국책은행인 한국산업은행과 IBK기업은행이 3일 고(故) 육영수 여사 피격 사건을 다룬 영화 ‘암살자(들)’ 투자 당시 외압은 없었다고 밝혔다. 기업은행은 3일 입장문을 내고 “기존 절차와 동일하게 전담 부서의 투자... ,https://www.kyeonggi.com/article/20261003580108,https://n.news.naver.com/mnews/article/666/0000125967?sid=101,"Sat, 03 Oct 2026 18:29:00 +0900"
산업은행,"기업·산업은행, '암살자(들)' 투자 외압 의혹 반박 … &quot;외부 요청 없었...",뉴데일리 윤세라 기자 = IBK기업은행과 한국산업은행이 3일 영화 '암살자(들)'에 대한 투자 과정에서 외부 압력은 없었다고 밝혔다. 기업은행은 이날 입장문을 통해 &quot;영화 암살자(들)에 대한 투자는 기존 절차와 동일하게... ,https://biz.newdaily.co.kr/site/data/html/2026/10/03/2026100300071.html,https://biz.newdaily.co.kr/site/data/html/2026/10/03/2026100300071.html,"Sat, 03 Oct 2026 18:06:00 +0900"
산업은행,주진우의 &lt;암살자(들)&gt; 투자 외압설에 입 연 국책은행들 &quot;의혹 사실 아니...,국책은행인 한국산업은행과 IBK기업은행이 3일 고(故) 육영수 여사 피격 사건을 다룬 영화 &lt;암살자(들)&gt;에 대한 직간접적인 투자 과정에서 외압은 없었다고 밝혔다. 기업은행은 3일 입장문을 내고 투자 관련해서 &quot;기존... ,https://www.pressian.com/pages/articles/2026100317473737125?utm_source=naver&utm_medium=search,https://n.news.naver.com/mnews/article/002/0002459476?sid=102,"Sat, 03 Oct 2026 17:48:00 +0900"
산업은행,[속보] 영화 ‘암살자(들)’ 투자 외부 개입 논란에…국책은행 “사실무...,영화 ‘암살자(들)’ 투자 때 외부의 요청이 있었다는 의혹이 제기된 데 대해 이 영화에 투자한 한국산업은행과 IBK기업은행은 사실무근이라는 입장을 밝혔다. 기업은행은 3일 입장문을 내고 “기존 절차와 동일하게 전담... ,http://www.kookje.co.kr/news2011/asp/newsbody.asp?code=0200&key=20261003.99099000617,https://n.news.naver.com/mnews/article/658/0000157368?sid=101,"Sat, 03 Oct 2026 17:34:00 +0900"
산업은행,"영화 ‘암살자(들)’ 투자 외압 의혹에…산은·기은 “정상적 심사, 외...","고(故) 육영수 여사 피격 사건을 다룬 영화 ‘암살자(들)’을 둘러싼 논란이 투자 과정으로 번지자, 국책은행인 한국산업은행과 IBK기업은행이 외부의 청탁이나 외압에 따른 투자가 아니라며 일제히 의혹을 부인했다.... ",https://www.dailian.co.kr/news/view/1697652/?sc=Naver,https://n.news.naver.com/mnews/article/119/0003139277?sid=101,"Sat, 03 Oct 2026 16:40:00 +0900"
산업은행,[금융 게시판] 우리은행은 비대면 사업자 담보대출…부산은행은 산업금...,"◆ BNK부산은행, 10개 산업·30명 전문가 자문단…산업금융 확대 BNK부산은행은 조선·해양, 반도체, 모빌리티, 로봇, 에너지, 방산, 바이오 등 10개 산업 분야의 외부 전문가 30명 안팎으로 산업자문단을 구성한다. 교수와 기업... ",https://www.lcnews.co.kr/news/articleView.html?idxno=209197,https://www.lcnews.co.kr/news/articleView.html?idxno=209197,"Sat, 03 Oct 2026 16:32:00 +0900"
산업은행,'암살자(들)' 후폭풍 확산···영화계 &quot;창작자 비난 멈춰야&quot;,제작사에 국책은행 자금이 흘러갔다는 의혹이 나오자 기업은행과 산업은행은 3일 외부 개입은 없었다고 반박했다. 지난달 23일 개봉한 이 영화는 1974년 문세광의 박정희 대통령 저격 시도 과정에서 육 여사가 숨진 실제... ,https://www.thereport.co.kr/news/articleView.html?idxno=91960,https://www.thereport.co.kr/news/articleView.html?idxno=91960,"Sat, 03 Oct 2026 16:10:00 +0900"
산업은행,"&quot;영화 '암살자(들)' 투자, 독립적 결정&quot;…기업은행·산업은행 '외압설' ...",영화 '암살자(들)'에 약 300억원을 투자한 국책은행에 외압이 있었다는 의혹이 일자 한국산업은행과 IBK기업은행이 &quot;독립적인 투자 결정&quot;이라는 입장문을 냈다. 기업은행은 3일 입장문을 통해 &quot;영화 '암살자(들)'에 대한... ,https://www.mt.co.kr/society/2026/10/03/2026100316031994509,https://n.news.naver.com/mnews/article/008/0005421860?sid=102,"Sat, 03 Oct 2026 16:07:00 +0900"
산업은행,‘암살자(들)’ 투자 논란에 국책은행 반박…“외부 요청 없었다”,"IBK기업은행과 한국산업은행이 영화 ‘암살자(들)’ 투자에 외부 요청이나 개입이 있었다는 의혹을 부인했다. 기업은행은 자체 심사를 거쳐 결정한 투자라고 설명했고, 산업은행은 출자한 펀드의 운용사가 독립적으로... ",https://www.kbmaeil.com/article/20261003500115,https://www.kbmaeil.com/article/20261003500115,"Sat, 03 Oct 2026 16:06:00 +0900"
산업은행,"산은·기은 &quot;'암살자(들)' 투자, 외부 개입 없었다&quot; 의혹 반박",한국산업은행과 IBK기업은행이 영화 '암살자(들)'에 국책은행 자금 300억 원이 투입된 것을 두고 외부 개입이 없었다고 선을 그었다. 기업은행은 3일 입장문을 내고 '암살자(들)' 투자와 관련해 기존 절차에 따라 내부... ,http://www.stoo.com/article.php?aid=109216837302,http://www.stoo.com/article.php?aid=109216837302,"Sat, 03 Oct 2026 15:34:00 +0900"
산업은행,'암살자(들)' 300억대 투자에 외부개입?…산은·기업은행 입 열었다,영화 ‘암살자(들)’에 국책은행 자금 300억원대가 직·간접적으로 투입됐다는 의혹이 제기된 가운데 한국산업은행과 IBK기업은행이 “외부 요청이나 개입은 없었다”고 반박했다. 기업은행은 3일 입장문을 내고 “기존... ,https://www.hankyung.com/article/2026100317647,https://n.news.naver.com/mnews/article/015/0005338881?sid=101,"Sat, 03 Oct 2026 15:33:00 +0900"
산업은행,"산은·기업은행, ‘암살자(들)’ 투자 외압 의혹 반박…“외부 요청 없...",한국산업은행과 IBK기업은행이 3일 영화 ‘암살자(들)’ 투자 과정에 외부의 요청이나 개입은 없었다며 정치권에서 제기된 의혹을 반박했다. 기업은행은 이날 입장문에서 “기존 절차와 동일하게 전담 부서의 투자 심사를... ,https://www.munhwa.com/article/11621242?ref=naver,https://n.news.naver.com/mnews/article/021/0002822903?sid=101,"Sat, 03 Oct 2026 15:24:00 +0900"
산업은행,산업은행.기업은행 &quot;영화 암살자(들) 투자 외부 요청 없었다&quot;,영화 암살자(들 )투자로 비난을 받고  있는 한국산업은행과 IBK기업은행은 3일 영화 '암살자(들)' 투자시 외부 요청은 없었다고 밝혔다. 산업은행은 3일 '한국산업은행은 영화 '암살자(들)'투자에 관여하지 않았다'는... ,https://www.ngonews.kr/news/articleView.html?idxno=239806,https://www.ngonews.kr/news/articleView.html?idxno=239806,"Sat, 03 Oct 2026 15:00:00 +0900"
산업은행,국책은행서 '암살자(들)'에 300억 투자?…&quot;외부 요청 없었다&quot;,한국산업은행과 IBK기업은행이 영화 '암살자(들)' 투자에 외부 개입은 없었다고 밝혔습니다. 두 은행은 오늘(3일) 관련 의혹을 해명하는 입장문을 각각 발표했습니다. 기업은행은 기존 절차를 따른 자체 심사를 거쳤다고... ,http://mbn.mk.co.kr/pages/news/newsView.php?category=mbn00009&news_seq_no=5222881,https://n.news.naver.com/mnews/article/057/0001971852?sid=102,"Sat, 03 Oct 2026 14:57:00 +0900"
산업은행,기업·산업은행 &quot;'암살자(들)' 투자 외부 요청 없었다&quot;,한국산업은행과 IBK기업은행이 영화 '암살자(들)' 투자 과정에서 외부 요청이나 개입은 없었다고 3일 밝혔다. 기업은행은 이날 입장문을 통해 &quot;영화 암살자(들)에 대한 투자는 기존 절차와 동일하게 전담 부서의 투자... ,http://www.inews24.com/view/2011647,https://n.news.naver.com/mnews/article/031/0001063320?sid=101,"Sat, 03 Oct 2026 14:54:00 +0900"
산업은행,영화 ‘암살자(들)’ 300억 투자 논란에…기업은행·산업은행 “외부 요...,기업은행 “내부기준 맞춰 결정…외부 요청 의혹 사실 아냐” 산업은행 “운용사가 독립적 투자…의사결정 관여 못 해” 육영수 여사 피격 사건을 다룬 영화 ‘암살자(들)’을 둘러싼 논란이 확산하는 가운데... ,https://www.segye.com/newsView/20261003504548?OutUrl=naver,https://n.news.naver.com/mnews/article/022/0004163799?sid=101,"Sat, 03 Oct 2026 14:42:00 +0900"
산업은행,산업·기업은행 &quot;영화 암살자(들) 투자에 외압? 사실과 달라&quot;,영화 '암살자(들)'을 둘러싼 논란이 투자 과정으로까지 번지자 한국산업은행과 IBK기업은행이 외부의 요청이나 개입에 따라 투자가 이뤄진 것은 아니라고 해명했다. 두 국책은행은 3일 각각 입장문을 내고 영화 투자 결정... ,https://www.imaeil.com/page/view/2026100314371992791,https://n.news.naver.com/mnews/article/088/0001032022?sid=102,"Sat, 03 Oct 2026 14:41:00 +0900"
산업은행,IBK기업·산업은행 공식 입장 &quot;암살자(들) 투자 비정상적 경로 없었다&quot;,영화 ‘암살자(들)’ 논란이 투자사에도 번지고 있는 가운데 한국산업은행과 IBK기업은행이 입장을 밝혔다. 이들 국책은행은 ‘외부 요청이 없었다’고 선을 그었다. 한국산업은행과 IBK기업은행은 3일 입장문을 통해... ,https://economist.co.kr/article/view/ecn202610030007,https://n.news.naver.com/mnews/article/243/0000103831?sid=101,"Sat, 03 Oct 2026 14:33:00 +0900"
산업은행,"주진우 ‘투자외압설’에도, ‘암살자(들)’ 200만 돌파","그는 “기업은행이 20억원을 직접 투자했고, 산업은행이 펀드 출자를 통해 4억원을 투자했다”며 “제작사 ‘하이브미디어코프’에는 기업은행 참여 펀드에서 142억5000만원, 산업은행 참여 펀드에서 140억원이... ",https://weekly.khan.co.kr/article/202610031429001,https://n.news.naver.com/mnews/article/033/0000052505?sid=103,"Sat, 03 Oct 2026 14:29:00 +0900"
산업은행,영화 ‘암살자(들)’ 투자 결정과정서 외부 개입?…기업은행·산업은행...,IBK기업은행과 한국산업은행이 입장문을 내고 영화 ‘암살자(들)’의 제작 투자를 참여하는 과정에서 외부의 요청 또는 개입이 있었다는 일각의 의혹을 일축했다. 최근 영화 내용에 대한 역사왜곡 논란이 격화된 가운데... ,https://www.ddaily.co.kr/page/view/2026100311000128745,https://n.news.naver.com/mnews/article/138/0002243596?sid=101,"Sat, 03 Oct 2026 14:25:00 +0900"
산업은행,'암살자(들)' 투자 외압 논란...진실은?,한국산업은행과 IBK기업은행은 3일 영화 '암살자(들)' 투자시 외부 요청은 없었다는 입장을 내놨다. 기업은행은 이날 공개한 입장문에서 &quot;기존 절차와 동일하게 전담 부서의 투자 심사를 거쳐 진행됐다&quot;며 &quot;제작사의 제작... ,https://magazine.hankyung.com/business/article/202610031736b,https://n.news.naver.com/mnews/article/050/0000111605?sid=101,"Sat, 03 Oct 2026 14:24:00 +0900"
기업은행,&quot;차명계좌 적발 NH농협은행이 제일 많아…작년부터 703건&quot;,"그 뒤로는 기업은행 277건, 우리은행 270건, 카카오뱅크 241건, 하나은행 185건, iM뱅크 91건, 새마을금고 85건 순이었습니다. 강민국 의원은 &quot;차명계좌 방치는 매출 누락 등 탈세 수단으로 악용될 우려뿐만 아니라 성실... ",http://www.yonhapnewstv.co.kr/news/AKR20261004085330VMx,https://n.news.naver.com/mnews/article/422/0000912375?sid=101,"Sun, 04 Oct 2026 08:54:00 +0900"
기업은행,AI로 상호금융까지 광범위 공격…&quot;해킹 시도 훨씬 많을 수도&quot;,"금융회사는 외부로 알려진 것보다 훨씬 많을 수 있다&quot;고 지적했습니다. 다만, 증권·보험·카드업권과 IBK기업은행, 한국수출입은행 등 국책은행에서는 현재까지 동일한 공격 흔적이 확인되지 않은 것으로 전해졌습니다.",https://news.bbsi.co.kr/news/articleView.html?idxno=4110227,https://news.bbsi.co.kr/news/articleView.html?idxno=4110227,"Sun, 04 Oct 2026 08:44:00 +0900"
기업은행,시중은행·2금융권까지… ‘AI 해킹’ 금융권 ‘비상’,"다만 증권·보험·카드업권과 IBK기업은행, 한국수출입은행 등 국책은행에서는 현재까지 동일한 공격 흔적이 확인되지 않은 것으로 전해졌다. ◇금융권 보안체계의 전면 개편 추진될 듯 당국은 이번 공격이 특정 회사를... ",https://www.dt.co.kr/article/12087267?ref=naver,https://n.news.naver.com/mnews/article/029/0003051290?sid=105,"Sun, 04 Oct 2026 08:40:00 +0900"
기업은행,국세청 적발 사업자 차명계좌…NH농협은행 가장 많아,"이어 기업은행(277건), 우리은행(270건), 카카오뱅크(241건), 하나은행(185건), iM뱅크(91건), 새마을금고(85건) 순이었다. 고소득 자영업자의 주된 탈세 창구로 꼽히는 차명계좌에 대해 국세청의 제보 및 과세 활용... ",http://www.segyebiz.com/newsView/20261004502141?OutUrl=naver,http://www.segyebiz.com/newsView/20261004502141?OutUrl=naver,"Sun, 04 Oct 2026 08:26:00 +0900"
기업은행,국세청 차명계좌 제보·과세활용 매년 감소…농협 가장 많아,"이어 국민은행 497건, 농·축협 471건, 신한은행 319건, 기업은행 277건, 우리은행 270건, 카카오뱅크 241건, 하나은행 185건, 아이엠뱅크 91건, 새마을금고 85건 등의 순이었다. 강민국 의원은 &quot;국민이 제보한 소중한... ",https://www.kukinews.com/article/view/kuk202610040002,https://www.kukinews.com/article/view/kuk202610040002,"Sun, 04 Oct 2026 08:24:00 +0900"
기업은행,12개월 최고 연 7.00%…경남은행 '오면우대! 하면우대! 정기적금' [이주...,기업은행의 'IBK D-day적금(자유적립식)'은 세전이자율 3.10%에 우대금리를 더해 4.60%의 금리를 받을 수 있다. 우대조건에는 ▲목표달성 축하금리 연 1.0%p ▲최초거래고객 우대금리 연 0.5%p 등이 붙는다. 같은... ,https://www.fntimes.com/html/view.php?ud=2026100217411137271b5a221379_18,https://www.fntimes.com/html/view.php?ud=2026100217411137271b5a221379_18,"Sun, 04 Oct 2026 07:10:00 +0900"
기업은행,24개월 최고 연 3.97%…제주은행 'J정기예금(만기지급식)' [이주의 은행...,"IBK기업은행의 'IBK더굴리기통장(실세금리정기예금)'은 별도 우대조건 없이 최고 3.56%의 금리를 제공한다. 전주 대비 세전이자율이 0.01%p 내렸다. 계좌 수 제한은 없으며, 최소 100만원 이상 납입한도 제한도 없다.... ",https://www.fntimes.com/html/view.php?ud=202610021738397761b5a221379_18,https://www.fntimes.com/html/view.php?ud=202610021738397761b5a221379_18,"Sun, 04 Oct 2026 07:06:00 +0900"
기업은행,"[인사이트 뉴스] '중국계 AI'까지 동원됐나…금융권 덮친 AI 해킹, 1·2금...","현재까지 증권·보험·카드업권과 IBK기업은행, 한국수출입은행 등에서는 동일한 공격 흔적이 확인되지 않은 것으로 알려졌다. ◇ 개인정보 유출 '연쇄효과'…맞춤형 피싱으로 번질 수도 이번 사태가 심각한 이유는 유출... ",https://www.moneystorm.kr/news/articleView.html?idxno=7032,https://www.moneystorm.kr/news/articleView.html?idxno=7032,"Sun, 04 Oct 2026 06:59:00 +0900"
기업은행,모빌리티 펀드 돈이 암살자(들)로...자본시장 출자약정·심사 쟁점화,2일 국회에 따르면 강민국 국민의힘 의원은 중소기업은행·한국산업은행·한국수출입은행에 암살자(들)과 제작사 하이브미디어코프 투자 관련 경위를 문서 등으로 요구했다. 투자 심사 과정과 은행·운용사 사이에... ,https://www.mt.co.kr/stock/2026/10/04/2026100216105252233,https://n.news.naver.com/mnews/article/008/0005421894?sid=101,"Sun, 04 Oct 2026 06:00:00 +0900"
기업은행,'관치 회귀'냐 '민간 수성'이냐…차기 은행연합회장 선출 초읽기,"윤종규 전 KB금융지주 회장과 박종복 전 SC제일은행장, 윤종원 전 IBK기업은행장, 이찬우 NH농협금융지주 회장, 은성수 전 금융위원장 등이 대표적이다. 출신 배경도 뚜렷하게 갈린다. 윤종규 전 회장과 박종복 전 행장은... ",https://www.ziksir.com/news/articleView.html?idxno=147869,https://www.ziksir.com/news/articleView.html?idxno=147869,"Sun, 04 Oct 2026 06:00:00 +0900"
기업은행,&quot;차명계좌 적발 NH농협·국민·농축협·신한銀 순으로 많아&quot;,"그 뒤로는 기업은행 277건, 우리은행 270건, 카카오뱅크 241건, 하나은행 185건, iM뱅크 91건, 새마을금고 85건 순이었다. 강민국 의원은 고소득 자영업자의 주된 탈세 수단인 차명계좌에 관한 국세청의 제보·적발... ",https://www.yna.co.kr/view/AKR20261003049200002?input=1195m,https://n.news.naver.com/mnews/article/001/0016356182?sid=101,"Sun, 04 Oct 2026 05:55:00 +0900"
기업은행,AI로 상호금융까지 광범위 공격…&quot;해킹 시도 훨씬 많을 수도&quot;,"다만, 증권·보험·카드업권과 IBK기업은행, 한국수출입은행 등 국책은행에서는 현재까지 동일한 공격 흔적이 확인되지 않은 것으로 전해졌다. 8개국 IP 이용…내부용 앱 등 '빈틈' 노려 당국은 이번 공격이 특정 회사를... ",https://www.yna.co.kr/view/AKR20261003042400002?input=1195m,https://n.news.naver.com/mnews/article/001/0016356167?sid=101,"Sun, 04 Oct 2026 05:30:00 +0900"
기업은행,"산은·기업은행, ‘암살자(들)’ 투자 외부 개입 의혹 부인",한국산업은행과 IBK기업은행이 영화 ‘암살자(들)’ 투자 과정에 외부 요청이나 개입이 있었다는 의혹을 부인했다. 두 은행은 3일 각각 입장문을 내고 투자 결정 절차와 펀드 운용의 독립성을 설명했다. 기업은행은 전담... ,https://www.vegannews.co.kr/news/article.html?no=391213,https://www.vegannews.co.kr/news/article.html?no=391213,"Sun, 04 Oct 2026 02:14:00 +0900"
기업은행,"산은·기업은행, 영화 '암살자(들)' 외압 투자 의혹 일축… &quot;사실무근&quot;",'암살자(들)' 포스터 (사진=하이브미디어코프) 국책은행인 한국산업은행과 IBK기업은행이 영화 '암살자(들)' 투자 과정에서 외부 요청이나 외압이 있었다는 의혹에 대해 일절 사실이 아니라며 전면 부인했다. 기업은행은... ,https://www.gukjenews.com/news/articleView.html?idxno=3712609,https://www.gukjenews.com/news/articleView.html?idxno=3712609,"Sun, 04 Oct 2026 00:20:00 +0900"
기업은행,전남광주 SOOP 수퍼스 배구단 출범...11일 첫 경기,첫 시즌 각오 등을 전하는 토크콘서트 등을 진행했습니다. 수퍼스 초대 사령탑 김세진 감독은 오는 11일 여수 진남체육관에서 열리는 2026 KOVO컵 프로배구 대회에서 IBK기업은행과 창단 첫 경기를 치릅니다.,https://www.ikbc.co.kr/article/view/kbc202610030035,https://m.sports.naver.com/volleyball/article/660/0000118381,"Sat, 03 Oct 2026 23:19:00 +0900"
기업은행,490억→577억원…주요 은행 외부인 대출사기 사고액 또 늘었다,KB국민·신한·우리·IBK기업은행의 외부인 사기 관련 금융사고 금액이 약 577억원으로 늘었다. 지난 8월 공시 당시 약 490억원에서 87억원가량 증가했다. 추가 사고 금액이 확인되면서 정정공시가 이어졌고... ,https://www.koreareport.co.kr/news/articleView.html?idxno=53417,https://www.koreareport.co.kr/news/articleView.html?idxno=53417,"Sat, 03 Oct 2026 22:12:00 +0900"
기업은행,"김채영·스미레, IBK기업은행배 8강 선착",한국 여자 랭킹 3위 스미레 6단과 5위 김채영 9단이 IBK기업은행배 여자바둑 월드마스터스 8강 문턱을 넘어섰다. 3일 서울시 성동구 한국기원에서 열린 2026 IBK기업은행배 여자바둑 월드마스터스 본선 16강전 첫째 날... ,https://www.ppss.kr/news/articleView.html?idxno=313874,https://www.ppss.kr/news/articleView.html?idxno=313874,"Sat, 03 Oct 2026 22:07:00 +0900"
기업은행,[V리그] '신생' 여자프로배구 SOOP 수퍼스 창단식…11일 KOVO컵서 첫 실전,"(Build Together Win Together)'로 정했으며, 새 응원가도 이날 함께 공개됐다. SOOP 수퍼스는 오는 11일 전남광주 여수 진남체육관에서 열리는 2026 여수 KOVO컵 프로배구대회에서 IBK기업은행을 상대로 첫 실전에 나선다.",https://swtvnews.com/news/newsview.php?ncode=1065617084448026,https://swtvnews.com/news/newsview.php?ncode=1065617084448026,"Sat, 03 Oct 2026 21:50:00 +0900"
기업은행,"[아주경제 오늘의 뉴스 종합] 北, 김여정 대남 비난 이튿날 동해상 탄도...","산은·기업은행 &quot;영화 '암살자(들)' 투자, 외부 요청·개입 없었다&quot; 기업은행은 3일 입장문을 내고 &quot;영화 '암살자(들)'에 대한 투자는 기존 절차와 동일하게 전담 부서의 투자 심사를 거쳐 진행됐다&quot;고 설명했다. 이어... ",https://www.ajunews.com/view/20261003214000645,https://www.ajunews.com/view/20261003214000645,"Sat, 03 Oct 2026 21:44:00 +0900"
기업은행,"‘일본 천재 바둑 소녀’ 스미레, ‘우승 2억원’ IBK기업은행배 8강 진...",쿠키뉴스=이영재 기자 | ‘일본 천재 바둑 소녀’ 스미레 6단이 ‘우승 상금 2억원’이 걸린 IBK기업은행배 8강에 선착했다. 한국기원 소속으로 출전한 한국 여자 바둑 랭킹 3위 스미레 6단과 한국 여자 5위 김채영... ,https://www.kukinews.com/article/view/kuk202610030043,https://www.kukinews.com/article/view/kuk202610030043,"Sat, 03 Oct 2026 20:46:00 +0900"
기업은행,"IBK기업은행배 여자바둑 스미레, 김채영 8강 진출…우에노 리사, 위즈잉...",여자랭킹 3위 스미레 6단(2009년생)과 5위 김채영 9단(1996년생)이 2026 IBK기업은행배 여자바둑 월드마스터스 8강 무대에 올랐다. 일본의 우에노 리사 4단과 중국의 위즈잉 8단도 나란히 8강행 티켓을 손에 넣었다. 3일... ,https://www.dailysportshankook.co.kr/news/articleView.html?idxno=434110,https://www.dailysportshankook.co.kr/news/articleView.html?idxno=434110,"Sat, 03 Oct 2026 19:40:00 +0900"
기업은행,“우린 돈만 댔을 뿐”…영화 ‘암살자(들)’ 논란에 부랴부랴 ‘손절’...,3일 금융권 및 영화계에 따르면 IBK기업은행과 한국산업은행은 영화 ‘암살자(들)’ 투자와 관련해 외부 요청이나 비정상적인 개입은 전혀 없었다는 공식 입장문을 각각 발표했다. 이번 논란은 국회에서 영화 ‘암살자... ,https://www.seoul.co.kr/news/society/accident/2026/10/03/20261003500035?wlog_tag3=naver,https://n.news.naver.com/mnews/article/081/0003685811?sid=102,"Sat, 03 Oct 2026 18:51:00 +0900"
기업은행,"기업은행·산업은행 “영화 ‘암살자(들)’ 투자, 외압·비정상 경로 없...",국책은행인 한국산업은행과 IBK기업은행이 3일 고(故) 육영수 여사 피격 사건을 다룬 영화 ‘암살자(들)’ 투자 당시 외압은 없었다고 밝혔다. 기업은행은 3일 입장문을 내고 “기존 절차와 동일하게 전담 부서의 투자... ,https://www.kyeonggi.com/article/20261003580108,https://n.news.naver.com/mnews/article/666/0000125967?sid=101,"Sat, 03 Oct 2026 18:29:00 +0900"
기업은행,"&quot;불계승 행진&quot; 스미레·김채영, IBK 여자바둑 8강행","2026 IBK기업은행배 여자바둑 월드마스터스 본선 16강 첫째 날 대국에서 한국 기사들이 희비가 엇갈렸다. 나카무라 스미레 6단과 김채영 9단이 나란히 승리를 거두며 8강에 이름을 올렸고, 조승아 7단과 이영주 4단은 세계... ",https://www.topstarnews.net/news/articleView.html?idxno=16236539,https://www.topstarnews.net/news/articleView.html?idxno=16236539,"Sat, 03 Oct 2026 18:20:00 +0900"
기업은행,"SOOP 수퍼스, ‘빌드 투게더 윈 투게더’ 내걸고 힘찬 출발…26승 도전",좋았으면 좋겠다”며 “부상 없이 이번 시즌을 잘 치르고 싶다”고 말했다. 한편 SOOP 수퍼스는 오는 11일 여수 진남체육관에서 열리는 2026 여수 KOVO컵 프로배구대회에서 IBK기업은행을 상대로 첫 공식 경기를 치른다.,http://www.jndn.com/article.php?aid=1791018652440621189,http://www.jndn.com/article.php?aid=1791018652440621189,"Sat, 03 Oct 2026 18:14:00 +0900"
기업은행,"스미레·김채영, IBK 여자바둑 8강 진출…조승아·이영주 탈락",나카무라 스미레 6단과 김채영 9단이 2026 IBK기업은행배 여자바둑 월드마스터스에서 8강에 진출했다. 한국 여자랭킹 3위 스미레는 3일 성동구 마장로 한국기원에서 열린 본선 16강 첫째 날 경기에서 '절친' 정유진... ,https://www.yna.co.kr/view/AKR20261003042800007?input=1195m,https://m.sports.naver.com/general/article/001/0016355820,"Sat, 03 Oct 2026 18:09:00 +0900"
기업은행,"말러 교향곡 전곡 완주 피날레, 진솔 감독 “ 정신적 계승과 부활, 끝이...","IBK기업은행, 롯데면세점, 클라랑스, 까사미아 등 광고로 이름을 알리기도 했다. 그가 2017년 말러를 사랑하는 젊은 음악가들을 모아 ‘말러리안 오케스트라’(Mahlerian Orchestra)를 결성해 추진해온 말러 ‘교향곡’ 전곡... ",https://www.viva100.com/article/20261003500194,https://www.viva100.com/article/20261003500194,"Sat, 03 Oct 2026 18:08:00 +0900"
기업은행,"기업·산업은행, '암살자(들)' 투자 외압 의혹 반박 … &quot;외부 요청 없었...",뉴데일리 윤세라 기자 = IBK기업은행과 한국산업은행이 3일 영화 '암살자(들)'에 대한 투자 과정에서 외부 압력은 없었다고 밝혔다. 기업은행은 이날 입장문을 통해 &quot;영화 암살자(들)에 대한 투자는 기존 절차와 동일하게... ,https://biz.newdaily.co.kr/site/data/html/2026/10/03/2026100300071.html,https://biz.newdaily.co.kr/site/data/html/2026/10/03/2026100300071.html,"Sat, 03 Oct 2026 18:06:00 +0900"
기업은행,주진우의 &lt;암살자(들)&gt; 투자 외압설에 입 연 국책은행들 &quot;의혹 사실 아니...,국책은행인 한국산업은행과 IBK기업은행이 3일 고(故) 육영수 여사 피격 사건을 다룬 영화 &lt;암살자(들)&gt;에 대한 직간접적인 투자 과정에서 외압은 없었다고 밝혔다. 기업은행은 3일 입장문을 내고 투자 관련해서 &quot;기존... ,https://www.pressian.com/pages/articles/2026100317473737125?utm_source=naver&utm_medium=search,https://n.news.naver.com/mnews/article/002/0002459476?sid=102,"Sat, 03 Oct 2026 17:48:00 +0900"
기업은행,[속보] 영화 ‘암살자(들)’ 투자 외부 개입 논란에…국책은행 “사실무...,영화 ‘암살자(들)’ 투자 때 외부의 요청이 있었다는 의혹이 제기된 데 대해 이 영화에 투자한 한국산업은행과 IBK기업은행은 사실무근이라는 입장을 밝혔다. 기업은행은 3일 입장문을 내고 “기존 절차와 동일하게 전담... ,http://www.kookje.co.kr/news2011/asp/newsbody.asp?code=0200&key=20261003.99099000617,https://n.news.naver.com/mnews/article/658/0000157368?sid=101,"Sat, 03 Oct 2026 17:34:00 +0900"
무역보험공사,&quot;사업성 지출이 대부분&quot;…미래기금법안 '30% 변경'룰 논쟁 예고,"농어가목돈마련저축장려기금, 무역보험기금, 산업기반신용보증기금, 신용보증기금... 교부되고 이후 인허가·설계·공사 지연 등으로 다시 2031년도까지 이월돼 집행 기간이 5년으로 늘어나는 경우를 예로 들었다.",https://www.yna.co.kr/view/AKR20261003048300002?input=1195m,https://n.news.naver.com/mnews/article/001/0016356170?sid=101,"Sun, 04 Oct 2026 05:45:00 +0900"
무역보험공사,"이종욱 “중동산 원유 대체 운반 운임·보험료 증가분, 과세에서 제외…...",이종욱 관세청장은 “중동산 원유의 대체 운반에 따른 운임·보험료 증가분을 과세에서 제외하는 특례 방안을 적극 검토하겠다”고 밝혔다. 이 청장은 2일 서울본부세관에서 국내 정유·석유화학 5개사와 한국석유공사... ,https://www.segye.com/newsView/20261002510911?OutUrl=naver,https://n.news.naver.com/mnews/article/022/0004163786?sid=101,"Sat, 03 Oct 2026 12:46:00 +0900"
무역보험공사,"한국 바람에 20년 투자, 외국 투자자는 무엇을 보나 [지평 기후에너지리...","아시아 첫 상업 규모 해상풍력 PF였던 포모사 1단지에는 덴마크와 독일, 네덜란드의 수출신용기관이 들어왔고 한국무역보험공사도 그중 하나였다. 당시 대만 해상풍력 금융의 90%가 해외 자금이라는 업계 추산도 있었다.... ",https://www.mk.co.kr/article/12167107,https://n.news.naver.com/mnews/article/009/0005743491?sid=102,"Sat, 03 Oct 2026 07:01:00 +0900"
무역보험공사,美 움직이고 韓 채비한다…한미 조선협력에 ‘순풍’,"올해 6월에는 한미전략투자공사(KUIC)와 수출입은행, 산업은행, 무역보험공사, 해양진흥공사 등 정책금융기관과 HD현대중공업, 한화오션, 삼성중공업이 조선협력 투자 실행을 위한 업무협약(MOU)을 체결했다. 참여 기관과... ",https://economist.co.kr/article/view/ecn202609280025,https://n.news.naver.com/mnews/article/243/0000103811?sid=101,"Sat, 03 Oct 2026 06:01:00 +0900"
무역보험공사,[10월 둘째 주] 에이빙이 추천하는 국내외 주요 무역 전시회,대한무역투자진흥공사(KOTRA)가 공동주관하는 산업 AI 통합 플랫폼 행사다. 올해 처음 선보이는 이... 텍스타일·의료보험 서비스 분야도 함께 다룬다. ■ 비즈니스 활용 포인트 인도는 세계 최대 인구를 기반으로... ,https://kr.aving.net/news/articleView.html?idxno=1815014,https://kr.aving.net/news/articleView.html?idxno=1815014,"Fri, 02 Oct 2026 18:20:00 +0900"
무역보험공사,관세청장 &quot;중동산 원유 우회운송 비용 증가분 비과세 특례 검토&quot;,운임·보험료 증가분을 과세에서 제외하는 특례 방안을 적극 검토하겠다&quot;고 밝혔습니다. 이 청장은 이날 서울본부세관에서 국내 정유·석유화학 5개사와 한국석유공사 등이 참석한 가운데 '원유 수입 다변화 지원 업계... ,https://biz.sbs.co.kr/article_hub/20000338189?division=NAVER,https://n.news.naver.com/mnews/article/374/0000536137?sid=101,"Fri, 02 Oct 2026 18:11:00 +0900"
무역보험공사,지역 우수 제품 한 자리에… 원주 중소기업 우수제품 박람회 개막,"이날 개막식에는 구자열 시장, 문정환 시의장 등 도·시의원, 박정하(원주 갑) 국회의원, 황형주 강원일보 원주본부장, 강구형 강원조달청장, 정선영 한국무역보험공사 강원본부장, 김운태 코트라 강원지원본부장, 유병길... ",https://www.kwnews.co.kr/article/20261002500343,https://n.news.naver.com/mnews/article/087/0001221791?sid=102,"Fri, 02 Oct 2026 17:07:00 +0900"
무역보험공사,"영국, 한국의 러시아산 LNG 제재 면제…사할린Ⅱ 계약 2028년까지 유지",영국 정부는 1일 한국의 사할린Ⅱ LNG 수입과 관련한 일반무역허가를 발표했다. 이번 조치는 2025년 6월... 한국가스공사는 사할린Ⅱ 프로젝트를 통해 연간 150만톤 규모의 LNG를 도입하고 있다. 관련 장기계약은 2005년... ,https://www.factin.co.kr/news/articleView.html?idxno=7126,https://www.factin.co.kr/news/articleView.html?idxno=7126,"Fri, 02 Oct 2026 16:16:00 +0900"
무역보험공사,중동산 원유 의존도 70.9%→55.6%...수입선 다변화 속도,이종욱 관세청장은 2일 서울본부세관에서 국내 정유·석유화학기업 5곳과 한국석유공사 등이 참석한 가운데 열린 '원유 수입 다변화 지원 업계 간담회'에서 &quot;중동산 원유의 대체 운반에 따른 운임·보험료 증가분을 과세... ,https://www.joongangenews.com/news/articleView.html?idxno=552439,https://www.joongangenews.com/news/articleView.html?idxno=552439,"Fri, 02 Oct 2026 15:28:00 +0900"
무역보험공사,'총파업' 멈췄지만…지방이전 두고 정·노 '살얼음',(사진=연합뉴스) 2일 금융권에 따르면 지난달 29일 한국무역보험공사 노동조합은 지방이전 반대 기자회견에서 30일 예고된 '2차 총파업'이 결국 열리지 않게 됐다고 안내했다. 노사간 교섭이 타결된 영향이다. 교섭... ,https://www.asiatime.co.kr/article/20261002500262,https://www.asiatime.co.kr/article/20261002500262,"Fri, 02 Oct 2026 15:18:00 +0900"
무역보험공사,"원유 수입선 다변화 가속…관세청, FTA·운송비 지원 확대","무역협정(FTA) 활용과 운송비 지원 등 관세행정 지원을 강화하기로 했다. 관세청은 2일 서울본부세관에서 SK에너지, GS칼텍스, HD현대오일뱅크, S-OIL, 한화토탈에너지스 등 국내 정유 및 석유화학 5사와 한국석유공사... ",https://www.energy-news.co.kr/news/articleView.html?idxno=228743,https://www.energy-news.co.kr/news/articleView.html?idxno=228743,"Fri, 02 Oct 2026 14:58:00 +0900"
무역보험공사,EU 우유 무관세에도 수입 주춤,관세는 한·EU 자유무역협정(FTA)에 따라 2026년 7월 1일 철폐됐다. 한국농수산식품유통공사(aT)... 운임과 보험료를 포함한 국내 항구 도착 기준 가격이다. 폴란드산은 국내 수입 멸균우유 시장에서 압도적인 비중을... ,https://www.chukkyung.co.kr/news/articleView.html?idxno=83097,https://www.chukkyung.co.kr/news/articleView.html?idxno=83097,"Fri, 02 Oct 2026 14:29:00 +0900"
무역보험공사,기후·에너지 전환부터 산업경쟁력까지…국감 25일간 정책 실행력 점검,"12일에는 대한무역투자진흥공사·한국무역보험공사·한국산업단지공단 등, 13일에는 지식재산처 및 관련 기관을 감사한다. 15일에는 중소벤처기업진흥공단·기술보증기금·소상공인시장진흥공단 등을 대상으로 기업... ",https://www.energydaily.co.kr/news/articleView.html?idxno=203779,https://www.energydaily.co.kr/news/articleView.html?idxno=203779,"Fri, 02 Oct 2026 14:14:00 +0900"
무역보험공사,관세청장 &quot;중동산 원유 우회운송 비용 증가분 비과세 특례 검토&quot;,운임·보험료 증가분을 과세에서 제외하는 특례 방안을 적극 검토하겠다&quot;고 밝혔다. 이 청장은 이날 서울본부세관에서 국내 정유·석유화학 5개사와 한국석유공사 등이 참석한 가운데 '원유 수입 다변화 지원 업계... ,https://www.yna.co.kr/view/AKR20261002104100002?input=1195m,https://n.news.naver.com/mnews/article/001/0016353708?sid=101,"Fri, 02 Oct 2026 14:11:00 +0900"
무역보험공사,"중동 원유 의존도 낮춘다…관세청, 북미산 수입 비용·통관 장벽 완화","자유무역협정(FTA) 특혜관세를 적용하는 방안을 추진한다. 2일 관세청에 따르면 올해 3~9월 전체 원유... 한국석유공사, 대한석유협회가 참석한 가운데 ‘원유 수입 다변화 지원 업계 간담회’를 열고 추가 지원방안을... ",https://www.kukinews.com/article/view/kuk202610020102,https://www.kukinews.com/article/view/kuk202610020102,"Fri, 02 Oct 2026 13:32:00 +0900"
무역보험공사,"‘파나마 경유 미국산 원유 특혜관세’… 관세청, 원유 수입비용 낮추기...","아울러 중동산 원유의 우회 운송에 따른 운임·보험료 증가분을 과세에서 제외하는 방안을 검토한다.... 한국석유공사, 대한석유협회가 참여했다. 주요 논의 대상은 파나마 송유관을 경유하는 미국산 원유의 자유무역... ",https://www.kukinews.com/article/view/kuk202610020101,https://www.kukinews.com/article/view/kuk202610020101,"Fri, 02 Oct 2026 13:30:00 +0900"
무역보험공사,"낮아지는 중동 원유 비중…관세청, 수입선 다변화 지원 속도","관세청은 2일 서울본부세관에서 국내 정유·석유화학 5개사와 한국석유공사, 대한석유협회가 참석한... 미국산은 제3국을 경유하더라도 간소화된 서류를 제출하면 자유무역협정(FTA) 직접운송 예외를 인정하도록... ",https://www.dailian.co.kr/news/view/1697354/?sc=Naver,https://n.news.naver.com/mnews/article/119/0003139003?sid=101,"Fri, 02 Oct 2026 12:49:00 +0900"
무역보험공사,"관세청, 파나마 송유관으로 들여온 美원유 FTA 관세혜택 추진",자유무역협정(FTA) 특혜관세를 적용하는 방안을 추진한다. 중동산 원유를 홍해·수에즈운하·희망봉 등 우회 항로로 들여오거나 호르무즈해협에서 유조선끼리 옮겨 싣는 방식(STS)으로 수입할 때 늘어나는 운임·보험... ,https://biz.chosun.com/policy/policy_sub/2026/10/02/I634HZWGZZAJPKEJBVN3FU2NY4/?utm_source=naver&utm_medium=original&utm_campaign=biz,https://n.news.naver.com/mnews/article/366/0001195876?sid=101,"Fri, 02 Oct 2026 12:05:00 +0900"
ODA,"현장 밀착형 기후기술로 재난 막는다… APCC, 국제 공조 박차",이를 바탕으로 참석자들은 향후 공적개발원조(ODA) 및 국제 기후기술 협력에 기여할 수 있는 실질적인 전략을 두고 심도 있는 토론을 벌였다. 하경자 원장은 &quot;이번 행사는 단순한 정보 제공을 넘어 사용자가 중심이... ,https://www.onews.tv/news/articleView.html?idxno=288470,https://www.onews.tv/news/articleView.html?idxno=288470,"Sat, 03 Oct 2026 18:04:00 +0900"
ODA,"코이카 보고서, 해외 사업장 다수 &quot;눈사태·홍수 위험&quot;...'기후 재난' 리...","공적개발원조(ODA) 세이프가드 보고서를 분석한 결과, 다수의 해외 사업장이 기후변화로 인한 산사태... 김준환 의원은 &quot;이제 기후 위기는 해외 ODA 사업 추진에 있어 사업 성패와 현장 안전을 좌우하는 중요한 리스크가... ",https://www.ilyoseoul.co.kr/news/articleView.html?idxno=523326,https://www.ilyoseoul.co.kr/news/articleView.html?idxno=523326,"Sat, 03 Oct 2026 17:32:00 +0900"
ODA,"안광현 전 중기기술진흥원AI혁신단장, 경기대 산학협력 부총장 취임","또한 독일등 글로벌 제조혁신 사례에 대한 이해와 베트남 ODA 협력 경험도 갖추고 있다. 경기대학교는 안 부총장의 현장 및 정책 경험을 바탕으로 기업 수요 기반 교육·연구, 기술사업화, 창업·인재양성, 글로벌... ",http://www.opinionnews.co.kr/news/articleView.html?idxno=145246,http://www.opinionnews.co.kr/news/articleView.html?idxno=145246,"Sat, 03 Oct 2026 04:16:00 +0900"
ODA,"국립창원대, KOICA 시민사회협력 사업 설명회 개최","이번 행사는 국제 개발 협력에 관심 있는 지역 기관·단체의 교류를 늘리고, 경남 시민사회의 공적 개발 원조(ODA) 사업 참여를 지원하기 위해 마련됐다. 한국국제협력단(KOICA)이 후원하고 경남국제개발협력센터가... ",http://www.metroseoul.co.kr/article/20261002500262,http://www.metroseoul.co.kr/article/20261002500262,"Fri, 02 Oct 2026 22:04:00 +0900"
ODA,안광현 경기대 산학협력부총장 취임,독일 등 글로벌 제조혁신 사례에 대한 이해와 베트남 공적개발원조(ODA) 협력 경험도 갖추고 있어 국내 산업 현장뿐 아니라 글로벌 산학협력 분야에서도 역할을 할 것으로 기대된다.산업 현장과 대학 연결…기업 수요 기반... ,https://wemakenews.co.kr/news/view.php?no=26454,https://wemakenews.co.kr/news/view.php?no=26454,"Fri, 02 Oct 2026 20:58:00 +0900"
ODA,안광현 경기대학교 산학협력부총장 취임,또한 독일 등 글로벌 제조혁신 사례에 대한 이해와 베트남 공적개발원조(ODA) 협력 경험도 갖추고 있다. 안광현(오른쪽) 신임 경기대학교 산학협력부총장이 1일 경기대에서 임명장을 받고 있다. (사진=경기대 제공)... ,http://www.babytimes.co.kr/news/articleView.html?idxno=74281,http://www.babytimes.co.kr/news/articleView.html?idxno=74281,"Fri, 02 Oct 2026 20:00:00 +0900"
ODA,"경기대학교, 안광현 신임 산학협력부총장 임명…산학협력 혁신 이끈다",독일 등 해외 제조혁신 사례에 대한 이해와 베트남 공적개발원조(ODA) 협력 경험 등을 바탕으로 글로벌 산학협력 분야에서도 역할을 수행해왔다. 경기대학교는 이 같은 안 부총장의 산업 현장 및 정책 경험을 대학의... ,https://www.dailysportshankook.co.kr/news/articleView.html?idxno=434089,https://www.dailysportshankook.co.kr/news/articleView.html?idxno=434089,"Fri, 02 Oct 2026 18:10:00 +0900"
ODA,안광현 경기대 산학협력부총장 취임…기업 연계 교육·연구 강화,이 과정에서 정부·공공기관·대기업·AI 기업 간 협력을 추진했으며 베트남 공적개발원조(ODA) 협력 경험도 쌓았다. 경기대는 안 부총장의 산업현장·정책 경험을 바탕으로 기업 수요에 맞춘 교육·연구와 기술사업화를... ,http://www.rightknow.co.kr/news/articleView.html?idxno=34879,http://www.rightknow.co.kr/news/articleView.html?idxno=34879,"Fri, 02 Oct 2026 17:50:00 +0900"
ODA,"경기대, 안광현 산학협력부총장 임명…제조업 AI 전문가","독일 등 해외 제조혁신 사례에 대한 경험과 베트남 공적개발원조(ODA) 협력 경험도 갖추고 있다. 경기대는 안 부총장의 현장 및 정책 경험을 바탕으로 기업 수요 기반 교육·연구, 기술사업화, 창업·인재양성, 글로벌... ",https://www.kmib.co.kr/article/view.asp?arcid=9000019403&cp=nv,https://n.news.naver.com/mnews/article/005/0001876469?sid=101,"Fri, 02 Oct 2026 17:34:00 +0900"
ODA,"경기대, 안광현 산학협력부총장 임명... 현대차 30년·AI정책 전문가","독일 등 해외 제조혁신 사례에 밝고, 베트남 공적개발원조(ODA) 협력 경험도 있다. [경기대학교] 경기대는 안 부총장의 현장·정책 경험을 토대로 기업 수요에 맞춘 교육·연구, 기술사업화, 창업·인재양성, 글로벌... ",http://www.newskr.kr/news/articleView.html?idxno=106890,http://www.newskr.kr/news/articleView.html?idxno=106890,"Fri, 02 Oct 2026 17:06:00 +0900"
ODA,안광현 경기대 산학협력부총장 취임,"독일 등 해외 제조혁신 사례에 밝고 베트남 공적개발원조(ODA) 협력 경험도 있다. 경기대는 안 부총장의 현장·정책 경험을 살려 기업 수요에 맞춘 교육·연구와 기술사업화, 창업·인재 양성, 글로벌 산학협력을 강화할... ",https://www.dailian.co.kr/news/view/1697504/?sc=Naver,https://n.news.naver.com/mnews/article/119/0003139124?sid=101,"Fri, 02 Oct 2026 16:19:00 +0900"
ODA,"㈜미성이앤씨, NGO 온해피와 업무협약","양 기관은 이번 협약을 통해 보유한 인적·물적 자원을 상호 연계하고, ODA 사업과 국내외 교육지원, 유학생 장학지원, SDGs·ESG 기반 국제협력 및 사회공헌사업 등을 공동으로 발굴·추진하기로 했다. 특히 협약 체결... ",http://www.incheonin.com/news/articleView.html?idxno=121214,http://www.incheonin.com/news/articleView.html?idxno=121214,"Fri, 02 Oct 2026 16:16:00 +0900"
ODA,"유네스코 청년 우수활동가, 동티모르 현장 방문한다",공적개발원조(ODA) 사업국 대상 맞춤형 개발협력 프로젝트 기획 등으로 구성된 유스 브릿지 프로그램을... 교육 ODA 현장을 체험할 예정이다. 유네스코한국위원회 홍현익 사무총장은 이번 프로그램이 교육부와 우리은행의... ,https://www.gukjenews.com/news/articleView.html?idxno=3711878,https://www.gukjenews.com/news/articleView.html?idxno=3711878,"Fri, 02 Oct 2026 16:00:00 +0900"
ODA,"아태기후센터, 수요자 맞춤형 기후기술 협력 방안 모색","발표 이후에는 유진호 선임연구원의 진행으로 종합토론이 열려 기후위기 대응을 위한 기후과학의 역할과 국제협력 방향, 공적개발원조(ODA) 및 국제 기후기술 협력 참여 방안 등을 논의했다. 2026년도 아태기후센터(APCC)... ",https://www.gukjenews.com/news/articleView.html?idxno=3711757,https://www.gukjenews.com/news/articleView.html?idxno=3711757,"Fri, 02 Oct 2026 15:16:00 +0900"
ODA,"KOIIA, 우즈베키스탄 K-Lab 교육과정 성료…디지털 인재 100여명 양성","한국산업지능화협회(KOIIA, 회장 조규종)와 와이즈스톤티(WiseStoneT, 대표 김인석)로 구성된 KOIIA 컨소시엄은 과학기술정보통신부가 주관하고 정보통신산업진흥원(NIPA)이 전담하는 AI·ICT 분야 공적개발원조(ODA)... ",https://www.etnews.com/20261002000172,https://n.news.naver.com/mnews/article/030/0003472028?sid=105,"Fri, 02 Oct 2026 14:54:00 +0900"
ODA,"APCC, 기후정보 현장 활용 넓힌다…수요자 맞춤 국제협력 모색",공적개발원조(ODA)와 국제 기후기술 협력사업 확대를 위한 사례로 제시됐다. 종합토론에서는 기후위기 대응 역량을 높이기 위한 기후과학의 역할과 함께 아태기후센터가 ODA와 국제 기후기술 협력에서 수행할 수 있는... ,https://www.industrynews.co.kr/news/articleView.html?idxno=86902,https://www.industrynews.co.kr/news/articleView.html?idxno=86902,"Fri, 02 Oct 2026 14:52:00 +0900"
ODA,"“글로벌 ODA 23%↓, 韓 개발금융·제안형 협력으로 선점해야”",전 세계 공적개발원조(ODA)가 사상 최대 폭으로 감소한 가운데 개발협력의 무게중심이 전통적인... 주요 공여국의 원조 축소가 개발 프로그램까지 위축시키는 상황에서 한국은 개발금융과 제안형 ODA의 실행력을... ,http://amenews.kr/news/view.php?idx=68197,http://amenews.kr/news/view.php?idx=68197,"Fri, 02 Oct 2026 13:44:00 +0900"
공급망,"사우디, 후티에 대한 대공세 나서나…후티 타격 주장, 아람코 인근서 화...","사우디 대규모 공세 전환 주목…중동 원유 공급망 ‘초긴장’ 사우디아라비아가 예멘 후티 반군을 향한 군사적 공세를 강화하려는 정황이 감지되자, 후티 반군이 사우디 핵심 에너지 인프라를 겨냥해 선제 타격을... ",https://www.g-enews.com/view.php?ud=202610040802344232fda4f5ab74_1,https://www.g-enews.com/view.php?ud=202610040802344232fda4f5ab74_1,"Sun, 04 Oct 2026 08:58:00 +0900"
공급망,[글로벌 주간 브리핑] AI에 돈 쏟아붓는 빅테크…미·중은 반도체 넘어...,인공지능(AI)을 중심으로 움직이던 글로벌 산업 지형이 자본과 공급망을 둘러싼 경쟁으로 빠르게 확장되고... 중국이 세계 희토류 공급망을 장악하고 있는 것에 대응해 미국도 자국이 우위를 가진 항공·우주 공급망을... ,https://www.wolyo.co.kr/news/articleView.html?idxno=318637,https://www.wolyo.co.kr/news/articleView.html?idxno=318637,"Sun, 04 Oct 2026 08:58:00 +0900"
공급망,"[기획] 두산에너빌리티, 수주는 26조인데…현금은 왜 줄었나","SMR 분야에서도 생산설비와 공급망 확대를 추진하고 있다. 대형 원전 기자재 제작 경험을 활용해 SMR 기자재 시장을 공략하고, 가스터빈에서는 기기 판매 이후 이어지는 유지·보수 서비스 계약을 늘릴 계획이다.... ",https://www.kfenews.co.kr/news/articleView.html?idxno=665804,https://www.kfenews.co.kr/news/articleView.html?idxno=665804,"Sun, 04 Oct 2026 08:56:00 +0900"
공급망,EU 첫 희토류 광산 가시화…스페인서 중국 독점 깬다,중국의 자원 무기화 압박에 맞서 유럽 차세대 모빌리티와 방산 업계가 현지 원료 공급망을 세울 기반을 마련했다는 평가가 나온다. 유럽 자립 공급망 구축과 남은 변수 유럽연합은 지난 2024년 5월 발효된 핵심원자재법... ,https://www.g-enews.com/view.php?ud=2026100403415434720990b2dc5_1,https://www.g-enews.com/view.php?ud=2026100403415434720990b2dc5_1,"Sun, 04 Oct 2026 08:14:00 +0900"
공급망,미중 패권 다툼 속 통제 불능 인공지능 공포…배선트 &quot;비상 통보선 구축...,파급 경로는 독자 거대언어모델과 기업용 소프트웨어를 공급하는 한국 테크 기업들의 글로벌 공급망 계약과 클라우드 배포 절차로 이어진다. 미국 정부가 안전 우려에 대한 직접 개입 방침을 밝히면서 해외 시장 진출에... ,https://www.g-enews.com/view.php?ud=202610040801393028fbbec65dfb_1,https://www.g-enews.com/view.php?ud=202610040801393028fbbec65dfb_1,"Sun, 04 Oct 2026 08:04:00 +0900"
공급망,“합의 안 하면 두 배”…美 압박 속 알래스카 LNG 셈법 복잡,특히 알래스카 LNG는 파나마 운하를 거치지 않고 아시아로 운송할 수 있어 공급망 다변화 측면에서 전략적 가치가 있다는 게 정부의 설명이다.정부는 미국 측으로부터 세부 사업 구조와 비용 산정 자료를 받은 뒤 현지... ,https://news.mtn.co.kr/news-detail/2026100212562975136,https://news.mtn.co.kr/news-detail/2026100212562975136,"Sun, 04 Oct 2026 08:04:00 +0900"
공급망,하림 품에 안긴 홈플 익스프레스…100일만 매출 급반등,한 유통업계 관계자는 &quot;홈플러스 익스프레스가 모기업인 하림이 보유한 계육 등 신선식품 공급망을 활용하면 육류를 비롯한 식품부문에서 차별화된 경쟁력을 확보할 수 있다&quot;고 말했다.,http://www.inews24.com/view/2011532,https://n.news.naver.com/mnews/article/031/0001063356?sid=101,"Sun, 04 Oct 2026 08:01:00 +0900"
공급망,"한미, 핵잠 협력·전작권 전환 속도 낸다…11월 APEC 주목받는 이유",미국 전략국제문제연구소(CSIS) 역시 지난달 보고서에서 미국 해군 조선업이 인력·인프라·공급망·조달 과정의 제약으로 필요한 속도와 규모의 선박을 건조하기 어렵다며 한국과 일본 등 동맹국과의 협력이 이러한 문제를... ,https://www.sisajournal.com/news/articleView.html?idxno=388817,https://n.news.naver.com/mnews/article/586/0000139393?sid=104,"Sun, 04 Oct 2026 08:00:00 +0900"
공급망,"HS효성, 북미 첨단소재 공략 '속도'…글로벌 진격 전초기지",사진=HS효성 제공  HS효성이 북미지역을 글로벌 공급망 확대의 전초기지로 삼고 첨단소재 시장을 두드리고 있다. 현지 첨단소재 시장 성장률이 매년 커지는 만큼 기술력을 인정받아 글로벌 기업으로 도약한다는... ,https://daily.hankooki.com/news/articleView.html?idxno=1411809,https://daily.hankooki.com/news/articleView.html?idxno=1411809,"Sun, 04 Oct 2026 08:00:00 +0900"
공급망,첫 KF-21 공군 품으로…F-5 빈자리 메울 '보라매'에 남은 3대 과제,"방위사업청은 물가와 환율, 공급망 부담과 공대지 무장능력 강화 등을 비용 상승 요인으로 설명했다. 후속양산 최종 사업비는 기획예산처 협의를 거쳐 연내 확정될 예정이다. 예산 증가로 전력화 일정을 2~3년... ",http://www.popcornnews.net/news/articleView.html?idxno=134857,http://www.popcornnews.net/news/articleView.html?idxno=134857,"Sun, 04 Oct 2026 08:00:00 +0900"
공급망,에너지자원공사 울산 유치는 지정학적 이점... 울산항만공사 통합은 딜...,"글로벌 공급망 위기가 상시화된 요즘 실물 비축기지와 항만 물류 거점이 유기적으로 결합한 울산이야말로 대한민국 에너지 주권을 지킬 최적의 위치&quot;라고 말했다. ■ 항만 직접 컨트롤 불가, 흔들리는 동북아 에너지허브의... ",https://www.fnnews.com/news/202610031956131257,https://n.news.naver.com/mnews/article/014/0005584615?sid=102,"Sun, 04 Oct 2026 08:00:00 +0900"
공급망,"&quot;한국 주식, 싸다고 좋은 게 아니다&quot;...'빅쇼트' 버리 제자 '일침'","확대 움직임에 힘입어 글로벌 투자자들의 관심을 끌어왔다. 여기에 글로벌 인공지능(AI) 공급망에서 차지하는 비중이 커지며 코스피는 올해 6월 고점까지 100% 넘게 상승했지만, 이후 탄력이 둔화하는 모습을 보이고 있다.",https://magazine.hankyung.com/business/article/202609305465b,https://n.news.naver.com/mnews/article/050/0000111615?sid=101,"Sun, 04 Oct 2026 07:54:00 +0900"
공급망,"동남아 넘어 중남미로…패션 OEM, 생산기지 재편 속도",집중된 공급망 위험을 낮추려는 전략이다. 4일 신성통상 사업보고서에 따르면 신성통상은 올해 1월 과테말라... 글로벌 패션 브랜드들이 관세와 물류 차질 등에 대비해 특정 지역에 집중된 공급망을 분산하려는 움직임도... ,https://www.news1.kr/industry/distribution/6305218,https://n.news.naver.com/mnews/article/421/0009208633?sid=101,"Sun, 04 Oct 2026 07:50:00 +0900"
공급망,미국 증시 100년 부를 일군 46개 종목의 비밀… '핵심 투자 후 탐색'이 ...,글로벌 자금이 시가총액 가중 방식의 지수 추종 상장지수펀드에서 퀄리티 집중 펀드로 분산 이동할 경우 한국 메모리 반도체 공급망 제조사의 수급 변동성이 완화될 수 있다. 반면 미국 빅테크의 인공지능 인프라... ,https://www.g-enews.com/view.php?ud=202610040707464982fbbec65dfb_1,https://www.g-enews.com/view.php?ud=202610040707464982fbbec65dfb_1,"Sun, 04 Oct 2026 07:46:00 +0900"
공급망,머크·BMS 특허 절벽 대응 비교… 대체 자원 '위험도'가 성패 갈랐다,머크(Merck)의 ADC와 항체 치료제 상용화 본격화는 글로벌 최고 수준의 대량 상용화 역량을 입증한 삼성바이오로직스와 원료의약품(API) 공급망 확장에 나선 ST팜의 추가 수요에 노출되어 있다. 파이프라인 공백이... ,https://www.g-enews.com/view.php?ud=20261003154729953fda4f5ab74_1,https://www.g-enews.com/view.php?ud=20261003154729953fda4f5ab74_1,"Sun, 04 Oct 2026 07:36:00 +0900"
공급망,"LG엔솔, 메르세데스에 46100 원통형 배터리 공급 추진…2028년 인도 목표","메르세데스-벤츠의 공급망 다변화 전략 메르세데스-벤츠와 LG에너지솔루션은 2024년 10월 이후 지금까지 네... CATL도 공급망에 참여하고 있으며, 과거에는 SK온 등에서도 배터리 셀을 조달한 바 있다. 공급 계획 실현... ",https://www.g-enews.com/view.php?ud=2026100407122722712bd56fbc3c_1,https://www.g-enews.com/view.php?ud=2026100407122722712bd56fbc3c_1,"Sun, 04 Oct 2026 07:24:00 +0900"
공급망,광양·여수·순천 &quot;광양만권 미래산업 협력·상생하자&quot;,기존 철강·석유화학 산업 기반에 이차전지·첨단소재·에너지 산업을 연계해 여수·순천·광양을 잇는 산업 공급망을 강화하겠다는 구상이다. ◆ 통합지원금 자율계정 확보 건의 이 자리에서 박성현 광양시장은... ,http://www.hansbiz.co.kr/news/articleView.html?idxno=869991,http://www.hansbiz.co.kr/news/articleView.html?idxno=869991,"Sun, 04 Oct 2026 07:12:00 +0900"
공급망,[단독] 中 독점 깬 '상동 텅스텐'의 귀환…美 기업과 21년 장기 오프테이...,핵심광물 공급망 재편의 주도권을 잡게 됐다. 독일 금융 매체 뵈르제 글로벌(boerse-global.de)은 3일... 스페인에서도 유럽 공급망을 겨냥한 추가 매출 기반을 확보했다. 알몬티는 지난달 17일 글로벌 공구기업 샌드빅... ,https://www.the-today.com/news/articleView.html?idxno=91168,https://www.the-today.com/news/articleView.html?idxno=91168,"Sun, 04 Oct 2026 07:06:00 +0900"
공급망,체굴부터 가공·원제품 생산까지… K기업 ‘탈중국 희토류 밸류체인’ ...,"희토류 원료 확보부터 금속 가공, 영구자석 생산까지 이어지는 비중국 공급망을 완성하는 셈이다. 국내... 중국의 수출 통제에 따른 공급망 위기도 지속되고 있다. 지난달 열린 미·중 정상회담을 계기로 다음달 만료... ",https://www.kmib.co.kr/article/view.asp?arcid=9000019577&cp=nv,https://n.news.naver.com/mnews/article/005/0001876568?sid=101,"Sun, 04 Oct 2026 07:04:00 +0900"
공급망,AI로 뚫고 AI로 막는다…해킹도 ‘AI 전쟁’,"수탁사와 협력사의 보안 현황까지 파악할 수 있도록 공급망 보안도 강화하고 있다. 대기업이 막대한 예산을 들여 AI 보안 관제 인프라를 구축하는 것과 달리, 예산과 인력이 부족한 중소기업 현장에서는 실용적인... ",https://economist.co.kr/article/view/ecn202609280039,https://n.news.naver.com/mnews/article/243/0000103836?sid=105,"Sun, 04 Oct 2026 07:01:00 +0900"
공급망,베일 벗은 2000억 달러 '대미투자'…텍사스 발전소부터 원전·LNG까지 [헤...,AP1000 건설에도 한국 기업들이 참여할 계획이어서 원전 설계시공과 공급망 분야에서 협력 범위가 확대될 수 있다. 양국은 원전 건설에 필요한 장기 제작 품목을 선제적으로 확보하기 위해 국내 절차와 사업성 검토를... ,https://www.ddaily.co.kr/page/view/2026100223392844566,https://n.news.naver.com/mnews/article/138/0002243602?sid=101,"Sun, 04 Oct 2026 07:00:00 +0900"
공급망,“돈은 미장·파킹형 갔는데”… 수익은 코스닥 ‘소부장’서 터졌다 [...,"삼성전자 등 반도체 대형주가 실적 피크아웃 우려와 외국인 매도세에 짓눌려 제자리걸음을 걷는 사이, 실질적인 공정 가동률 회복과 공급망 수혜가 가시화된 코스닥 소부장이 주목 받은 영향으로... ",https://www.sedaily.com/article/20097890?ref=naver,https://n.news.naver.com/mnews/article/011/0004668052?sid=101,"Sun, 04 Oct 2026 07:00:00 +0900"
공급망,&quot;오이값 치솟아도 품절 걱정 덜었다&quot;…롯데마트가 찾은 해법,"기후변화로 농산물의 작황과 품질 변동성이 커지면서 대형마트가 스마트팜을 안정적인 공급망으로 활용하고 있다. 롯데마트는 농산물 수급 불확실성을 낮추기 위해 스마트팜 취급 품목과 거래 농가, 운영 물량을... ",https://www.mt.co.kr/living/2026/10/04/2026093015465854137,https://n.news.naver.com/mnews/article/008/0005421910?sid=101,"Sun, 04 Oct 2026 07:00:00 +0900"
공급망,“초광력 협력” 전국 첫 첨단로봇 특화단지로 우뚝서는 TK,"대구시는 이러한 기업들의 투자가 원활히 실행되고, 지역 중소·중견기업들도 부품·모듈 공급망 등으로... 전자·기계·장비 분야의 정밀부품 공급망이 지역 내에 촘촘히 연결돼 있어 로봇 핵심부품의 양산 거점으로... ",https://www.joongang.co.kr/article/25466954,https://n.news.naver.com/mnews/article/025/0003555578?sid=102,"Sun, 04 Oct 2026 07:00:00 +0900"
공급망,"中, ASML '액침 DUV' 340대 싹쓸이 비축에 美 '전면 금수' 압박 고조","비록 과거 공급망 병목으로 밀렸던 주문이 해소되고 규제가 일부 강화되면서 2026년 1분기 19%, 2분기 14%로... 글로벌 반도체 장비 공급망의 불확실성은 사상 최고조로 치닫고 있다. 신경원 글로벌이코노믹 기자",https://www.g-enews.com/view.php?ud=2026100318085693400c8c1c064d_1,https://www.g-enews.com/view.php?ud=2026100318085693400c8c1c064d_1,"Sun, 04 Oct 2026 06:36:00 +0900"
공급망,美 해군 조선소 한계 부딪히자 손 내민 미국… 한국 조선 3사 건조 동맹...,조선업과 공급망 연대를 본격화한다. 미국 내 조선소의 인력난과 만성적인 건조 지연을 타개하기 위해... 이어 2026년 7월 23일 워싱턴에 한·미 조선 파트너십 센터(KUSPC)를 공식 개소하고 공급망과 인력 훈련 등 15건의... ,https://www.g-enews.com/view.php?ud=202610040622329555fbbec65dfb_1,https://www.g-enews.com/view.php?ud=202610040622329555fbbec65dfb_1,"Sun, 04 Oct 2026 06:32:00 +0900"
공급망,"中 관광객, 도쿄 버리고 서울 가는데…日 “우리 인기 여전해”",일본이 외교 갈등으로 주춤한 사이 확충된 항공 공급망을 앞세운 한국이 중국인 관광객 유치전의 주도권을 쥐는 모양새다. 항공사들의 신규 취항과 증편이 본격화되면 양국 간 인적 교류와 관광객 유입도 한층 빨라질... ,https://biz.heraldcorp.com/article/10892738?ref=naver,https://n.news.naver.com/mnews/article/016/0002705245?sid=103,"Sun, 04 Oct 2026 06:32:00 +0900"
공급망,메모리 ‘오징어 게임’ 벌어지나…美 싱크탱크의 ‘메모리 공급 과잉’...,"미국에 공장만 늘리면 해결될까 공급망 강화 위한 보조금, 다음 공급과잉 부를라 미국 입장에서는 크게 2가지를 걱정하고 있습니다. 먼저 공급망 측면입니다. CSIS는 “상업적 HBM 생산에 필요한 제조·적층·패키징·수율... ",https://biz.heraldcorp.com/article/10892101?ref=naver,https://n.news.naver.com/mnews/article/016/0002705244?sid=101,"Sun, 04 Oct 2026 06:31:00 +0900"
공급망,&quot;날개 꺾인 中 여객기&quot;… 美 부품 수출 제한에 코맥 'C919' 또 납품 지연...,"미국과 유럽의 징벌적 관세 및 공급망 압박 속에서 민간 항공기 부품까지 미·중 통상 전쟁의 인질로 잡히면서, 보잉·에어버스의 2강 구도를 깨뜨리려던 중국의 '상용 항공기 굴기'는 혹독한 검증의 시험대에 오르게... ",https://www.g-enews.com/view.php?ud=2026100318045897770c8c1c064d_1,https://www.g-enews.com/view.php?ud=2026100318045897770c8c1c064d_1,"Sun, 04 Oct 2026 06:26:00 +0900"
공급망,얼어붙은 북극해 뚫은 2758TEU 국적선…초고령 부산항 미래 뱃길 열다,기존 수에즈 운하 경로보다 거리를 30%에서 40% 줄이는 새 바닷길을 시험 운항해 글로벌 공급망 불안 속 대안 항로의 상업적 가능성을 점검한 결과다. 이번 항해는 주민 20% 이상이 65세를 넘어 초고령 사회에 들어선... ,https://www.g-enews.com/view.php?ud=202610040605248811fbbec65dfb_1,https://www.g-enews.com/view.php?ud=202610040605248811fbbec65dfb_1,"Sun, 04 Oct 2026 06:24:00 +0900"
대미투자,"원전 대미투자, 수혜주는 어디?[주末머니]",한국의 대미투자 프로젝트가 발표되면서 원자력 발전소 건설에 따른 한국 기업들의 수혜가 예상된다는 의견이 나왔다. 이민재 NH투자증권 연구원은 &quot;미국에 건설될 대형 원전 8기 중 웨스팅하우스가 담당하는... ,https://view.asiae.co.kr/article/2026100115541484101,https://n.news.naver.com/mnews/article/277/0005824440?sid=101,"Sun, 04 Oct 2026 08:50:00 +0900"
대미투자,李 정부 2년차 국감 시작...여야 '전방위' 충돌 예고,"호남권 메가프로젝트 및 대미 투자 문제는 산업통상자원중소벤처기업위원회, 재정경제기획위원회가 주요 쟁점으로 삼을 것으로 예측된다. 증인 채택 문제를 둘러싼 여야 공방도 격화하고 있다. 법사위에서는 여당 주도로... ",https://www.fnnews.com/news/202610040821555585,https://n.news.naver.com/mnews/article/014/0005584620?sid=100,"Sun, 04 Oct 2026 08:48:00 +0900"
대미투자,[N위크] 재경부·기획처·금융위 국정감사…3대 메가·은행 해킹·세제 ...,"호남 반도체 클러스터 등 정부의 3대 메가프로젝트 사업성, 2천억 달러 규모 대미투자 사업 등 정부 추진 정책을 비롯, 종합부동산세 등 세제 개편안, 내년도 예산안 및 초과 세수 활용 계획, 미래대응기금 운영 방안... ",https://www.tfmedia.co.kr/news/article.html?no=207701,https://www.tfmedia.co.kr/news/article.html?no=207701,"Sun, 04 Oct 2026 08:46:00 +0900"
대미투자,트럼프 &quot;알래스카에 인류 역사상 누구보다 많이 가져와&quot;,한국 정부가 참여 여부를 확정하지 않은 알래스카 액화천연가스(LNG) 사업을 미국 측이 대미 투자 프로젝트로 발표한 뒤 나온 발언이다. 트럼프 대통령은 3일(현지시간) 트루스소셜에 올린 영상에서 &quot;알래스카는 내게 매우... ,https://news.tvchosun.com/site/data/html_dir/2026/10/04/2026100490004.html,https://n.news.naver.com/mnews/article/448/0000642952?sid=104,"Sun, 04 Oct 2026 08:20:00 +0900"
대미투자,“합의 안 하면 두 배”…美 압박 속 알래스카 LNG 셈법 복잡,김정관 산업통상부 장관이 지난 1일 세종시 정부세종청사에서 트럼프 대통령의 대미투자 일방 발표에 대한 정부의 입장을 밝히기 위해 브리핑실에 입장하고 있다. / 사진 제공=뉴스1한미가 대미 전략투자 사업을... ,https://news.mtn.co.kr/news-detail/2026100212562975136,https://news.mtn.co.kr/news-detail/2026100212562975136,"Sun, 04 Oct 2026 08:04:00 +0900"
대미투자,"&quot;누구도 내 기록 근접 못해&quot;…트럼프, 알래스카 표심 총력전",트럼프 대통령의 발언은 한국 정부가 참여를 확정하지 않은 알래스카 액화천연가스(LNG) 개발 사업에 한국의 대미 투자 자금이 들어갈 것이라고 트럼프 행정부가 일방적으로 발표한 상황에서 나왔다. 지난달 30일 트럼프... ,https://www.hankyung.com/article/2026100421167,https://n.news.naver.com/mnews/article/015/0005338931?sid=104,"Sun, 04 Oct 2026 08:03:00 +0900"
대미투자,[기고]트럼프에게 중간선거 이후 ‘공격의 창’이 열리는가?…김태준의...,경제적으로는 동맹국의 대미투자 확대와 비축유 방출 등을 통해 유권자의 경제적 부담을 완화하면서 에너지 충격이 국내 정치적 부담으로 확산되는 것을 억제하려 하고 있다. 반면 이란은 호르무즈에서 거부능력을... ,https://www.munhwa.com/article/11621288?ref=naver,https://n.news.naver.com/mnews/article/021/0002822949?sid=100,"Sun, 04 Oct 2026 08:00:00 +0900"
대미투자,"한미, 핵잠 협력·전작권 전환 속도 낸다…11월 APEC 주목받는 이유","9월22일 정상회담은 대미 투자 협의가 막판에 진전되면서 성사된 '깜짝 회담'이었다. 한국 정부에 따르면, 양국 정상은 약 30분간 진행된 회담에서 핵추진잠수함 연료 문제와 우라늄 농축·사용후핵연료 재처리, 전시작전권... ",https://www.sisajournal.com/news/articleView.html?idxno=388817,https://n.news.naver.com/mnews/article/586/0000139393?sid=104,"Sun, 04 Oct 2026 08:00:00 +0900"
대미투자,"두산, 가스터빈·원전·AI 소재 '3각 수혜' 기대…美 에너지 투자판 커진...",도널드 트럼프 미국 대통령은 지난달 30일(현지시각) 백악관에서 한국의 대미 투자와 관련해 미국 내 대형 원전 8기 건설 계획을 공개했다. 한국과 미국은 최대 1200억 달러를 투입해 웨스팅하우스 AP1000 6기와 한국형... ,http://www.popcornnews.net/news/articleView.html?idxno=134796,http://www.popcornnews.net/news/articleView.html?idxno=134796,"Sun, 04 Oct 2026 08:00:00 +0900"
대미투자,"여야, 국감 체제 돌입…대법관 공백·검찰개혁 공방",전날 발표된 대미 전략 투자 프로젝트 추진 계획도 국감 테이블에 오를 전망이다. 야당은 협상 과정의 투명성을 문제 삼고 있다. 이에 김 대표는 &quot;건설적 비판은 겸허하게 수용하겠다&quot;면서도 &quot;무분별한 비공개 협상 내용의... ,https://www.etoday.co.kr/news/view/2632109,https://www.etoday.co.kr/news/view/2632109,"Sun, 04 Oct 2026 08:00:00 +0900"
대미투자,"트럼프 '알래스카 LNG' 일방 발표에 날개 단 철강·원전주, 변동성 주의...",도널드 트럼프 미국 대통령은 지난달 30일(현지시간) 백악관 집무실에서 한국의 대미투자와 관련해 최대 2000억달러 규모의 투자가 에너지 인프라 사업에 투입될 것이라며 6GW 규모 발전시설과 대형 원전 8기... ,https://www.newsway.co.kr/news/view?ud=2026100214544607479,https://www.newsway.co.kr/news/view?ud=2026100214544607479,"Sun, 04 Oct 2026 07:50:00 +0900"
대미투자,"트럼프, &quot;합의 안 하면 두 배로 올린다&quot;…알래스카 LNG 두고 또 관세 압...","트럼프 대통령은 올해 1월 26일 한국 국회에서 대미투자특별법 처리가 지연되자, 한국에 대한 상호관세를 15%에서 25%로 다시 올리겠다고 공개적으로 압박했다. 당시에도 대미 투자를 둘러싼 국내 입법 절차를 사실상... ",http://www.newsroad.co.kr/news/articleView.html?idxno=65262,http://www.newsroad.co.kr/news/articleView.html?idxno=65262,"Sun, 04 Oct 2026 07:30:00 +0900"
대미투자,'2년차' 李정부 국감 개막…'민생 우선' vs '실정 검증' 충돌예고,"알래스카 LNG 프로젝트를 비롯한 대미 투자 협상, 고물가·고금리, 미래대응기금 신설, 노란봉투법 등도 국감 공세의 표적이다. 나아가 6·3 지방선거 투표용지 부족 사태와 중앙선거관리위원회 개혁 문제 등도 집중적으로... ",https://www.slist.kr/news/articleView.html?idxno=770878,https://www.slist.kr/news/articleView.html?idxno=770878,"Sun, 04 Oct 2026 07:28:00 +0900"
대미투자,"&quot;이재명 정부 2년 차 국감 막 오른다&quot;…여야, 총력전 예고","알래스카 LNG 프로젝트를 비롯한 대미 투자 협상, 고물가·고금리, 미래대응기금 신설, 노란봉투법 등도 국감 공세의 표적이다. 국민의힘은 나아가 6·3 지방선거 투표용지 부족 사태와 중앙선거관리위원회 개혁 문제 등도... ",https://www.jnilbo.com/news/articleView.html?idxno=90000070759,https://www.jnilbo.com/news/articleView.html?idxno=90000070759,"Sun, 04 Oct 2026 07:25:00 +0900"
대미투자,&quot;트럼프 압박 vs 상업적 합리성&quot;…한국 대미투자 출발부터 암초,한국의 대미투자가 이달 초 양국의 프로젝트 공식 발표와 함께 본격적으로 시동을 걸었지만 출발부터 암초를 만났다. 도널드 트럼프 미국 대통령이 한국의 알래스카 액화천연가스(LNG) 프로젝트 투자 참여를 일방적으로... ,https://www.jnilbo.com/news/articleView.html?idxno=90000070755,https://www.jnilbo.com/news/articleView.html?idxno=90000070755,"Sun, 04 Oct 2026 07:12:00 +0900"
대미투자,베일 벗은 2000억 달러 '대미투자'…텍사스 발전소부터 원전·LNG까지 [헤...,대미투자 1호 사업으로는 미국 텍사스주에 인공지능(AI) 데이터센터용 가스복합화력발전소를 건설하기로 했다. 미국 내 대형 원전 8기 건설에도 큰 틀에서 합의했다. 알래스카 액화천연가스(LNG) 개발 사업은 검토에... ,https://www.ddaily.co.kr/page/view/2026100223392844566,https://n.news.naver.com/mnews/article/138/0002243602?sid=101,"Sun, 04 Oct 2026 07:00:00 +0900"
대미투자,李정부 2년차 국감 개막…'민생 우선' vs '실정 검증' 충돌예고,"알래스카 LNG 프로젝트를 비롯한 대미 투자 협상, 고물가·고금리, 미래대응기금 신설, 노란봉투법 등도 국감 공세의 표적이다. 국민의힘은 나아가 6·3 지방선거 투표용지 부족 사태와 중앙선거관리위원회 개혁 문제 등도... ",https://www.yna.co.kr/view/AKR20261003045000001?input=1195m,https://n.news.naver.com/mnews/article/001/0016356229?sid=100,"Sun, 04 Oct 2026 07:00:00 +0900"
대미투자,韓에 '알래스카 LNG 투자' 압박하더니…트럼프 &quot;내가 역사상 가장 많이...,한국 정부가 아직 투자 여부를 결정하지 않은 알래스카 액화천연가스(LNG) 개발 사업에 한국의 대미 투자 자금이 투입될 것이라고 미국 측이 발표한 가운데 나온 발언이다. 트럼프 대통령은 3일(현지시간) 자신의... ,https://www.imaeil.com/page/view/2026100406392831622,https://n.news.naver.com/mnews/article/088/0001032053?sid=104,"Sun, 04 Oct 2026 06:54:00 +0900"
대미투자,"첫 대미투자 24억달러, 외화자산 활용…원전 100억달러는 사업성 검토 후...",정부가 첫 대미투자금 24억 달러(약 3조 2600억 원)를 한국은행과 외국환평형기금이 보유한 외화자산으로 마련해 미국에 송금한 것으로 확인됐다. 대미투자 1호 사업인 미국 텍사스 엔시날 가스복합화력발전소 건설에... ,https://www.news1.kr/economy/trend/6309469,https://n.news.naver.com/mnews/article/421/0009208580?sid=101,"Sun, 04 Oct 2026 06:30:00 +0900"
대미투자,초과세수 63조 국감 도마 위…AMRO도 '3%대 성장' 낼까[재경부·기획처 ...,이형일 부총리 겸 재정경제부 장관(왼쪽)이 지난달 26일 국회에서 열린 재정경제기획위원회 전체 회의에 출석해 지난 주 국회에 보고한 대미 투자와 관련한 진행 경과에 대해 설명하고 있다.(사진=연합뉴스) 6일... ,https://www.edaily.co.kr/News/Read?newsId=01095526645609640&mediaCodeNo=257&utm_source=naver&utm_medium=referral&utm_campaign=news_syndication&utm_content=original_article,https://n.news.naver.com/mnews/article/018/0006380604?sid=101,"Sun, 04 Oct 2026 06:02:00 +0900"
대미투자,"트럼프 압박까지…대미투자, 알래스카 LNG 암초에 산 넘어 산",한국 참여 밀어붙이는 트럼프…한미 온도 차에 협상 난항 1호 텍사스 가스발전·'큰 틀 합의' 원전 사업도 쟁점 남아 한국의 대미투자가 이달 초 양국의 프로젝트 공식 발표와 함께 본격적으로 시동을 걸었지만 출발부터... ,https://www.yna.co.kr/view/AKR20260923183200003?input=1195m,https://n.news.naver.com/mnews/article/001/0016356178?sid=101,"Sun, 04 Oct 2026 05:55:00 +0900"
대미투자,[핫이슈] 美 랜드 &quot;전투함 해외건조 정치적 장벽…'보조함·MRO'부터 협력...,"아울러 한국 조선사들의 실질적인 대미 투자를 유도하려면 미국의 변덕스러운 함정 조달 계획을 정비해 수요 예측성을 높이고, 숙련공 비자 및 기술 보호 규제를 선제적으로 완화해야 한다고 지적했다. 미국의 대표적... ",https://www.the-today.com/news/articleView.html?idxno=91164,https://www.the-today.com/news/articleView.html?idxno=91164,"Sun, 04 Oct 2026 05:32:00 +0900"
대미투자,반세기 만에 '역수출'...세계 시장 주도하는 K-원전,"대미투자 사업 중 하나인 원전 프로젝트를 통해 우리나라는 반세기 만에 미국에 원전을 역수출하는 나라가 됐습니다. 미국에 짓는 원전 8기 가운데 2기는 한국형 원전으로 짓기로 했는데, 기술 자립부터 글로벌... ",https://www.ytn.co.kr/_ln/0102_202610040525594074,https://n.news.naver.com/mnews/article/052/0002414506?sid=101,"Sun, 04 Oct 2026 05:25:00 +0900"
대미투자,트럼프 “알래스카에 인류 역사상 누구보다 많은 것 가져와”,한국 정부가 투자 참여를 확정하지 않은 알래스카 액화천연가스(LNG) 개발 사업에 한국의 대미 투자 자금이 투입될 것이라고 트럼프 행정부가 일방적으로 발표한 상황에서 나온 발언이어서 주목됩니다. 트럼프 대통령은... ,https://news.kbs.co.kr/news/pc/view/view.do?ncd=8677313&ref=A,https://n.news.naver.com/mnews/article/056/0012267555?sid=104,"Sun, 04 Oct 2026 05:16:00 +0900"
대미투자,트럼프 알래스카 뒤끝…“한국이 합의 안했대? 두배 올릴 것”,"대미 투자 사업 선정으로 잦아드는 듯했던 한·미 간 통상 갈등이 다시 불거질지 주목된다. 트럼프는 지난 2일(현지시간) 백악관에서 기자들과 만나 ‘한국은 알래스카 LNG 사업에 합의하지 않았다고 하는데, 너무... ",https://www.joongang.co.kr/article/25466941,https://n.news.naver.com/mnews/article/025/0003555565?sid=104,"Sun, 04 Oct 2026 05:16:00 +0900"
대미투자,산업부 국감 핵심 쟁점은⋯대미투자 검증·메가프로젝트 공방 예고,가장 큰 도마 위에 오를 사안은 이달 1일 한미 양국이 확정 발표한 대미투자 프로젝트다. 양국은 총사업비 223억 달러(설비용량 약 6.4~6.5GW 규모)를 투입해 텍사스주 엔시날 지역에 인공지능(AI) 데이터센터용... ,https://www.etoday.co.kr/news/view/2632266,https://www.etoday.co.kr/news/view/2632266,"Sun, 04 Oct 2026 05:00:00 +0900"
대미투자,북미 대화 가능성은 '솔솔'·한반도는 '강 대 강'…복잡해진 셈법[한반...,"오히려 트럼프 대통령은 아직 합의되지 않은 한국의 대미 투자 사업을 '확정안'이라고 주장하거나, 한국이 자신이 원하는대로 투자를 이행하지 않으면 '두 배'의 투자금을 청구하겠다는 으름장을 놓으면서 우리를... ",https://www.news1.kr/diplomacy/defense-diplomacy/6309869,https://n.news.naver.com/mnews/article/421/0009208545?sid=100,"Sun, 04 Oct 2026 05:00:00 +0900"
대미투자,트럼프 &quot;알래스카에 누구보다 많은 것 가져와&quot;…LNG 사업 염두?,트럼프 대통령은 지난달 30일 한국의 2천억 달러 규모 에너지 분야 대미 투자 프로젝트를 발표하면서 한국이 알래스카 LNG 사업에 500억 달러 규모로 투자하기로 했다고 발표했습니다. 한국 정부는 투자 여부가 결정된 적이... ,https://news.sbs.co.kr/news/endPage.do?news_id=N1008782223&plink=ORI&cooper=NAVER,https://n.news.naver.com/mnews/article/055/0001392986?sid=104,"Sun, 04 Oct 2026 04:50:00 +0900"
대미투자,트럼프 &quot;알래스카서 누구보다 많은 것 가져와&quot;,트럼프 대통령은 지난달 30일 한국의 2천억 달러 규모 에너지 분야 대미 투자 프로젝트를 발표하면서 한국이 알래스카 LNG 사업에 500억 달러 규모로 투자하기로 했다고 발표했지만 우리 정부는 투자 여부가 결정된 적이... ,https://www.ytn.co.kr/_ln/0104_202610040426399485,https://n.news.naver.com/mnews/article/052/0002414485?sid=104,"Sun, 04 Oct 2026 04:26:00 +0900"
대미투자,트럼프 “알래스카에 역사상 최대 성과” 자화자찬에도… 민주당과 ‘경...,앞서 트럼프 대통령은 지난달 30일 한국의 2000억달러 규모의 에너지 대미 투자 프로젝트 중 50억달러가 알래스카 LNG 사업에 투입될 것이라고 발표했지만 한국 정부는 투자 여부가 결정된 바 없다고 선을 그었다. 이에... ,https://www.dt.co.kr/article/12087259?ref=naver,https://n.news.naver.com/mnews/article/029/0003051277?sid=104,"Sun, 04 Oct 2026 03:30:00 +0900"
전략수출금융기금,초과세수 63조 국감 도마 위…AMRO도 '3%대 성장' 낼까[재경부·기획처 ...,"재추계에 따라 미래대응기금에 적립할 수 있는 최대 금액은 내국세 증가분인 56조 2000억원으로, 내년... 및 수출금융 설명회 개최 16:30 전략경제자문단 양자보안분과 현장방문 ◇8일(목) 12:00 2026년 쌀... ",https://www.edaily.co.kr/News/Read?newsId=01095526645609640&mediaCodeNo=257&utm_source=naver&utm_medium=referral&utm_campaign=news_syndication&utm_content=original_article,https://n.news.naver.com/mnews/article/018/0006380604?sid=101,"Sun, 04 Oct 2026 06:02:00 +0900"
전략수출금융기금,"단기 4359년 개천절, ‘애국투자펀드’ 성과는? [마켓시그널]",2019년 일본의 3대 반도체 핵심 소재 수출 규제에 맞서 소재·부품·장비 자립을 지원하기 위해 설정된 이 펀드는 운용보수의 50%를 소부장 관련 대학·연구기관 장학금 및 연구개발 기금으로 적립한다. 핵심 소재... ,https://www.sedaily.com/article/20097889?ref=naver,https://n.news.naver.com/mnews/article/011/0004668004?sid=101,"Sat, 03 Oct 2026 16:01:00 +0900"
전략수출금융기금,월드 뉴스 브리프 (기준일시: 2026년 10월 03일 토요일 10:00),성장과 금융시장 안정성을 결정하는 핵심 요인으로 작용할 전망이다. 5. 독일 올해 성장률 1% 전망…분데스방크 기존 전망의 두 배로 상향 가능성 제시 독일 경제가 예상보다 강한 수출과 정부투자에 힘입어 올해 약 1... ,http://www.ifs.or.kr/bbs/board.php?bo_table=globalnewsfocus&wr_id=483,http://www.ifs.or.kr/bbs/board.php?bo_table=globalnewsfocus&wr_id=483,"Sat, 03 Oct 2026 16:00:00 +0900"
전략수출금융기금,양모·광물에 기댔던 호주가 찍은 '새 먹거리'… 글로벌 AI 기업이 몰려...,시드니대 미국학연구센터의 전략기술 총책임자인 그는 호주 내무부 AI 전략 부서에 일하며 국가... 그덕에 오랜 기간 양모·광물 수출에 기댔던 호주에 데이터센터가 새 먹거리로 안착할 거란 장밋빛 전망이... ,https://www.hankookilbo.com/news/article/A2026091014080005828?did=NA,https://n.news.naver.com/mnews/article/469/0000957498?sid=103,"Sat, 03 Oct 2026 11:00:00 +0900"
전략수출금융기금,첫 수출 17년 만에 '종주국' 美 문 열었다…K원전 새 분기점,"양국은 한미전략투자 기금 최대 1200억 달러를 활용해 미국 내 대형원전 8기를 건설하는 기본 계획을... 향후 부지와 사업 일정, 상업적 조건 등이 구체화되면 원전 공기업과 수출금융기관, 시공사, 기자재 업체... ",https://www.newsis.com/view/NISX20261002_0003812579,https://n.news.naver.com/mnews/article/003/0014231346?sid=101,"Sat, 03 Oct 2026 08:00:00 +0900"
전략수출금융기금,美고용 부진에 금리인상 우려 완화...나스닥 장중 최고치 [데일리국제금...,시카고상품거래소(CME) 페드워치에 따르면 이날 미국 연방기금금리선물시장은 연준이 이달 FOMC... 도널드 트럼프 미국 대통령은 경유 가격 안정을 위해 유럽이 전략비축유를 방출하지 않으면 경유 수출을... ,https://www.sedaily.com/article/20097861?ref=naver,https://n.news.naver.com/mnews/article/011/0004667919?sid=104,"Sat, 03 Oct 2026 07:02:00 +0900"
전략수출금융기금,이형일 부총리 국회 예방...조정식 “민생 체감 중요” 장동혁 “재정준...,"조 의장은 이 부총리의 취임을 축하하며 &quot;반도체 호황과 수출 실적 개선 등에 힘입어 국회예산정책처가 올해... 대출·금융, 세제 정책을 종합적으로 조율해야 한다고 강조했다. 이어 &quot;투기는 억제하고 실수요자는... ",https://www.m-economynews.com/news/article.html?no=71302,https://www.m-economynews.com/news/article.html?no=71302,"Fri, 02 Oct 2026 17:56:00 +0900"
전략수출금융기금,"美 원전 8기 '발주 시계' 돈다…두산에너빌리티, AP1000·SMR 쌍끌이 기대","2일 산업통상부에 따르면 한국과 미국은 한미전략투자기금 중 최대 1200억달러를 활용해 미국에 대형원전... 향후 상업적 합리성 검토와 인허가, 금융조달 등 후속 절차를 거쳐야 한다. 그럼에도 국내 원전업계가... ",https://www.econovill.com/news/articleView.html?idxno=752628,https://www.econovill.com/news/articleView.html?idxno=752628,"Fri, 02 Oct 2026 17:06:00 +0900"
전략수출금융기금,"‘美 원전 8기’ 큰 그림 나왔다…한국형 APR1400, 미국 시장 진출","투자 재원은 한미 전략투자기금 2000억달러 가운데 1200억달러가 배정된다. 이 중 1000억달러는 원전 건설비... 구체적인 사업 조건이 제시되면 원전 공기업과 수출금융기관, 시공사, 기자재사 등이 협의체를 구성해... ",https://www.news2day.co.kr/article/20261001500324,https://www.news2day.co.kr/article/20261001500324,"Fri, 02 Oct 2026 15:10:00 +0900"
전략수출금융기금,"[기획] 韓・美, 1200억 달러 원전 투자 구상 발표…한국 원전 산업에 무...","승인, 금융조달 등을 전제로 한다고 밝혔다. 앞으로의 판단 기준은 이 조건들이 구체화되는 과정에서 한국... 정부 설명에는 투자 상한을 초과하더라도 전략투자기금에서 추가 비용을 지원하지 않는다는 내용과... ",http://www.knpnews.com/news/articleView.html?idxno=34608,http://www.knpnews.com/news/articleView.html?idxno=34608,"Fri, 02 Oct 2026 14:46:00 +0900"
전략수출금융기금,"대미투자 성패 열쇠 쥔 원전 8기, 한국기업에 열린 기회 어디까지","공기업과 수출 금융기관, 시공사, 기자재사 등이 협의체를 조기에 구성해 제안서 작성부터 이행계획 수립과 입찰서 준비, 인허가 대응까지 적기에 추진한다는 계획이다. 김창희 산업부 원전전략기획관은 “한국의... ",https://biz.heraldcorp.com/article/10891921?ref=naver,https://n.news.naver.com/mnews/article/016/0002704937?sid=101,"Fri, 02 Oct 2026 14:43:00 +0900"
전략수출금융기금,"전략수출기금 국회 문턱에…정부, 상생기여금 '절충' 고심",정부가 방산·원전 등 대규모 수출을 지원하기 위해 추진하는 전략수출금융기금의 국회 통과를 위해 '전략수출상생기여금'을 낮추는 절충안을 검토하고 있다. 필요할 경우 기여금 조항 자체를 없애는 방안도 선택지에... ,https://www.newspim.com/news/view/20261002000790,https://www.newspim.com/news/view/20261002000790,"Fri, 02 Oct 2026 14:24:00 +0900"
전략수출금융기금,원자력학회 &quot;韓美 원전 협력 환영…사업 조건 투명하게 공개해야&quot;,"위한 전략을 제시했다. 이번 합의에 따르면 한미 양국은 한국의 대미 투자기금을 활용해 미국 내에 한국형... 학회는 미국이 세계 최고 수준의 원전 원천기술과 인허가 체계, 금융과 시장 기반을 갖추고 있지만 건설... ",https://www.dongascience.com/news/view/80169,https://n.news.naver.com/mnews/article/584/0000039542?sid=105,"Fri, 02 Oct 2026 14:18:00 +0900"
전략수출금융기금,"美 본토에 첫 K원전…업계 “새 이정표”, 남은 과제는","(사진=한국전력) 2일 원자력업계에 따르면, 한·미 양국이 대미 전략투자 기금을 활용해 미국 내 한국형... 미국은 원천기술과 인허가·금융·시장 기반을 갖춘 반면 오랜 신규 원전 건설 공백으로 공급망과 사업수행... ",https://www.edaily.co.kr/News/Read?newsId=03834326645608984&mediaCodeNo=257&utm_source=naver&utm_medium=referral&utm_campaign=news_syndication&utm_content=original_article,https://n.news.naver.com/mnews/article/018/0006379566?sid=101,"Fri, 02 Oct 2026 13:28:00 +0900"
동남권투자공사,"부산시, 국비·디자인·초광역 연대로 미래 성장판 키운다","공공기관 2차 지방 이전과 북항 복합형 돔 아레나 조성, 동남권투자공사 설립, 안전한 먹는 물 공급체계 구축 등 지역 핵심 현안에 대한 지원도 요청했다. 부산시는 앞서 지난 9월 2일 국민의힘 부산시당과... ",https://www.industrynews.co.kr/news/articleView.html?idxno=86983,https://www.industrynews.co.kr/news/articleView.html?idxno=86983,"Sun, 04 Oct 2026 01:32:00 +0900"
동남권투자공사,"부산시, 더불어민주당 중앙당과 예산정책협의회 열어... 2027년도 주요 국...","조성, 동남권 투자공사 설립 등 부산의 주요 현안을 핵심 안건으로 올렸다. 또 부산시는 차세대 전력반도체 생산 플랫폼 구축에 99억원, 국립 양자혁신센터 설립에 5억원, 국산 복합소재 기반 차세대 항공기 대형 동체... ",https://www.getnews.co.kr/news/articleView.html?idxno=882548,https://www.getnews.co.kr/news/articleView.html?idxno=882548,"Sat, 03 Oct 2026 10:26:00 +0900"
동남권투자공사,"부산진해경자청, ‘신항만 탄소 중립 생태계 포럼’ 개최","경자청은 항만·공항·철도를 잇는 Tri-Port 물류 인프라와 동남권 제조업 기반을 바탕으로 관련 기술의 실증과 사업화, 투자 유치를 추진하고 있다. 경자청은 2025년 하반기부터 부산항만공사, 한국생산기술연구원... ",http://www.metroseoul.co.kr/article/20261002500324,http://www.metroseoul.co.kr/article/20261002500324,"Sat, 03 Oct 2026 09:44:00 +0900"
동남권투자공사,부산시-민주당 지도부 예산정책협의…가덕신공항·북항 돔 등 현안 논의,"회의에서는 가덕도신공항을 비롯해 공공기관 2차 이전, 북항 복합형 돔 아레나, 동남권 투자공사, 경부선 구포~부전 구간 철도 지하화 등이 주요 안건으로 다뤄졌다. 북극항로 시대에 대비한 해양·물류 기반 확충과... ",https://www.mhns.co.kr/news/articleView.html?idxno=762688,https://www.mhns.co.kr/news/articleView.html?idxno=762688,"Sat, 03 Oct 2026 09:22:00 +0900"
동남권투자공사,"부산진해경제자유구역청, 신항만 탄소중립 산업 키운다…7개 기관 협력","확대, 투자유치까지 연결하는 산업정책 성격이 강하다. 박성호 부산진해경제자유구역청장은 &quot;해양수산부·부산항만공사 등 관계기관과 긴밀한 협력으로 항만 분야의 정책과 운영에 힘쓰는 한편, 부산진해경제자유구역의... ",http://www.newstown.co.kr/news/articleView.html?idxno=717594,http://www.newstown.co.kr/news/articleView.html?idxno=717594,"Sat, 03 Oct 2026 01:19:00 +0900"
동남권투자공사,"부산진해경자청, 신항만 탄소중립 산업생태계 조성 논의",부산항신항의 물류 인프라와 동남권 조선·기계·에너지 등 제조업 기반을 활용해 새로운 탄소중립 산업과 비즈니스 모델을 발굴하는 데 초점을 맞췄다. 경자청은 지난해 하반기부터 부산항만공사... ,https://www.kukinews.com/article/view/kuk202610020229,https://www.kukinews.com/article/view/kuk202610020229,"Fri, 02 Oct 2026 23:40:00 +0900"
동남권투자공사,부산시-민주당 예산정책협의회 개최…북항 돔 아레나 화력 집중,"시는 이 자리에서 북항 돔 아레나 사업과 공공기관 2차 지방 이전 추진, 동남권 투자공사 설립, 먹는 물 공급 체계 구축 등 국가 균형발전을 실현하고 해양수도 부산의 도약을 앞당기기 위한 핵심 현안에 대해서도 건의했다.... ",https://www.nocutnews.co.kr/news/6586809?utm_source=naver&utm_medium=article&utm_campaign=20261002092727,https://n.news.naver.com/mnews/article/079/0004195400?sid=102,"Fri, 02 Oct 2026 21:28:00 +0900"
동남권투자공사,"부산진해경자청, 신항만 탄소중립 산업 키운다","특히 기술개발에서 실증과 사업화, 투자유치로 이어지는 연결 구조를 만드는 것이 산업 생태계 구축의 핵심 과제로 제시됐다. 박성호 청장은 &quot;해양수산부·부산항만공사 등 관계기관과 협력해 항만 분야 정책과 운영을... ",https://www.industrynews.co.kr/news/articleView.html?idxno=86973,https://www.industrynews.co.kr/news/articleView.html?idxno=86973,"Fri, 02 Oct 2026 20:22:00 +0900"
동남권투자공사,"김민석 &quot;울산·부산 시정 성공 뒷받침&quot;…민주당, PK 예산 지원 약속","부산시는 가덕도신공항 건설을 비롯해 차세대 전력반도체 생산 플랫폼, 국립 양자혁신센터 등 주요 국비 사업과 공공기관 2차 지방 이전, 북항 복합형 돔 아레나 조성, 동남권투자공사 설립 등에 대한 지원을 요청했다. 김... ",https://www.fnnews.com/news/202610021936274834,https://n.news.naver.com/mnews/article/014/0005584465?sid=100,"Fri, 02 Oct 2026 19:40:00 +0900"
동남권투자공사,"가덕도신공항 2000억 더…부산시, 민주당에 '국비 승부수'","이날 테이블에는 2027년도 주요 국비 사업 10건과 공공기관 2차 지방 이전, 북항 복합형 돔 아레나 조성, 동남권 투자공사 설립 등 부산의 주요 현안이 올랐다. 핵심은 정부 예산안에 포함되지 않은 신규 사업을 국회 심의... ",https://www.fnnews.com/news/202610021928457285,https://n.news.naver.com/mnews/article/014/0005584461?sid=100,"Fri, 02 Oct 2026 19:31:00 +0900"
동남권투자공사,"與, 부산·울산서 예산정책협의… 민주 광역단체장 지원사격","지역 성장 거점 마련을 위한 공공기관 2차 지방 이전과 남부권 글로벌 문화·관광 발전을 견인할 북항 복합형 돔 아레나 조성, 동남권투자공사 설립, 안전한 먹는 물 공급 체계 구축 등이 주요 현안 해결을 위한 지원도... ",https://www.busan.com/view/busan/view.php?code=2026100219243720326,https://n.news.naver.com/mnews/article/082/0001400951?sid=100,"Fri, 02 Oct 2026 19:26:00 +0900"
동남권투자공사,전재수 &quot;해양수도 도약 지원해달라&quot;…민주당 지도부 부산 총출동,"이날 협의회에서는 2027년도 주요 국비 사업 10건과 공공기관 2차 지방 이전, 북항 복합형 돔 아레나 조성, 동남권 투자공사 설립 등 부산의 핵심 현안이 논의됐다. 국비 확보의 주요 과제는 정부 예산안에 반영되지 않은... ",https://www.newsis.com/view/NISX20261002_0003813212,https://n.news.naver.com/mnews/article/003/0014231080?sid=102,"Fri, 02 Oct 2026 19:22:00 +0900"
동남권투자공사,민주당 지도부 부산 집결…김민석 &quot;전재수 당선·해양수도권 중요성 인...,"공공기관 2차 지방 이전을 비롯해 북항 복합형 돔 아레나 조성, 동남권투자공사 설립, 안전한 먹는 물 공급체계 구축 등이 주요 건의사항에 포함됐다. 전 시장은 이날 부산을 수도권에 대응하는 새로운 국가 성장축으로... ",https://www.news1.kr/local/busan-gyeongnam/6309539,https://n.news.naver.com/mnews/article/421/0009207488?sid=102,"Fri, 02 Oct 2026 19:22:00 +0900"
동남권투자공사,"부산진해경제자유구역청, 신항만 탄소중립에서 미래 성장동력 찾는다","인프라와 동남권의 조선·기계·에너지 등 탄탄한 제조산업 기반을 함께 갖추고 있어, 탄소중립 전환... 글로벌 투자유치를 위해 노력하고 있습니다. 특히 경자청은 2025년 하반기부터 부산항만공사, 한국생산기술연구원... ",http://news.lghellovision.net/news/articleView.html?idxno=557174,http://news.lghellovision.net/news/articleView.html?idxno=557174,"Fri, 02 Oct 2026 17:48:00 +0900"
동남권투자공사,"부산진해경자청, 신항 중심 탄소중립 산업 키운다…CCUS·조선기자재 연...",인프라와 동남권의 조선·기계·에너지 제조산업을 갖추고 있다. 경자청은 이를 탄소중립 기술 및 산업과 연결해 관련 기업 육성과 글로벌 투자유치로 확대한다는 구상이다. 이를 위해 지난해 하반기부터 부산항만공사와... ,https://www.viva100.com/article/20261002500710,https://www.viva100.com/article/20261002500710,"Fri, 02 Oct 2026 16:30:00 +0900"
동남권투자공사,"민주, 부산·울산 ‘공들이기’…민선 9기 첫 예산정책협의회",▷공공기관 2차 지방 이전 ▷북항 복합형 돔 아레나 조성 ▷동남권투자공사 설립 ▷안전한 먹는 물 공급체계 구축 등도 건의했다. 전재수 시장은 “부산은 남부권 혁신성장의 거점이자 해양수도로 도약할 중대한... ,https://biz.heraldcorp.com/article/10892093?ref=naver,https://n.news.naver.com/mnews/article/016/0002704981?sid=100,"Fri, 02 Oct 2026 16:19:00 +0900"
동남권투자공사,"부산진해경자청, 신항만 탄소중립 산업·비즈니스 협력방안 논의","부산진해경제자유구역은 부산항신항을 중심으로 항만·공항·철도를 잇는 Tri-Port 물류 인프라와 동남권의... 글로벌 투자유치를 위해 노력하고 있다. 특히 경자청은 2025년 하반기부터 부산항만공사, 한국생산기술연구원... ",https://www.cnbnews.com/news/articleView.html?idxno=1018052,https://www.cnbnews.com/news/articleView.html?idxno=1018052,"Fri, 02 Oct 2026 15:44:00 +0900"
동남권투자공사,"부산진해경자청, 신항만 탄소중립 생태계 조성 포럼","인프라와 동남권의 조선·기계·에너지 등 탄탄한 제조산업 기반을 함께 갖추고 있어 탄소중립 전환... 글로벌 투자유치를 위해 노력하고 있다. 지난해 하반기부터 부산항만공사, 한국생산기술연구원, 한국선급... ",https://www.fnnews.com/news/202610021440315722,https://n.news.naver.com/mnews/article/014/0005584348?sid=101,"Fri, 02 Oct 2026 14:48:00 +0900"
동남권투자공사,"부산항 신항, 탄소중립 산업 거점으로 키운다",동남권에 조선과 기계 에너지 등 제조업 기반도 자리 잡고 있어 탄소중립 전환 과정에서 새로운 산업을... 글로벌 투자유치까지 연결한다는 계획이다. 이를 위해 지난해 하반기부터 부산항만공사 한국생산기술연구원... ,https://view.asiae.co.kr/article/2026100214225547095,https://n.news.naver.com/mnews/article/277/0005824146?sid=102,"Fri, 02 Oct 2026 14:22:00 +0900"
동남권투자공사,[2일 부산시] 동래온천지구 '온천도시' 지정 등,"정책금융기관인 동남권투자공사 설립, 30년간 지속된 물 문제 해결을 위한 안전한 먹는 물 공급체계 구축사업 등이 있다. 한편 시는 9월2일 여당과의 예산정책협의회와 30일 여야정 회의를 통해, 여야를 넘나드는 폭넓은... ",https://www.asiatime.co.kr/article/20261002500117,https://www.asiatime.co.kr/article/20261002500117,"Fri, 02 Oct 2026 13:06:00 +0900"
동남권투자공사,서울 집값 86주 역대 최장 상승…강남·용산은 동반 약세,"[부동산 투자자 관심 뉴스] 1. 86주 최장 기록 썼지만 힘 빠진 서울…강남·용산 동반 약세 핵심 요약: 서울... 강남4구가 포함된 동남권은 5주 연속 낙폭을 키워 이번 주 -0.26%를 기록했으며, 강남구 혼자 6주간 누적 2... ",https://www.sedaily.com/article/20097541?ref=naver,https://n.news.naver.com/mnews/article/011/0004667687?sid=101,"Fri, 02 Oct 2026 12:12:00 +0900"
지방이전,박희승 의원 &quot;전북 GRDP·산업단지 전국 최하위&quot;…공공기관 이전 통한 균...,"정부가 이달 중 공개할 예정인 제2차 공공기관 지방이전과 관련해서는, 박 의원이 지역산업과의 연계 강화를 위해 관련 기관을 특정 지역에 집적하는 방식을 원칙으로 삼고 있다고 설명했다. 또한 박 의원은 집적... ",https://www.gukjenews.com/news/articleView.html?idxno=3712748,https://www.gukjenews.com/news/articleView.html?idxno=3712748,"Sun, 04 Oct 2026 08:56:00 +0900"
지방이전,"아동수당이 청년사업? 200조 세수 증가하는데 복지는 후퇴, 왜?[인터뷰]","대거 이전시키면서 연도별 비교 가능성이 사라졌다는 것이다. &quot;2027년 미래대응기금의 수입 규모는... 중앙정부는 40% 세금 느는데, 지방교부세는 2% 증액? 한편, 중앙정부의 사상 초유 세수 호황인 반면 지방자치단체들은... ",https://www.pressian.com/pages/articles/2026100116061064965?utm_source=naver&utm_medium=search,https://n.news.naver.com/mnews/article/002/0002459482?sid=101,"Sun, 04 Oct 2026 08:55:00 +0900"
지방이전,우울증 치료하려면 이것부터 끊어야…식탁에서 발견한 건강비결 보니,"섭취량을 이전 대비 85% 이상 대폭 줄였다. 3가지 주요 우울증 평가 지표 전반에서 중등도 이상의 뚜렷한... 초가공식품에 다량 첨가된 유화제, 인공 색소, 방부제, 과도한 당분 및 지방은 장내 미생물 생태계를 파괴하고... ",https://www.mk.co.kr/article/12167892,https://n.news.naver.com/mnews/article/009/0005743646?sid=105,"Sun, 04 Oct 2026 08:09:00 +0900"
지방이전,에너지자원공사 울산 유치는 지정학적 이점... 울산항만공사 통합은 딜...,"과거 공공기관 1차 이전 사례처럼 지역 균형발전이라는 명분 하에 진행되는 '나눠먹기식 기계적 배치'나... 이들은 지방정부 중심의 항만당국(PA)이 강력한 자율성을 바탕으로 판을 짜고, 그 안에서 민간 기업들이 자유롭게... ",https://www.fnnews.com/news/202610031956131257,https://n.news.naver.com/mnews/article/014/0005584615?sid=102,"Sun, 04 Oct 2026 08:00:00 +0900"
지방이전,"[한일 미래路] 김재중 &quot;거대 엔터시장이 비행기로 2시간, 안갈 이유 있을...","K팝이란 단어가 알려지기도 전인 2000년대 일본 가요계에서 지방 소규모 행사부터 훑으며 실력, 외모, 일본어... 그는 &quot;일본 음악이 정식으로 개방되기 이전 '길보드'에서 몰래 사 듣던 음악을 부른 분들과 친해진 게 꿈만... ",https://www.yna.co.kr/view/AKR20261002055800005?input=1195m,https://n.news.naver.com/mnews/article/001/0016356267?sid=103,"Sun, 04 Oct 2026 08:00:00 +0900"
지방이전,미래기금 청년계정에 아동기본수당이 왜?…&quot;사업 편성 절반 부적절”,"성장동력, 지방, 교육 및 인재 등 4가지 계정에 담았다. 미래기금은 이례적으로 늘어난 세수를 단년도에... 사업비가 이전연도 3개년 평균 사업비 대비 20% 이상 증가됐을 경우는 미래기금 편성 기준에 부합한다”고... ",https://www.segye.com/newsView/20261002510688?OutUrl=naver,https://n.news.naver.com/mnews/article/022/0004163864?sid=101,"Sun, 04 Oct 2026 07:03:00 +0900"
지방이전,예방에서 해결·치유까지…전문가가 그린 ‘사회안전망’ [예방국가: 위...,예방 중심 사회안전망이 지속되려면 중앙과 지방의 역할 재정립과 함께 중장기적 청사진이 마련돼야... 마지막으로 최준규 실장은 예방 이전과 이후를 아우르는 거시적 구조를 제시했다. 문제 발생 전의... ,https://www.kyeonggi.com/article/20260930580411,https://n.news.naver.com/mnews/article/666/0000125982?sid=101,"Sun, 04 Oct 2026 07:02:00 +0900"
지방이전,"실증 현장 찾아 지방으로…로봇기업, R&amp;D·생산 거점 재편","본사와 생산시설을 함께 이전하는 기업이 있는가 하면 수도권의 영업·소프트웨어 기능은 유지하고 지방에 생산·실증 거점을 두는 다거점 전략도 확산하는 모습이다. 4일 로봇업계에 따르면, 로봇 자동화 전문기업... ",http://www.inews24.com/view/2011591,https://n.news.naver.com/mnews/article/031/0001063351?sid=101,"Sun, 04 Oct 2026 07:01:00 +0900"
지방이전,"[단독] 검찰 사라졌는데…중대재해 55% 송치도 못했다, 수사는 어쩌나",일선 현장의 한 근로감독관 A씨는 &quot;이전에는 같은 사건이라도 다른 시각에서 들여다보기 위해 검찰에서 한... B씨는 &quot;하루에 1건을 매듭짓기도 벅찬데 매일 신규 사건이 2~3건씩 쏟아져 들어온다&quot;며 &quot;특히 지방의 경우... ,http://weekly.chosun.com/news/articleView.html?idxno=55805,https://n.news.naver.com/mnews/article/053/0000061984?sid=102,"Sun, 04 Oct 2026 07:00:00 +0900"
지방이전,무죄 아닌 면소 판결받아도…국가 배상 길 열렸다 [이인혁의 판례 읽기...,"1984년 1월 대구지방법원은 이들에게 유죄를 선고했다. 박 씨에겐 징역 3년에 자격정지 3년이, 함 씨 등... 같은 날 올해 2월 이전 과거사위로부터 진실규명 결정을 받은 피해자가 소멸시효가 지났다는 이유로 국가배상... ",https://magazine.hankyung.com/business/article/202609291655b,https://n.news.naver.com/mnews/article/050/0000111611?sid=101,"Sun, 04 Oct 2026 06:04:00 +0900"
지방이전,"여성 정치 14년, 무엇이 바뀌었나…남인순에게 듣다② [HERSTORY]",법안은 돌봄받을 권리와 돌봄할 권리를 규정하고 국가와 지방자치단체가 이를 보장하도록 하는 내용을 담고... 15대 국회 이전까지만 해도 여성 의원에게 치마 정장은 사실상 관행이었다. 별도의 복장 규정이 있었던 것은... ,https://www.kukinews.com/article/view/kuk202610010239,https://www.kukinews.com/article/view/kuk202610010239,"Sun, 04 Oct 2026 06:02:00 +0900"
지방이전,&quot;바른 시각으로&quot; &quot;박은정은?&quot;…달라진 李의 SNS 문법 [청와대는 지금],"호남 반도체 클러스터에 입주하는 삼성전자, SK하이닉스 직원 주거비 약 2000억원을 세금으로 직접 지원해주는 데 대해 &quot;세금으로 회사에 수조원씩 현금 지원하는 건 괜찮고 지방 이전 기업 직원 주거 지원은 왜 문제냐... ",https://www.hankyung.com/article/202610031738i,https://n.news.naver.com/mnews/article/015/0005338921?sid=100,"Sun, 04 Oct 2026 06:01:00 +0900"
지방이전,"'검찰' 지운 공소청, 90일 유예기간 MBK 등 막판 수사 총력",MBK파트너스 사건은 공소청 전환 전인 10월 2일 이전에 처분할 것이란 관측이 많았다. 그러나 서울중앙지검이... 서울중앙지검(현 서울중앙지방공소청) 범죄수익환수부는 지난 8월 21일 노 전 대통령 부인 김옥숙 여사의... ,https://www.news1.kr/society/court-prosecution/6309669,https://n.news.naver.com/mnews/article/421/0009208556?sid=102,"Sun, 04 Oct 2026 06:00:00 +0900"
지방이전,법에 없는 'NEXT원칙'…재경위 &quot;미래기금 선정 기준 보완해야&quot;,"보고서는 이런 구조에서 계속적적 이전지출이나 일반적인 경상지원 사업까지 미래기금 지원 대상에 들어갈... '성장동력계정'은 산업·과학기술 관련 기금 및 일반회계 연구개발(R&amp;D) 사업과, '지방계정'은... ",https://www.yna.co.kr/view/AKR20261003047300002?input=1195m,https://n.news.naver.com/mnews/article/001/0016356172?sid=101,"Sun, 04 Oct 2026 05:45:00 +0900"
지방이전,재경위 &quot;미래기금 재정통제 약해질 수도…재원 지속성 검토해야&quot;,"부담이 이전되고 중·장기적인 재정운용의 경직성이 높아질 가능성도 있다&quot;고 우려했다. 재경위는 세수 추계가 빗나가는 경우 기금에 반영한 재원과 실제 확보한 세입 사이에 괴리가 생길 수 있으며, 미래대응기금의 지방계... ",https://www.yna.co.kr/view/AKR20261003048600002?input=1195m,https://n.news.naver.com/mnews/article/001/0016356169?sid=101,"Sun, 04 Oct 2026 05:45:00 +0900"
지방이전,"새벽 운동하려고 잠 줄였더니…5시간 이하 수면, 지방간 위험 19%↑",수면 시간이 이전보다 1시간 넘게 줄어든 사람은 수면 시간이 변하지 않은 사람보다 지방간 발생 위험비가 1.24배였다. BMI까지 추가로 보정하면 1.14배로 낮아졌다. ◆체중 고려하니 위험 증가 폭 19%→7% 체중의 영향을... ,https://www.segye.com/newsView/20261004500650?OutUrl=naver,https://n.news.naver.com/mnews/article/022/0004163840?sid=103,"Sun, 04 Oct 2026 05:02:00 +0900"
지방이전,"박희승 &quot;전북, 산업단지·생산 모두 전국 최하위권&quot;",박희승 국회의원 전북의 산업 기반과 경제 규모가 전국 최하위권에 머물고 있는 것으로 나타나면서 이달 중 윤곽이 나올 제2차 공공기관 지방이전에서 전북을 우선 고려해야 한다는 주장이 제기됐다. 박희승 국회의원... ,http://www.jeonmin.co.kr/news/articleView.html?idxno=448026,http://www.jeonmin.co.kr/news/articleView.html?idxno=448026,"Sun, 04 Oct 2026 03:16:00 +0900"
지방이전,"창원시, 기업 자긍심부터 AI 행정·환경 실천까지…도시 경쟁력 새판 짠...","2017년 근로자복지타운으로 옮긴 데 이어 올해 창원상공회의소 1층으로 확대 이전했다. 규모도 기존 104... 교육에서는 AI 시대의 적극행정과 리더십·조직관리, 미래 지방자치단체 대응 전략, 행정 분야 AI 도입 사례 등을... ",https://www.industrynews.co.kr/news/articleView.html?idxno=86985,https://www.industrynews.co.kr/news/articleView.html?idxno=86985,"Sun, 04 Oct 2026 01:32:00 +0900"
지방이전,"부산시, 국비·디자인·초광역 연대로 미래 성장판 키운다","공공기관 2차 지방 이전과 북항 복합형 돔 아레나 조성, 동남권투자공사 설립, 안전한 먹는 물 공급체계 구축 등 지역 핵심 현안에 대한 지원도 요청했다. 부산시는 앞서 지난 9월 2일 국민의힘 부산시당과... ",https://www.industrynews.co.kr/news/articleView.html?idxno=86983,https://www.industrynews.co.kr/news/articleView.html?idxno=86983,"Sun, 04 Oct 2026 01:32:00 +0900"
지방이전,"[기고]사관학교 통합, 더 나은 장교를 길러낼 수 있는가?","최 전 위원장은 통합과 이전은 별개이며 자운대 이전비용은 지방균형발전 차원에서 판단해야 한다고 말한다. 개념적으로는 구분할 수 있지만, 정부가 선택한 정책은 네 학년을 자운대에 모으는 통합이다. 편익은 통합의... ",https://www.munhwa.com/article/11621279?ref=naver,https://n.news.naver.com/mnews/article/021/0002822940?sid=100,"Sat, 03 Oct 2026 23:35:00 +0900"
지방이전,"런던이 너무 강한 나라, 영국은 왜 지방의 힘을 되살리려 하는가?[민교...",지역균형이 모든 지방에 똑같은 처방을 적용하는 정책이어서는 안 되는 이유다. 이 문제는 브렉시트 이전부터 정치권도 인식하고 있었다. 2014년 보수당 재무장관 오즈번(George Osborne)은 '북부 파워하우스(Northern Powerhouse)... ,https://www.pressian.com/pages/articles/2026100115590275957?utm_source=naver&utm_medium=search,https://n.news.naver.com/mnews/article/002/0002459478?sid=102,"Sat, 03 Oct 2026 22:02:00 +0900"
지방이전,[초점] '성능 제한' 광고 기만성 인정한 1심…소비자 배상 청구는 기각,미국 뉴저지 연방지방법원에 제기된 GOS 관련 소송 1건은 2022년 7월 8일 원고 측 자진 취하로 종결됐다. 취하 시점은 집단소송 인증과 피고 측 답변서나 약식판결 신청 송달 이전이었다. 같은 법원에 2022년 4월 8일 제기된... ,http://www.rightknow.co.kr/news/articleView.html?idxno=34890,http://www.rightknow.co.kr/news/articleView.html?idxno=34890,"Sat, 03 Oct 2026 21:38:00 +0900"
지방이전,"김진부 전 경남도의회 의장, 자서전 ‘길, 사람은 기억한다’ 출간","책에서는 도청이 부산에서 창원으로 이전하면서 진주를 비롯한 서부권의 침체와 주민들의 상실감이 커졌던 시기를 회고하고, 이후 지역 발전을 위해 정치에 뛰어든 배경도 소개했다. 김 전 의장은 지방의원으로 활동하며... ",https://www.kukinews.com/article/view/kuk202610030048,https://www.kukinews.com/article/view/kuk202610030048,"Sat, 03 Oct 2026 21:14:00 +0900"
지방이전,"5개 중앙부처 세종 이전 추진...복기왕, 행복도시법 개정 대표발의","외교부와 통일부, 법무부, 국방부, 성평등가족부 등 5개 중앙부처의 세종 이전을 가능하게 하는 법 개정이... 복기왕 의원은 &quot;이재명 대통령의 '경제·행정 2수도 체제' 선언은 수도권 일극 집중을 깨고 지방 시대를 열기... ",http://www.chungnamilbo.co.kr/news/articleView.html?idxno=912980,http://www.chungnamilbo.co.kr/news/articleView.html?idxno=912980,"Sat, 03 Oct 2026 19:56:00 +0900"
지방이전,[안광섭 AI 진테제] 중국의 토큰 그레이마켓...미국AI 정가 10%에 판매,가짜 질문 대신 진짜 손님을 흘려보내다 9월 10일 보고서가 이전 발표와 다른 점은 숫자가 아니라 수법이다.... 딥시크 쪽에서는 한 지방 공안국의 사건관리 시스템을 만들던 엔지니어들이 주민번호로 개인의 이동을... ,https://zdnet.co.kr/view/?no=20261003195105,https://n.news.naver.com/mnews/article/092/0002439770?sid=110,"Sat, 03 Oct 2026 19:51:00 +0900"
지방이전,오세훈·김기현·추경호 줄줄이 선고…국민의힘 덮치는 ‘사법의 가을’...,지방자치단체장과 국회의원 직위 상실로 이어질 수 있는 만큼 ‘국민의힘 사법 리스크의 가을 분수령’이... 김 의원은 김 여사의 지원을 받았다는 주장에 대해서도 이미 이전부터 지지율이 상승하고 있었고 자체적인... ,https://www.sedaily.com/article/20097851?ref=naver,https://n.news.naver.com/mnews/article/011/0004668026?sid=102,"Sat, 03 Oct 2026 19:31:00 +0900"
지방이전,섬 주민은 왜 이런 것까지 알아내야 하는가,"교통과 의료, 돌봄과 물류, 복지와 정주는 서로 다른 행정업무이기 이전에 하나의 삶이다. 지역이 섬을... 조사와 연구뿐 아니라 정책수립 지원, 교육·컨설팅·홍보, 나아가 중앙행정기관과 지방자치단체가 위탁하는... ",https://www.ohmynews.com/NWS_Web/View/at_pg.aspx?CNTN_CD=A0003271291&CMPT_CD=P0010&utm_source=naver&utm_medium=newsearch&utm_campaign=naver_news,https://n.news.naver.com/mnews/article/047/0002531128?sid=102,"Sat, 03 Oct 2026 19:21:00 +0900"
지방이전,"김민석, 장동혁 이어 공공노련 위원장 찾아…&quot;협의 절차 마련&quot;(종합)",정부는 지난달 3일 수도권에 있는 공공기관 350여개를 지방으로 이전하고 109개 공공기관을 통폐합하는 대규모 기능 개혁을 발표했다. 공공노련은 당사자인 기관과 노동조합과의 협의가 배제된 채 정책이 일방적으로... ,https://www.news1.kr/politics/assembly/6309885,https://n.news.naver.com/mnews/article/421/0009208250?sid=100,"Sat, 03 Oct 2026 17:46:00 +0900"
지방이전,[단독 기획]④ 목포대 의대 집행정지 '각하'… 36년 의료 숙원 정부가 답...,"과거 목포역을 임성역으로 이전하려다 무산된 사태에서 드러났듯, 일부 토호 기득권 세력은 자신들의 경제적... 국민이 거주하는 지역이 섬이나 낙후된 지방이라는 이유만으로 제때 치료받을 권리를 박탈당한다면 그것은... ",https://www.newsclaim.co.kr/news/articleView.html?idxno=3077374,https://www.newsclaim.co.kr/news/articleView.html?idxno=3077374,"Sat, 03 Oct 2026 16:42:00 +0900"
지방이전,한 사람이 다시 일어서기까지 움직이는 사람들,"그 과정에는 지역자활센터뿐만 아니라 지방자치단체, 광역자활센터, 한국자활복지개발원, 금융·주거... 자활센터에서 일하면서 '자활'이라는 말을 이전보다 자주 생각하게 됐다. 한자로 풀어보면 스스로 자(自), 살 활(活)... ",https://www.ohmynews.com/NWS_Web/View/at_pg.aspx?CNTN_CD=A0003272385&CMPT_CD=P0010&utm_source=naver&utm_medium=newsearch&utm_campaign=naver_news,https://n.news.naver.com/mnews/article/047/0002531113?sid=102,"Sat, 03 Oct 2026 15:46:00 +0900"
총액인건비,"&quot;유럽엔 사갈 공장이 없다&quot;…시총 1위 ASML, 안방 매출 '0%'의 굴욕","유럽 시가총액 1위 기업인 네덜란드 반도체 장비업체 ASML이 정작 유럽에서는 장비를 한 대도 팔지 못하고... 인건비 격차도 크다. 높은 임금(60%), 상대적으로 낮은 생산성(30%), 짧은 근로시간(10%)이 그 격차를 키웠다는... ",https://www.joongang.co.kr/article/25466876,https://n.news.naver.com/mnews/article/025/0003555503?sid=101,"Sat, 03 Oct 2026 07:31:00 +0900"
총액인건비,"[이슈+] 금융청, 디지털 금융 예산 15배 증액 요구...13억엔대로","금융청 전체 요구 총액은 403억엔으로 전년도 예산보다 134억엔 늘었다. 인건비 200억엔, 물건비 155억엔, 디지털청 일괄계상분 48억엔으로 구성된다. 디지털 금융 시책은 총액 48억엔 규모인 ''강한 경제'를 실현하는 성장... ",http://www.biztribune.co.kr/news/articleView.html?idxno=360050,http://www.biztribune.co.kr/news/articleView.html?idxno=360050,"Sat, 03 Oct 2026 00:18:00 +0900"
총액인건비,[데이터 뉴스룸] 석유화학 업체 50곳 올 상반기 미등기임원 평균 보수 1...,이 회사는 230억 원 상당의 금액을 미등기임원 인건비로 쓰여졌다. 이는 작년 동기간 지급했던 239억 원 수준보다 1년 새 4% 정도 줄어든 수치다. LG화학도 올 상반기에 임원에게 지급한 급여 총액이 213억... ,https://www.greened.kr/news/articleView.html?idxno=351392,https://www.greened.kr/news/articleView.html?idxno=351392,"Fri, 02 Oct 2026 18:23:00 +0900"
총액인건비,&quot;제2의 마트 의무휴업 규제될라&quot;…배달앱 ‘15% 상한’에 쏟아진 경고,첫 발제를 맡은 김태영 중앙대 동북아유통물류연구소 소장은 총액 상한의 구조적 한계를 짚었다. 김 소장은... 이 교수는 “수수료 부담을 호소하는 목소리를 간과해서는 안 된다”면서도 “식재료비·임차료·인건비... ,https://www.edaily.co.kr/News/Read?newsId=05054486645608984&mediaCodeNo=257&utm_source=naver&utm_medium=referral&utm_campaign=news_syndication&utm_content=original_article,https://n.news.naver.com/mnews/article/018/0006379795?sid=101,"Fri, 02 Oct 2026 17:03:00 +0900"
총액인건비,[데이터 뉴스룸] 車업체 50곳 올 상반기 미등기임원 평균 보수 1억5000만...,임원 인건비 규모가 컸다. 이어 현대모비스도 132억 원을 넘어 임원 보수 규모가 100억 원을 넘긴 것으로 조사됐다. 앞서 세 곳을 제외하고 올 상반기 임원 보수 총액이 10억 원 이상되는 곳은 19곳으로... ,https://www.greened.kr/news/articleView.html?idxno=351347,https://www.greened.kr/news/articleView.html?idxno=351347,"Fri, 02 Oct 2026 13:45:00 +0900"
남북협력기금,"“북한의 통일 노선 포기, 한국이 통일 의제 주도할 기회”… ‘2026 원...","동시에 글로벌 차원에서 자유 통일 한국을 위한 포괄적 전략에 대한 협력과 공감대 구축도 필요하다.”... 이어 그는 “한미동맹과 확장억제를 강화하고 북한 비핵화 목표를 견지하는 한편, 통일을 지향하는 남북 간... ",https://weekly.donga.com/3/all/11/6405178/1,https://n.news.naver.com/mnews/article/037/0000038920?sid=100,"Fri, 02 Oct 2026 17:53:00 +0900"
남북협력기금,&quot;우크라이나 사과 거부하면 추가 조치&quot; 경고,"이어 &quot;합의를 인정하고 사과하라 했더니, 도리어 '남북간 군사충돌 임박' 운운하며 한반도 전쟁 발발을... 한국은 우크라이나의 긴급 구호와 복구를 위해 1억달러(약 1500억원)을 지원하고, 대외경제협력기금으로 전력망... ",https://www.koreareport.co.kr/news/articleView.html?idxno=53390,https://www.koreareport.co.kr/news/articleView.html?idxno=53390,"Fri, 02 Oct 2026 16:32:00 +0900"
